lang,doc_key,from_id,to_id,text,author_name,year_birth,year_death,from_placename,from_latitude,from_longitude,from_type,from_type_d,to_placename,to_latitude,to_longitude,to_type,to_type_d,text_long,id_short
cs,0001_0001-0001-0000-0008-0000,Q1497,Q668,od břehů širých otce Missisipi až k Indu,"Albert, Eduard",1841,1900,Mississippi River,29.1536,-89.2508,river,river,India,22.8,83,country,country," plemene lidského jsem poznal , pletě# všech pásem : nejlibější v celém světě –# od břehů širých otce Missisipi# až k Indu , rumem bohatému v letě –# jsem v Bankoku zřel lidské poupě# na dvoře krále Siamského skvělém .# Ač příroda tam krásy dává skoupě ,",cs-9
cs,0036_0001-0000-0000-0001-0002,Q37200,Q584,"od Pyramid k Rýnu , od Gibraltaru k bouřným vlnám Baltu","Breska, Alfons",1873,1946,Great Pyramid of Giza,29.97915,31.13422,default,default,Rhine,47.6662,9.1786,river,river," pak do Španěl , kde pikle s Anglií# se jali osnovat . A vojáci# šli za ním slepě přes moře a řeky ,# přes hory , lesy , od Pyramid k Rýnu ,# od Gibraltaru k bouřným vlnám Baltu ,# a byli by šli třeba na kraj světa# na jeho pokyn . Bez váhání šli ,# rytíři krásní , zhrdajíce smrtí ,",cs-1412
cs,0036_0001-0000-0000-0001-0002,Q1410,Q545,od Gibraltaru k bouřným vlnám Baltu,"Breska, Alfons",1873,1946,Gibraltar,36.14,-5.35,region,land,Baltic Sea,58,20,sea,sea," se jali osnovat . A vojáci# šli za ním slepě přes moře a řeky ,# přes hory , lesy , od Pyramid k Rýnu ,# od Gibraltaru k bouřným vlnám Baltu ,# a byli by šli třeba na kraj světa# na jeho pokyn . Bez váhání šli ,# rytíři krásní , zhrdajíce smrtí ,",cs-1412
cs,0063_0001-0000-0000-0018-0000,Q155975,Q1887287,od Hor Kuten k Malešovu,"Chalupa, František",1857,1890,Kutná Hora,49.948444972662,15.268225887967,city,city,Malešov,49.911073893165,15.224396689347,city,city,,cs-2509
cs,0063_0001-0000-0000-0018-0000,Q155975,Q1085,Od Hor Kuten veden k Praze,"Chalupa, František",1857,1890,Kutná Hora,49.948444972662,15.268225887967,city,city,Prague,50.0875,14.4213888888889,city,city," že Bůh splnil vřelé tužby ,# věren vždycky svaté víře ,# vylil hněv svůj na kacíře .# Od Hor Kuten veden k Praze (# pozoroval Roháč hory# kolem Kaňku , kovkopové# kam metali druhů sbory ,",cs-2509
cs,0067_0001-0003-0000-0012-0000,Q545,Q13924,od Baltu až k Adrii,"Crha, Václav Antonín",1836,1905,Baltic Sea,58,20,sea,sea,Adriatic Sea,42.775833,15.426111,sea,sea," Zářívalo slunce slávy# nad vítěznou Čechií ,# zářívalo českým vlastem# od Baltu až k Adrii :# slunci dána vlast je velká ,# slunci Čechu oslava :# jenom svorně , svorně hájí",cs-3070
cs,0067_0001-0003-0000-0024-0000,Q617511,Q157290,od Sněžky zní po Šumavu,"Crha, Václav Antonín",1836,1905,Sněžka,50.736111111111,15.740277777778,mountain,mountain,Bohemian Forest,49,13.5,mountain,mountain," slavný český bílý lev .# Viň se zdobně kol práporu ,# vínek z českých slíčných děv ,# od Sněžky zní po Šumavu ,# z pod práporu český zpěv .# Marně mlátil hrom i s blesky# do pralesů Šumavy :",cs-3082
cs,0067_0001-0004-0000-0001-0000,Q214644,Q157290,z vlasti a čistit od Krkonoš k Šumavě,"Crha, Václav Antonín",1836,1905,Giant Mountains,50.75,15.583333,mountain,mountain,Bohemian Forest,49,13.5,mountain,mountain," za drahý domov žití v oběť klást ,# dovedli vrahův pikle podvraceti ,# půl světem jako hříčkou třást .# Dovedli vymítati smetí z vlasti# a čistit od Krkonoš k Šumavě ;# hoj ! byli bychom špatní jejich vňuci ,# když bychom nešli taktéž po slávě .# My nejsme bohudík již žádná sekta ,",cs-3088
cs,0067_0001-0004-0000-0001-0000,Q214644,Q157290,od Krkonoš k Šumavě,"Crha, Václav Antonín",1836,1905,Giant Mountains,50.75,15.583333,mountain,mountain,Bohemian Forest,49,13.5,mountain,mountain," dovedli vrahův pikle podvraceti ,# půl světem jako hříčkou třást .# Dovedli vymítati smetí z vlasti# a čistit od Krkonoš k Šumavě ;# hoj ! byli bychom špatní jejich vňuci ,# když bychom nešli taktéž po slávě .# My nejsme bohudík již žádná sekta ,",cs-3088
cs,0085_0001-0000-0000-0005-0000,Q214644,Q13924,"Od Krkonoš , ode Tatry k modrým vlnám Adrie","Dostál-Lutinov, Karel",1871,1923,Giant Mountains,50.75,15.583333,mountain,mountain,Adriatic Sea,42.775833,15.426111,sea,sea," Nerozborný , věrný pluk !# Vírou roste z běd a ran# Slovan – KŘESŤAN – Rakušan .# Od Krkonoš , ode Tatry# k modrým vlnám Adrie# národy chcem jako bratry# v klínu mocné Austrie .# Zvonů hlas zní , uragan :",cs-3911
cs,0085_0001-0000-0000-0005-0000,Q194263,Q13924,ode Tatry k modrým vlnám Adrie,"Dostál-Lutinov, Karel",1871,1923,Tatra Mountains,49.177777777778,19.908333333333,mountain,mountain,Adriatic Sea,42.775833,15.426111,sea,sea," Nerozborný , věrný pluk !# Vírou roste z běd a ran# Slovan – KŘESŤAN – Rakušan .# Od Krkonoš , ode Tatry# k modrým vlnám Adrie# národy chcem jako bratry# v klínu mocné Austrie .# Zvonů hlas zní , uragan :",cs-3911
cs,0085_0001-0003-0000-0002-0000,Q3967,Q222,z Wiedu táh do Albánie,"Dostál-Lutinov, Karel",1871,1923,Neuwied,50.428611111111,7.4613888888889,city,city,Albania,41,20,country,country," Leč , milý brachu , k tomu třeba peněz !# Bez peněz těžko vládnout v říši Švihy ,# i Herben s Macharem jen za peníze hrají .# Než Vilém z Wiedu táh do Albánie ,# dva miliony napřed vypůjčil si !# Mně hnusí se už hnízdo , jež zvem Praha ,# a nejraděj bych zapakoval kufry ,",cs-4100
cs,0091_0001-0000-0000-0006-0000,Q157290,Q1288,od Šumavy až do Karpat,"Dvořák, Xaver",1858,1939,Bohemian Forest,49,13.5,mountain,mountain,Carpathian Mountains,47,25.5,mountain,mountain," zjasní se nad našimi kraji ,# Vlast jedna navždy spojí nás !# Čech , Slovák buď dnes svazek pevný ,# od Šumavy až do Karpat ,# a odpor skrytý nebo zjevný# dovedem my už ušlapat .# Paž k paži , bok se k boku staví ,",cs-4264
cs,0099_0001-0000-0000-0007-0000,Q157290,Q194263,od Šumavy až do Tater,"Dvořák, Xaver",1858,1939,Bohemian Forest,49,13.5,mountain,mountain,Tatra Mountains,49.177777777778,19.908333333333,mountain,mountain," a lkala „ nedej zahynout nám ! “# V Svobody jitru vítězný byl’s země ples ,# jenž do jásotu srdce vznímal ,# od Šumavy až do Tater se mocně nes’# a navždy stigma rabství snímal .# Dnes modlitbou jsi díků našich zas# a dětskou prosbou v zpěvu libém ;",cs-4663
cs,0154_0-0006-0000-0022-0000,Q106274,Q43266,Od Lehnice do Moravy,"Furch, Vincenc",1817,1864,Legnica,51.21006,16.1619,city,city,Moravia,49.5,17,region,land," Marně vrahu odpírají .# U Lehnice tekou proudy ,# V krvi plovou lidské oudy .# Od Lehnice do Moravy# Už se chystá divoch dravý .# Moravo , jak se uchráníš ?# Moravo , jak se ubráníš ?",cs-7709
cs,0154_0-0009-0000-0019-0000,Q37,Q270,Z Litvy zpátky do Varšavy,"Furch, Vincenc",1817,1864,Lithuania,55.2,24,country,country,Warsaw,52.23,21.0111111111111,city,city, Hle pobočník jeho# Svou bambitkou s koně srazil# Vůdce nešťastného ! * )# Z Litvy zpátky do Varšavy# Skrze nepřítele# Prorazil se rek Dembinski,cs-7803
cs,0163_0001-0002-0000-0006-0000,Q214644,Q157290,od našich Krkonoš až k Šumavě,"Geisslová, Irma",1855,1914,Giant Mountains,50.75,15.583333,mountain,mountain,Bohemian Forest,49,13.5,mountain,mountain," v tom naše vzkřísení a naše spása ;# dej nám ji , Hospodine laskavě ,# ať vzlétá orel nadšení a jásá# od našich Krkonoš až k Šumavě !",cs-8182
cs,0172_0001-0002-0000-0012-0000,Q214644,Q157290,Z Krkonošů až k Šumavě,"Havelka, Matěj",1809,1892,Giant Mountains,50.75,15.583333,mountain,mountain,Bohemian Forest,49,13.5,mountain,mountain," Pravdu svatou zvěstujíc :# Staroslavné české jméno# Znova bude oslaveno .# Z Krkonošů až k Šumavě ,# Z Tater do Krušných až hor# Rozléhá se k tvojí slávě# Osmi milionů sbor :",cs-8648
cs,0172_0001-0002-0000-0012-0000,Q194263,Q4198,Z Tater do Krušných,"Havelka, Matěj",1809,1892,Tatra Mountains,49.177777777778,19.908333333333,mountain,mountain,Ore Mountains,50.58333333,13,mountain,mountain," Staroslavné české jméno# Znova bude oslaveno .# Z Krkonošů až k Šumavě ,# Z Tater do Krušných až hor# Rozléhá se k tvojí slávě# Osmi milionů sbor :# Staroslavné české jméno",cs-8648
cs,0179_0001-0000-0000-0001-0008,Q487971,Q671415,z Reichenhallu do Waidringu,"Havlíček Borovský, Karel",1821,1856,Bad Reichenhall,47.724722222222,12.876944444444,city,city,Waidring,47.566666666667,12.566666666667,village,village," a přejděme v heroický tón ,# nebo co ti chci teď vypravovat ,# to byl čertův shon .# Cesta z Reichenhallu do Waidringu –# ty ji musíš také dobře znát –# ta se nedá žádnou ordonancí# přeoktrojovat .",cs-9125
cs,0185_0001-0000-0000-0005-0000,Q14960,Q183111,z Brna po Jihlavu,"Heyduk, Adolf",1835,1923,Brno,49.195277777778,16.608333333333,city,city,Jihlava,49.400277777778,15.590555555556,city,city," Nuž , bych navždy smazal tu i jinou skvrnu ,# Moravu chci míti od hranic až k Brnu .# Nedáš - li jí klidně , pak v čele svých davů# zaberu ji také z Brna po Jihlavu ! “# Zaškareděn Jiří svolal svoje rádce :# „ Ej , zda uposlechnem’ hlasu zeměkrádce ? “# Na to chmurný Tunkl : „ Věru , krásné přání !",cs-9360
cs,0185_0001-0000-0000-0010-0000,Q45898788,Q40,z Novohradska s cháskou dotěravou do Rakous,"Heyduk, Adolf",1835,1923,Novohradsko,48.8081056,14.7723794,region,land,Austria,48,14,country,country," od kamenů , kopí , mečů , per ,# z Novohradska s cháskou dotěravou# do Rakous byl zahnán Dampierre .# Hájilť hradu proti jeho tlumu –# v ňadrech chrabrost , v hlavě ducha vzlet –# hejtman direktorů : Jáchym z Chlumu ,",cs-9365
cs,0186_0001-0001-0000-0016-0000,Q754194,Q217527,z Campanily k Piazzettě,"Heyduk, Adolf",1835,1923,St Mark's Campanile,45.4340277777778,12.3390277777778,default,tower,Piazza San Marco,45.434,12.338,city part,city part," zřím - li k břehům zelenavým , kde se v modru Alpy tratí ,# a myšlének hejno v mysli a mé srdce v čárném květě ,# obrátím - li oko svoje z Campanily k Piazzettě .# Na laguny zřím - li dolů , loď kde křídlem ptáka pluje ,# odkud na břeh zlostná bouře posud lebky vyhazuje .# Na komory olověné , vězen kde svůj prs rozrýval ,",cs-9387
cs,0186_0001-0001-0000-0043-0000,Q76925,Q41,od Lagun až k Řecku,"Heyduk, Adolf",1835,1923,Venetian Lagoon,45.413055555556,12.297222222222,bay,bay,Greece,38.5,23,country,country," s tíží uvěříte moje zdání :# zřel jsem moře , nebylo však mořem ,# od Lagun až k Řecku bylo plání . –# Večer byl , a smutno na náměstí ,# jenom měsíc hleděl matně dolů ,# a my jsme se tiše procházeli ,",cs-9416
cs,0192_0001-0002-0000-0007-0000,Q549849,Q12770704,z Bánovců k Machnáči,"Heyduk, Adolf",1835,1923,Bánovce nad Bebravou,48.718611111111,18.258055555556,city,city,Machnáč,48.744311,18.2337,river,river," z Bánovců k Machnáči .# Pojdi , duško moje ,# vzhůru slunko kráčí .# Nekráčí , ba letí ,",cs-9869
cs,0192_0001-0004-0000-0010-0000,Q213230,Q1653,z Hronce až k Dunaji,"Heyduk, Adolf",1835,1923,Hron,47.8179,18.7417,river,river,Danube,48.0951111111111,8.15488888888889,river,river," za vorem se plaví vor# polehoučku , v polotaji# plave z Hronce až k Dunaji .# Houpavě se nese dál ,# podél strží , podél skal ;# předivně se voda pění ,",cs-9923
cs,0192_0001-0005-0000-0010-0000,Q1780,Q1781,z Prešpurka k Budapešti,"Heyduk, Adolf",1835,1923,Bratislava,48.144722222222,17.112777777778,city,city,Budapest,47.498333333333,19.040833333333,city,city," hútá as a šepce ,# když z Prešpurka k Budapešti# dolů spěchá křepce ?# Zlobí ho , že rodnou mamku# opouští tak ranně ,",cs-9946
cs,0208_0001-0001-0000-0031-0000,Q194263,Q1653,od Tater až po Dunaj krasší,"Heyduk, Adolf",1835,1923,Tatra Mountains,49.177777777778,19.908333333333,mountain,mountain,Danube,48.0951111111111,8.15488888888889,river,river," rovna mladé lani .# Ztepilá je , štíhlá je ,# veselá a ladná ,# od Tater až po Dunaj# krasší není žádná .# Krásná paní Anica# v parku dům má bílý ,# věčité kde jasany",cs-10858
cs,0216_0001-0000-0000-0001-0004,Q26119,Q25409,od Prešova dolů ke Košici,"Heyduk, Adolf",1835,1923,Prešov,49,21.233333333333,city,city,Košice,48.716666666667,21.25,city,city," byly horské proluky a cesty ,# my však jako roztříštěné vlny# dále spěli polem , lesní klestí ,# od Prešova dolů ke Košici ,# v zmrzlých rukou zbraň a jíní v líci .# Chumelice , vichor rozkacený ,# více nežli Klapka třely pluky ,",cs-11190
cs,0216_0001-0000-0000-0001-0012,Q1653,Q2978,od Dunaje k Řeznu,"Heyduk, Adolf",1835,1923,Danube,48.0951111111111,8.15488888888889,river,river,Regensburg,49.0166666666667,12.0833333333333,city,city," Stihal jsem je , – nestih , – marná snaha !# Kdož pak znal ty hadité jich cesty# lesem bavorským a jeho klesty ,# který od Dunaje k Řeznu sáhá !# A tak schvácen , zničen duší , tělem# smrť jsem očekával utrmácen želem .# Teď jsem teprv poznal , jak to hněte ,",cs-11198
cs,0229_0001-0000-0000-0013-0000,Q1085,Q171150,z Prahy do Uher,"Heyduk, Adolf",1835,1923,Prague,50.0875,14.4213888888889,city,city,Kingdom of Hungary,47,19,country,country," však ranních na to chvil# vrah hrozný českou královou# nám v loži zardousil !# K nám vzals ji z Prahy do Uher ,# dnes na věčnosti už ,# s týmž skácela se výděsem# jak Václav její muž ! “",cs-12151
cs,0230_0001-0000-0000-0015-0000,Q373804,Q214956,Od Telče k Znojmu,"Heyduk, Adolf",1835,1923,Telč,49.184229941699,15.452771068011,city,city,Znojmo,48.855540667876,16.048796054219,city,city,"Od Telče k Znojmu nesen král# i nutí průvod v spěch ,# hned vystřídán je mužem muž# a družstvo má se v jech .",cs-12166
cs,0236_0001-0000-0000-0003-0002,Q1015282,Q213,z Falkenštýna ; na rychlo do Čech,"Heyduk, Adolf",1835,1923,Burg Falkenstein an der Ranna,48.4939,13.7825,castle/fort,castle ruin,Czech Republic,50,15,country,country," blíž posvátného Týna ,# se zjevil s pyšnou družinou# pan Záviš z Falkenštýna ;# na rychlo do Čech přiklusal ,# na rychlo , časně z rána ,# kůň rudou pěnou potřísněn# i statného šat pána ,",cs-12475
cs,0236_0001-0000-0000-0022-0000,Q616317,Q518360,"z Bedružic , vzhůru již k Bílinské tvrzi","Heyduk, Adolf",1835,1923,Bezdružice,49.907353061714,12.97116813512,city,city,Bílina,50.548631074934,13.775445246997,city,city," ozdravím , oči až spatří ,# jak hoří čeští bratří .# Viz jen , dle úmluv jdou nám vstříc# Gutstein a Jiří z Bedružic ,# vzhůru již k Bílinské tvrzi ;# zdráv budu , věru brzy ! “ –# Klusali ruče dál a dál ;# pán Koldic na pavlanu stál .",cs-12495
cs,0237_0001-0001-0000-0004-0000,Q191687,Q85,z Heljopole kráčí do Kahiry,"Heyduk, Adolf",1835,1923,Heliopolis,30.129527777778,31.288888888889,ancient city,ancient city,Cairo,30.0444444444444,31.2358333333333,city,city," ni krůpěj nelze nalézt sladké vody .# Tak vypravuje Kopt , muž Krista víry ,# pln zbožnosti těm putujícím k vděku ,# již z Heljopole kráčí do Kahiry ,# kde v písku sfinx spí přes čtyřicet věků# a divý chamsin tajemnými slovy",cs-12506
cs,0237_0001-0002-0000-0006-0000,Q1741,Q1085,z Vídně k Praze,"Heyduk, Adolf",1835,1923,Vienna,48.2083333333333,16.3725,city,city,Prague,50.0875,14.4213888888889,city,city," Nedbá mistr , neví , co syn robí ,# vzdychá jenom , kalný zrak se mračí ,# mluví polohlasem : „ Hrozné doby !# Smrtná pomsta z Vídně k Praze kráčí ;# děs a hrůza ze dne ke dni vzrůstá ,# v žhavé krvi tone země pustá !# Zítra však , ó běda , z toho vření ,",cs-12517
cs,0237_0001-0002-0000-0007-0000,Q1008750,Q193719,Ze Stříbra juž tajnými jsem slovy do Chebu,"Heyduk, Adolf",1835,1923,Stříbro,49.753048391098,13.004146255782,city,city,Cheb,50.079759165169,12.373995588434,city,city," v , achtu‘ Friedlandský je zemězrádce ,# orel vojsk , leč nad tou vaší hlavou# v duchu vidím káň už krákoravou .# Ze Stříbra juž tajnými jsem slovy# do Chebu psal listy Gordonovi ;# proč ta malá nadcházka vás leká ?# Důvěrník můj od rána juž čeká .# Čeká , vím , vždyť desátá už padla ,",cs-12518
cs,0242_0001-0000-0000-0001-0006,Q934703,Q1113619,Od Kouřimi k Lipanům,"Heyduk, Adolf",1835,1923,Kouřim,50.003119975612,14.977096015946,city,city,Lipany,50.03472222,14.93916667,village,village,"Od Kouřimi k Lipanům se táhnou# smutná pole , nasycena krví ,# luhy neúmornou hrůzou prahnou .# Kdo jde kolem , hněviv mračí brvy ,",cs-12720
cs,0242_0001-0000-0000-0001-0012,Q32530,Q213,Z Lužic do Čech,"Heyduk, Adolf",1835,1923,Lusatia,51.5450653,14.72614,region,land,Czech Republic,50,15,country,country," mraky nasycen jest nebe svor ,# v jejichž ňadrech černá smrť si vije# kolem hlavy války rudé zmije .# Z Lužic do Čech učiněn je vpád ;# co dřív českou volnosť utýralo ,# divým kvapem na útěk se dalo# lvem jak polekané hejno stád ,",cs-12726
cs,0242_0001-0000-0000-0001-0012,Q32530,Q1085,z Lužic k Praze,"Heyduk, Adolf",1835,1923,Lusatia,51.5450653,14.72614,region,land,Prague,50.0875,14.4213888888889,city,city," divy tvoří český klenot rudý ,# aniž dbá kdos přitlumených zpráv ,# Sasův že a Čechův valný dav# z Lužic k Praze vede Arnheim smělý ,# jemuž , vojevůdcem podružen ,# Hanuš z Řičan prvním vojům velí ,# aby by zpět vzal říši , dravcův plen .",cs-12726
cs,0242_0001-0000-0000-0001-0012,Q384403,Q63855,z Litoměřic do Roudnice,"Heyduk, Adolf",1835,1923,Litoměřice,50.53355947692,14.131899491403,city,city,Roudnice nad Labem,50.425361080625,14.261840817268,city,city," aby by zavalily zmetky dračí .# Václav z Roupova , druh Hanušův ,# tlučovským juž údolím tou chvílí# z Litoměřic do Roudnice pílí . . . “# „ Zadrž ! “ vece Berka , Michna : „ Mluv ! “# Ale posel nedbaje těch sporu# ani nepřestává ve hovoru :",cs-12726
cs,0246_0001-0000-0000-0007-0000,Q750224,Q392571,od Strakonic k Štěkni,"Heyduk, Adolf",1835,1923,Strakonice,49.261497897079,13.902396874574,city,city,Štěkeň,49.267231177778,14.00591071602,village,village," od Strakonic k Štěkni ,# až tam tudy půjdeš ,# dudáku náš , řekni !# Vyběhnem ti v ústret",cs-12969
cs,0247_0001-0000-0000-0004-0000,Q10396708,Q158245,od Šamonic k Písku,"Heyduk, Adolf",1835,1923,Šamonice,49.3578,14.0308,village,village,Písek,49.30888068684,14.147530601921,city,city," „ Dost ! Skončili jsme při tu zlou ;# zde zbavil jsem vás vlčí hlavy ,# a v Blatné za to složím svou ! “ –# Šel dudák od Šamonic k Písku ,# a Petr Dulík mimo šel . . .# Kam , Petře ? “ „ Spasit naši vísku ,# což nic jsi o ní neslyšel ? “",cs-12994
cs,0248_0001-0000-0000-0041-0001,Q744598,Q616334,z Hradčan k Vyšehradu,"Heyduk, Adolf",1835,1923,Hradčany,50.089444444444,14.397222222222,city part,city part,Vyšehrad,50.064427188,14.417644214,castle/fort,historic fort," vlaštovice houfně odlétají ,# bojíce se podzimního chladu ,# k jihu táhnou z Hradčan k Vyšehradu .# Cítím náhle , jak mi chladnou líce . . .# ach , to nejsou družné vlaštovice# slétající z Letné svěžích sklonků ,",cs-13047
cs,0249_0001-0000-0000-0010-0000,Q954596,Q986068,Z Brodu cizák v český kraj k Domažlicům,"Heyduk, Adolf",1835,1923,Havlíčkův Brod,49.607899638305,15.580727658514,city,city,Domažlice,49.440605680467,12.929798039263,city,city," s pány Němci k Brodu ,# rychle za ním pospíšil# lid českého rodu .# Z Brodu cizák v český kraj# k Domažlicům míří ;# v Chotěšově zuří boj ,# jitří se a víří .# Cizák cepy umlácen",cs-13094
cs,0249_0001-0000-0000-0011-0000,Q220,Q1085,z Říma do Prahy,"Heyduk, Adolf",1835,1923,Rome,41.893055555556,12.482777777778,city,city,Prague,50.0875,14.4213888888889,city,city,Pan legát přijel z Říma do Prahy ;# s ním z Hradce Králové Jan Rokycana . . .# To Carvajala málo těšilo –# víc krále Jiřího a mistra Jana .,cs-13095
cs,0249_0001-0000-0000-0026-0000,Q327764,Q158245,od Prachatic k Písku,"Heyduk, Adolf",1835,1923,Prachatice,49.013013368826,13.997533003713,city,city,Písek,49.30888068684,14.147530601921,city,city," černého si koně sedlat dává .# Koně černého jak jeho duše ,# s vojskem přes hranice do Čech kluše# do Šumavy , od Prachatic k Písku ,# na co padne , plení : hrad i vísku .# Prachatic půl vybil , Písek celý :# „ Dál , jen dále k Bílé Hoře , “ velí .",cs-13110
cs,0250_0001-0000-0000-0013-0000,Q43266,Q4198,od Moravy ku hor Krušných davu,"Heyduk, Adolf",1835,1923,Moravia,49.5,17,region,land,Ore Mountains,50.58333333,13,mountain,mountain," zhltit chtělo pomsty moře rudé !# Nechať zloba na nás křivdy páše ,# svaty jsou nám řeč a právo naše# od Moravy ku hor Krušných davu ,# od Krkonoš milou po Šumavu ,# jejíž čarodějně krásný skvost# naším byl a bude na věčnost .",cs-13133
cs,0250_0001-0000-0000-0013-0000,Q214644,Q157290,od Krkonoš milou po Šumavu,"Heyduk, Adolf",1835,1923,Giant Mountains,50.75,15.583333,mountain,mountain,Bohemian Forest,49,13.5,mountain,mountain," Nechať zloba na nás křivdy páše ,# svaty jsou nám řeč a právo naše# od Moravy ku hor Krušných davu ,# od Krkonoš milou po Šumavu ,# jejíž čarodějně krásný skvost# naším byl a bude na věčnost .# Nebojujem lstí a ostřím hrotů ,",cs-13133
cs,0250_0001-0000-0000-0016-0002,Q1653,Q392483,od Dunajských břehů ku Strbskému plesu,"Heyduk, Adolf",1835,1923,Danube,48.0951111111111,8.15488888888889,river,river,Štrbské Pleso,49.12,20.06194444,region,land," od Dunajských břehů ku Strbskému plesu ,# od Moravy družné k Prutu na východu ,# do dalekých zemí rozprchlému rodu !# Nesu Ti je z Tater , té velebné skrýše ,",cs-13137
cs,0250_0001-0000-0000-0016-0002,Q43266,Q182445,od Moravy družné k Prutu,"Heyduk, Adolf",1835,1923,Moravia,49.5,17,region,land,Prut,45.4688,28.2072,river,river," od Dunajských břehů ku Strbskému plesu ,# od Moravy družné k Prutu na východu ,# do dalekých zemí rozprchlému rodu !# Nesu Ti je z Tater , té velebné skrýše ,# kde na horské štíty Parom žalmy píše ,",cs-13137
cs,0282_0001-0000-0000-0026-0000,Q157290,Q194263,od Šumavy neproniklých borů až po háje Tater zelené,"Jahn, Jiljí Vratislav",1838,1902,Bohemian Forest,49,13.5,mountain,mountain,Tatra Mountains,49.177777777778,19.908333333333,mountain,mountain," národní činnosti zbuzené ,# od Šumavy neproniklých borů# až po háje Tater zelené ,# od kapličky svatého Hostína# k rozvalinám padlého Ojbína# z našich hvězdic , jež se v novém lesku",cs-14397
cs,0291_0001-0000-0000-0001-0009,Q157290,Q194263,Od Šumavy až po výšiny Tater,"Jelínek, Hanuš",1878,1944,Bohemian Forest,49,13.5,mountain,mountain,Tatra Mountains,49.177777777778,19.908333333333,mountain,mountain," přehlédla policie foniatra .# Jak ptakopysk to vzácný exemplář ,# byť gothajský ho neznal kalendář .# Od Šumavy až po výšiny Tater# má foniatra jenom Alma mater .# Jsouť Češi známá raça prohnaná :# získali ho : docenta Seemanna .",cs-14651
cs,0291_0001-0000-0000-0001-0009,Q12130,Q101081,od Bretagně slunné do Provence,"Jelínek, Hanuš",1878,1944,Brittany,48,-3,region,land,Provence,44,6,region,region," a Abrahama uviděl už skorem ,# ač vlásku takřka nemá na lebi ,# pan rada teď se učí ba be bi .# Ač od Bretagně slunné do Provence# na kathedrách všech zkoušel svoje chance ,# co jich jen chová sladká Francie ,",cs-14651
cs,0292_0001-0000-0000-0001-0000,Q10817265,Q10817986,"od Plešivce , Toku ke Třemšínu","Jelínek, Hanuš",1878,1944,Plešivec,49.8114,13.9892,mountain,mountain,Třemšín,49.5672,13.7772,mountain,mountain," sedmero věží zmlklého kláštera ,# dlouho se pak díval k brdských lesů moři ,# kterak rudý západ nad Třemošnou hoří ,# kterak od Plešivce , Toku ke Třemšínu# z lesů vystupují černá stáda stínů ,# kterak v temnu plavou chlumy za Vltavou .# Když pak uzřel svítit hvězdu Venušinu ,",cs-14653
cs,0292_0001-0000-0000-0001-0000,Q10817953,Q10817986,"od Plešivce , Toku ke Třemšínu","Jelínek, Hanuš",1878,1944,Tok,49.7047,13.8769,mountain,mountain,Třemšín,49.5672,13.7772,mountain,mountain," sedmero věží zmlklého kláštera ,# dlouho se pak díval k brdských lesů moři ,# kterak rudý západ nad Třemošnou hoří ,# kterak od Plešivce , Toku ke Třemšínu# z lesů vystupují černá stáda stínů ,# kterak v temnu plavou chlumy za Vltavou .# Když pak uzřel svítit hvězdu Venušinu ,",cs-14653
cs,0306_0001-0000-0000-0001-0001,Q223353,Q3148382,z Opatije šel jsem do Iky,"Jesenská, Růžena",1863,1940,Opatija,45.334722222222,14.306944444444,city,city,Ika,45.3066040739079,14.2801886848932,city,city," jak ubíhala světla dolů v stínu ,# až u Volosky v moři končila .# Noc byla dlouhá , ještě delší jitro ,# když z Opatije šel jsem do Iky ,# a z Iky zase zpátky , moje nitro# byl jeden záchvěv touhy veliký .# Sám nebudu zde břehem bloudit více ,",cs-15233
cs,0317_0001-0000-0000-0004-0000,Q215573,Q131574,od Beskyd k stříbrné Vltavě,"Kalus, Josef",1855,1934,Beskids,49.41666667,20.25,mountain,mountain,Vltava,50.34769,14.474382,river,river," po lodi rozbité .# Paprsků slunečních# korunu na hlavě ,# létáte od Beskyd# k stříbrné Vltavě .# A zpět se vracíte# s perlami ve klíně# a jimi žehnáte",cs-15739
cs,0329_0001-0001-0000-0010-0000,Q131574,Q157728,od Vltavy Dále do Smrčin,"Vacek Kamenický, František Jaroslav",1806,1869,Vltava,50.34769,14.474382,river,river,Fichtelgebirge,50.05,11.85,mountain,mountain," Do země , kolébky velké slávy ,# Ohražené horami co reky .# Zbytky Němců berou ve záseky# Outočiště ; a však od Vltavy# Dále do Smrčin a do Šumavy# Různě dávají se na outěky .# „ Ajhle ! toť ta zaslíbená země ! “# Zvolá vůdce ; pluci jásají :",cs-17010
cs,0329_0001-0001-0000-0010-0000,Q131574,Q157290,od Vltavy Dále do Smrčin a do Šumavy,"Vacek Kamenický, František Jaroslav",1806,1869,Vltava,50.34769,14.474382,river,river,Bohemian Forest,49,13.5,mountain,mountain," Do země , kolébky velké slávy ,# Ohražené horami co reky .# Zbytky Němců berou ve záseky# Outočiště ; a však od Vltavy# Dále do Smrčin a do Šumavy# Různě dávají se na outěky .# „ Ajhle ! toť ta zaslíbená země ! “# Zvolá vůdce ; pluci jásají :",cs-17010
cs,0329_0001-0001-0000-0010-0000,Q157728,Q157290,od Vltavy Dále do Smrčin a do Šumavy,"Vacek Kamenický, František Jaroslav",1806,1869,Fichtelgebirge,50.05,11.85,mountain,mountain,Bohemian Forest,49,13.5,mountain,mountain," Do země , kolébky velké slávy ,# Ohražené horami co reky .# Zbytky Němců berou ve záseky# Outočiště ; a však od Vltavy# Dále do Smrčin a do Šumavy# Různě dávají se na outěky .# „ Ajhle ! toť ta zaslíbená země ! “# Zvolá vůdce ; pluci jásají :",cs-17010
cs,0329_0001-0001-0000-0054-0000,Q616334,Q7596262,"Z Libušina sídla , Vyšehradu , Do Stadice","Vacek Kamenický, František Jaroslav",1806,1869,Vyšehrad,50.064427188,14.417644214,castle/fort,historic fort,Stadice,50.616666666667,13.966666666667,village,village,"Z Libušina sídla , Vyšehradu ,# Do Stadice vyslancové spějí ;# Přemyslovi zprávu přinášejí ,# Jakou kmeti kněžně dali radu .# V roucho knížecí tu v prostřed ladu",cs-17054
cs,0329_0001-0002-0000-0046-0000,Q220,Q213,Z Říma již se nazpět do Čech,"Vacek Kamenický, František Jaroslav",1806,1869,Rome,41.893055555556,12.482777777778,city,city,Czech Republic,50,15,country,country,"Z Říma již se nazpět do Čech vrací# Vojtěch , poslušen jsa rozkazu ;# An tu patří vlasti na zkázu ,# Srdce v těle div mu nekrvácí .",cs-17115
cs,0331_0001-0000-0000-0007-0000,Q617511,Q102047454,od Sněžky ke Troskám,"Kaminský, Bohdan",1859,1929,Sněžka,50.736111111111,15.740277777778,mountain,mountain,Trosky,50.5165461,15.2311553,mountain,mountain," hle , dávné vzpomínky jak divem rozkvetly .# A vidím širý kraj pod Kozákovem – noří# se zrak můj v obraz ten , jak rozvíjí se dál# od Sněžky ke Troskám , Řip vidím , Středohoří ,# Bezdězy s Ještědem – a já jsem všeho král .# Zřím cestu ke škole do Radostína , po ní# sychrovskou oborou jdou s taškou po boku –",cs-17259
cs,0335_0001-0000-0000-0001-0008,Q1894568,Q41190,ze Sychrova a dále k Jivině,"Kaminský, Bohdan",1859,1929,Sychrov,50.62579398555,15.089464953591,village,village,Jivina,50.554178833845,14.947251808674,village,village," a šuměl háj a ptáci zpívali# a motýl v slunci letěl za družkou . . .# A jednou večer šel jsem procházkou# ze Sychrova a dále k Jivině# až v Slavíkovské luzné údolí .# Byl večer neskonale velebný ,# nade mnou stromy slavně šuměly",cs-17380
cs,0349_0001-0001-0000-0036-0000,Q157290,Q194263,od Šumavy až k Tatrám,"Kaminský, Bohdan",1859,1929,Bohemian Forest,49,13.5,mountain,mountain,Tatra Mountains,49.177777777778,19.908333333333,mountain,mountain," za práva svá , po jeho stálas boku# s nadšenou písní na rtech . Česky vřelá# ta píseň Tvá vždy ze srdce Ti zněla –# od Šumavy až k Tatrám hrdou sloku# Tvé „ Chodské“ , z níž vzdor nepoddajný sálá ,# po věky hora hoře , skále skála# vždy znovu sdílet bude . – Řadou let",cs-17956
cs,0350_0001-0000-0000-0005-0000,Q12039461,Q1488700,od Můstku až k Prašné bráně,"Kaminský, Bohdan",1859,1929,Můstek,50.0845833,14.4227778,city part,street,Powder Tower,50.087222222222,14.427777777778,city part,city part," když otázkami hoch ji mučí ,# a štíhlé děvče růsti učí ,# jak sluší se , na velkou dámu . . .# Tak od Můstku až k Prašné bráně# od pěti hodin chodí k šesti . . .# Když ptala by se , co je štěstí ,",cs-17973
cs,0353_0001-0001-0000-0003-0000,Q393309,Q157736,od Žabljaka do Morači vody,"Kapper, Siegfried",1821,1879,Žabljak,43.158333333333,19.130277777778,village,village,Morača,42.257222222222,19.146111111111,river,river,,cs-18115
cs,0353_0001-0001-0000-0003-0000,Q393309,Q2662391,od Žabljaka do Morači,"Kapper, Siegfried",1821,1879,Žabljak,43.158333333333,19.130277777778,village,village,Morač,52.5772,27.5872,river,river,,cs-18115
cs,0353_0001-0002-0000-0001-0000,Q3489993,Q730378,ze všech Brd až do zelené Tary,"Kapper, Siegfried",1821,1879,Brdy,49.64,13.74,mountain,mountain,Tara,43.348333333333,18.839444444444,river,river," Kostelíček , hle , tu ozdobený# korouhvemi , pletenci a chvojí ;# kolem něho z celé vůkol Zety ,# ze všech Brd až do zelené Tary# pobožného lidu drahné množství .# Se ženami mužové a s dítky ,# s křtěnci kmoši , se sestrami bratři ,",cs-18117
cs,0353_0001-0002-0000-0001-0000,Q2662391,Q730378,ze vsi do vsi od Morači do zelené Tary,"Kapper, Siegfried",1821,1879,Morač,52.5772,27.5872,river,river,Tara,43.348333333333,18.839444444444,river,river," k domovu se navrátili s pláčem .# I šel nářek ode dvora k dvoru# po všem kolem Zetsku , po všech Brdách ,# i šel stesk a smutek ze vsi do vsi# od Morači do zelené Tary .# Není oka , žeby neslzelo ,# nejsou ústa , že by neželela .# I sešli se kmetové zas zetští ,",cs-18117
cs,0353_0001-0002-0000-0001-0000,Q2662391,Q730378,od Morači do zelené Tary,"Kapper, Siegfried",1821,1879,Morač,52.5772,27.5872,river,river,Tara,43.348333333333,18.839444444444,river,river," I šel nářek ode dvora k dvoru# po všem kolem Zetsku , po všech Brdách ,# i šel stesk a smutek ze vsi do vsi# od Morači do zelené Tary .# Není oka , žeby neslzelo ,# nejsou ústa , že by neželela .# I sešli se kmetové zas zetští ,",cs-18117
cs,0353_0001-0002-0000-0002-0000,Q2662391,Q1066857,od Morači do Sitnice,"Kapper, Siegfried",1821,1879,Morač,52.5772,27.5872,river,river,Sitnica (Ibar),42.4068055555556,21.1911944444444,river,river," Neučiníš - li tak , – se vším vojskem# na Černou ti obořím se Horu ,# a kterak mně carův káže ferman ,# tak učiním já ! Vše od Morači# do Sitnice vypálím ti Zetsko ,# od jezera do Grahova pole# Crmnici ti ornou i s Riječkou# vzeberu a Katunsko to všecko !",cs-18118
cs,0353_0001-0002-0000-0005-0000,Q3560285,Q3123315,Od Vinićů přes Bělopavliće rovnou cestou ke Spužu,"Kapper, Siegfried",1821,1879,Vinići,42.6175,19.09083333,village,village,Spuž,42.508055555556,19.193888888889,village,village," Omerovu brůnku z dvoru vyved’ ,# vévoda též plavku koně svého ,# na kůň vsedli , na cestu se dali .# Od Vinićů přes Bělopavliće# rovnou cestou ke Spužu se brali .# Před Spužem tu Boškovićů Petr# sesed’ s brůnky , po straně pak cesty# ke starému uvázal ji dubu .",cs-18121
cs,0388_0001-0000-0000-0016-0000,Q157290,Q35600,od Šumavy naší dálný po Urál,"Klášterský, Antonín",1866,1938,Bohemian Forest,49,13.5,mountain,mountain,Ural Mountains,60,59,mountain,mountain," jazyk otců našich – ba jak pne se sluch# v šedou dál až věků , všude zaznívá# jeden slávský jazyk , libý , lahodný ,# od Šumavy naší dálný po Urál !# Ó , kam zanesly mne radost má a sen# od života bolů ! Jediný můj syn# vedle v loži stená ! A teď volají",cs-19707
cs,0397_0001-0000-0000-0001-0000,Q157290,Q194263,od Šumavy do Tater,"Klášterský, Antonín",1866,1938,Bohemian Forest,49,13.5,mountain,mountain,Tatra Mountains,49.177777777778,19.908333333333,mountain,mountain," kam shodí nás – leč darmo :# my rozbili jsme okovy ,# své odhodili jarmo .# A od Šumavy do Tater# vzkřik plesný chvěje rtoma :# Je sražen orel , dravý zvěr ,# jsme pány zase doma !",cs-20296
cs,0397_0001-0000-0000-0007-0000,Q157290,Q194263,od Šumavy do Tater,"Klášterský, Antonín",1866,1938,Bohemian Forest,49,13.5,mountain,mountain,Tatra Mountains,49.177777777778,19.908333333333,mountain,mountain," do tišin slunečných .# Ta víra zní v tom nezdolná ,# když jako hlasů splav# dnes od Šumavy do Tater",cs-20302
cs,0408_0-0002-0000-0001-0000,Q584,Q1653,"Ode Reynu až tam k zátoce , Kterou Dunaj","Kollár, Jan",1793,1852,Rhine,47.6662,9.1786,river,river,Danube,48.0951111111111,8.15488888888889,river,river," Zavzni žel můj šíře široce ,# Ode Reynu až tam k zátoce ,# Kterou Dunaj dělí na dvě poly ;# Ode Tater kvěl ho onen holý# Chlumec , Čechů statných původce ;# Moře , ostrov zalkej hluboce ,",cs-20680
cs,0410_0001-0001-0000-0001-0000,Q1644,Q548,Od Labe zrádného k rovinám až Visly nevěrné,"Kollár, Jan",1793,1852,Elbe,50.8875,14.2330555555556,river,river,Vistula,54.3641,18.9522,river,river," Zaslepenec na své když zlobu plémě kydá .# O věkové dávní , jako noc vůkol mne ležící ,# O krajino , všeliké slávy i hanby obraz !# Od Labe zrádného k rovinám až Visly nevěrné ,# Od Dunaje k heltným Baltu celého pěnám :# Krásnohlasý zmužilých Slovanů kde se někdy ozíval ,# Ai oněmělť už , byv k úrazu zášti , jazyk .",cs-20952
cs,0410_0001-0001-0000-0001-0000,Q1653,Q545,Od Dunaje k heltným Baltu,"Kollár, Jan",1793,1852,Danube,48.0951111111111,8.15488888888889,river,river,Baltic Sea,58,20,sea,sea," O věkové dávní , jako noc vůkol mne ležící ,# O krajino , všeliké slávy i hanby obraz !# Od Labe zrádného k rovinám až Visly nevěrné ,# Od Dunaje k heltným Baltu celého pěnám :# Krásnohlasý zmužilých Slovanů kde se někdy ozíval ,# Ai oněmělť už , byv k úrazu zášti , jazyk .# A kdo se loupeže té , volající vzhůru , dopustil ?",cs-20952
cs,0410_0001-0003-0000-0015-0000,Q13924,Q545,Od Adrie k Baltu,"Kollár, Jan",1793,1852,Adriatic Sea,42.775833,15.426111,sea,sea,Baltic Sea,58,20,sea,sea," V ruce , nebo pluky vítězné ,# Záštity bych zdělal pavezné# Pro sousednost tuto nehostinskou ;# Od Adrie k Baltu po zem Finskou ,# Na Dunaj a Labe bezmezné ,# Ne jak Chrobry sloupy železné ,# Ale zeď bych vybudoval Chinskou :",cs-21087
cs,0410_0001-0003-0000-0015-0000,Q13924,Q33,Od Adrie k Baltu po zem Finskou,"Kollár, Jan",1793,1852,Adriatic Sea,42.775833,15.426111,sea,sea,Finland,65,27,country,country," V ruce , nebo pluky vítězné ,# Záštity bych zdělal pavezné# Pro sousednost tuto nehostinskou ;# Od Adrie k Baltu po zem Finskou ,# Na Dunaj a Labe bezmezné ,# Ne jak Chrobry sloupy železné ,# Ale zeď bych vybudoval Chinskou :",cs-21087
cs,0410_0001-0003-0000-0074-0000,Q111224,Q497060,Od Těšmíra dále na Vagrie Levou stranu jdeme do Plonu,"Kollár, Jan",1793,1852,Holstein,54.1667,9.66667,region,land,Plön,54.162222222222,10.421388888889,city,city,"Od Těšmíra dále na Vagrie# Levou stranu jdeme do Plonu ,# Aby bych složil dlužnou poklonu# Stínům onné slavské Lukrecie ,# Jejíž cnosti kýsi Teutonie",cs-21146
cs,0410_0001-0003-0000-0094-0000,Q2978,Q11863119,z Řezna do Děvína,"Kollár, Jan",1793,1852,Regensburg,49.0166666666667,12.0833333333333,city,city,Děvín,50.045278,14.391667,mountain,mountain," Mečem k tomu hnané slavské many ;# Ptám se soudců ; co má byla vina ?# „ Kalils vodu , “ vždyť , já odpovím ,# Dunaj teče z Řezna do Děvína !",cs-21166
cs,0410_0001-0003-0000-0137-0000,Q130321,Q1024,Od Athosa k Trigle,"Kollár, Jan",1793,1852,Mount Athos,40.1583333333333,24.3272222222222,mountain,mountain,Triglav,46.378333,13.836667,mountain,mountain,"Od Athosa k Trigle , k Pomořanům ,# Ode Psího k poli Kosovu ,# Ode Carigradu k Petrovu ,# Od Ladogy dole k Astrachanům ;",cs-21209
cs,0410_0001-0003-0000-0137-0000,Q130321,Q104520,"Od Athosa k Trigle , k Pomořanům","Kollár, Jan",1793,1852,Mount Athos,40.1583333333333,24.3272222222222,mountain,mountain,Pomerania,54.29443,18.15312,region,historic region,"Od Athosa k Trigle , k Pomořanům ,# Ode Psího k poli Kosovu ,# Ode Carigradu k Petrovu ,# Od Ladogy dole k Astrachanům ;",cs-21209
cs,0410_0001-0003-0000-0137-0000,Q1015486,Q1246,Ode Psího k poli Kosovu,"Kollár, Jan",1793,1852,Psie Pole,51.14559,17.07833,city part,city part,Kosovo,42.55,20.833333333333,country,country," Ode Psího k poli Kosovu ,# Ode Carigradu k Petrovu ,# Od Ladogy dole k Astrachanům ;# Od Kozáků ku Dubrovničanům ,",cs-21209
cs,0410_0001-0003-0000-0137-0000,Q15288,Q3927,Od Ladogy dole k Astrachanům,"Kollár, Jan",1793,1852,Lake Ladoga,60.8427777777778,31.4597222222222,lake,lake,Astrakhan,46.35,48.035,city,city," Ode Psího k poli Kosovu ,# Ode Carigradu k Petrovu ,# Od Ladogy dole k Astrachanům ;# Od Kozáků ku Dubrovničanům ,# Od Blatona k Baltu , Ozovu ,# Ode Prahy k Mozkvě , Kyovu ,",cs-21209
cs,0410_0001-0003-0000-0137-0000,Q6383,Q545,"Od Blatona k Baltu , Ozovu , Ode Prahy k Mozkvě","Kollár, Jan",1793,1852,Lake Balaton,46.85,17.72,default,default,Baltic Sea,58,20,sea,sea," Ode Carigradu k Petrovu ,# Od Ladogy dole k Astrachanům ;# Od Kozáků ku Dubrovničanům ,# Od Blatona k Baltu , Ozovu ,# Ode Prahy k Mozkvě , Kyovu ,# Od Kamčatky až tam ku Japanům ;# Ural , Tatra , Volga , řeka Savská ,# A všech hor i krajin okolek ,",cs-21209
cs,0410_0001-0003-0000-0137-0000,Q6383,Q102762,"Od Blatona k Baltu , Ozovu , Ode Prahy k Mozkvě","Kollár, Jan",1793,1852,Lake Balaton,46.85,17.72,default,default,Azov,47.1,39.416666666667,city,city," Ode Carigradu k Petrovu ,# Od Ladogy dole k Astrachanům ;# Od Kozáků ku Dubrovničanům ,# Od Blatona k Baltu , Ozovu ,# Ode Prahy k Mozkvě , Kyovu ,# Od Kamčatky až tam ku Japanům ;# Ural , Tatra , Volga , řeka Savská ,# A všech hor i krajin okolek ,",cs-21209
cs,0410_0001-0003-0000-0137-0000,Q1085,Q649,Ode Prahy k Mozkvě,"Kollár, Jan",1793,1852,Prague,50.0875,14.4213888888889,city,city,Moscow,55.755833333333,37.617777777778,city,city," Od Ladogy dole k Astrachanům ;# Od Kozáků ku Dubrovničanům ,# Od Blatona k Baltu , Ozovu ,# Ode Prahy k Mozkvě , Kyovu ,# Od Kamčatky až tam ku Japanům ;# Ural , Tatra , Volga , řeka Savská ,# A všech hor i krajin okolek ,",cs-21209
cs,0410_0001-0003-0000-0137-0000,Q993,Q17,Od Kamčatky až tam ku Japanům,"Kollár, Jan",1793,1852,Kamchatka Peninsula,57,160,region,land,Japan,35,136,country,country," Od Kozáků ku Dubrovničanům ,# Od Blatona k Baltu , Ozovu ,# Ode Prahy k Mozkvě , Kyovu ,# Od Kamčatky až tam ku Japanům ;# Ural , Tatra , Volga , řeka Savská ,# A všech hor i krajin okolek ,# Kde se koli mluva slyší Slavská :",cs-21209
cs,0410_0001-0004-0000-0016-0000,Q3493793,Q2628720,Ode Lisce k Žárům,"Kollár, Jan",1793,1852,Lysec,48.996361111111,19.069169444444,mountain,mountain,Žiar,48.8666666666667,18.7,mountain,mountain," Všecky spolu , co tu činiti ,# Pak šly velikou síť uviti ,# Kterou nade Turcem rozestřely :# Ode Lisce k Žárům nočním mrakem ,# Od Budiše k horám Sučanským ,# Zakryly kraj celý květným sakem ;# Ale Milek rozumu se chytě ,",cs-21232
cs,0410_0001-0004-0000-0017-0000,Q3491363,Q1653,od Beskydů přímá Cesta ku Dunaji,"Kollár, Jan",1793,1852,Beskydy Protected Landscape Area,49.5811,18.5874,region,land,Danube,48.0951111111111,8.15488888888889,river,river," Co mu národ v pamět uvodí ,# Ves , kde muž se velký narodí ,# Hrob , jenž drahé kosti v sobě třímá ;# Proto i mne od Beskydů přímá# Cesta ku Dunaji sprovodí ,# Na jehož se pravém nachodí# Břehu mnoho , co cit Slava jímá :# Krásným Váhem tedy beze dlení",cs-21233
cs,0410_0001-0008-0000-0001-0000,Q3150,Q1867060,Z Jeny k Lobdě,"Kollár, Jan",1793,1852,Jena,50.927222222222,11.586388888889,city,city,Lobeda,50.893152,11.60588,city part,city part," A se vyhnul smerti pádu zlého ;# Dräsina se volá od nálezce ,# Za půl hodiny lze přijeti# Z Jeny k Lobdě v přípravě té hezce ;# Ona nejen lásce krátí dráhu ,# Než jak tělo učí deržeti",cs-21574
cs,0410_0001-0008-0000-0007-0000,Q3150,Q1136224,z Jeny do Gospody,"Kollár, Jan",1793,1852,Jena,50.927222222222,11.586388888889,city,city,Cospeda,50.948888888889,11.559444444444,village,village,"Procházka je z Jeny do Gospody ,# Byl ples chasy v háji nedělní ,# Professorové též náčelní# Poctili ty zábavky a hody ;",cs-21580
cs,0415_0001-0001-0000-0001-0000,Q214644,Q43266,Od hor Krkonošských do Moravy,"Koubek, Jan Pravoslav",1805,1854,Giant Mountains,50.75,15.583333,mountain,mountain,Moravia,49.5,17,region,land," Pěstounka i luk i polností ,# Tak ta nevěsta nás potěšila ,# Kteráž císaři se zasnoubila .# Od hor Krkonošských do Moravy ,# Od Dunaje po všech končinách ,# Kdež teď pod stejnými omlad’ právy# Národ oslavený v dějinách :",cs-21784
cs,0415_0001-0001-0002-0009-0000,Q1644,Q48,Od Labe až k hradbám Asie ledovatým,"Koubek, Jan Pravoslav",1805,1854,Elbe,50.8875,14.2330555555556,river,river,Asia,43.6811111111111,87.3311111111111,continent,continent," Čas se blíží , v němžto Slovan svou rozvine dělnost# Duševní v takové míře , jakou vložila# Příroda míru jeho vlastem , šíříc meze slávské# Od Labe až k hradbám Asie ledovatým ,# Od Névy pramenů až tam do pěn Adrie šumných 8 ,# Prostranství veliké v okresu země malé !# Tehdáž snad slušnou nebudou zdržovat mzdu Našincům –",cs-21798
cs,0415_0001-0001-0002-0009-0000,Q645,Q13924,Od Névy pramenů až tam do pěn Adrie šumných,"Koubek, Jan Pravoslav",1805,1854,Neva,59.9447,30.3094,river,river,Adriatic Sea,42.775833,15.426111,sea,sea," Duševní v takové míře , jakou vložila# Příroda míru jeho vlastem , šíříc meze slávské# Od Labe až k hradbám Asie ledovatým ,# Od Névy pramenů až tam do pěn Adrie šumných 8 ,# Prostranství veliké v okresu země malé !# Tehdáž snad slušnou nebudou zdržovat mzdu Našincům –",cs-21798
cs,0416_0-0000-0000-0002-0001,Q4018,Q29,z Navarry dále do Špaňhel,"Koubek, Jan Pravoslav",1805,1854,Navarre,42.816666666667,-1.65,country,country,Spain,40.2,-3.5,country,country," Český vyslanec až k horám spěl ,# Které se své příkré výšiny# Hledí do Navarrské krajiny ,# A z Navarry dále do Špaňhel .# Pan Lev nestanul dřív na své cestě# Až v Burgosu , staroslavném městě ,# Kdežto pod náhrobkem starožitným",cs-21824
cs,0416_0-0000-0000-0002-0001,Q15682,Q35484,Od Cadizu zhůru do Mediny,"Koubek, Jan Pravoslav",1805,1854,Cádiz,36.535,-6.2975,city,city,Medina,24.47,39.61,city,city," Z úst kastillských sladce bude zníti# Ku milostným zvukům mandolíny ,# Dokud jaký Hišpan bude dlíti# Od Cadizu zhůru do Mediny .# Od Cidovy hrobky památné# Bohatýři naši dále spěli# Na místo Hišpanům posvátné ,",cs-21824
cs,0416_0-0000-0000-0003-0000,Q7596262,Q36,ze Stadické dědiny Do Lechické sahá,"Koubek, Jan Pravoslav",1805,1854,Stadice,50.616666666667,13.966666666667,village,village,Poland,52,19,country,country," Syni Slávy jeví se mi v dáli ,# Když ku příštím hledím dějinám ,# Z nichžto více nesmím zjevit vám . “# „ Zrak můj ze Stadické dědiny# Do Lechické sahá krajiny# K nivám šťastným nízké Krušvice .# I tam oráč od své radlice# Z rodu rolnického , z nízké chyže",cs-21825
cs,0416_0-0000-0000-0003-0000,Q7596262,Q166717,ze Stadické dědiny Do Lechické sahá krajiny K nivám šťastným nízké Krušvice,"Koubek, Jan Pravoslav",1805,1854,Stadice,50.616666666667,13.966666666667,village,village,Kruszwica,52.677222222222,18.329166666667,city,city," Syni Slávy jeví se mi v dáli ,# Když ku příštím hledím dějinám ,# Z nichžto více nesmím zjevit vám . “# „ Zrak můj ze Stadické dědiny# Do Lechické sahá krajiny# K nivám šťastným nízké Krušvice .# I tam oráč od své radlice# Z rodu rolnického , z nízké chyže# Vstoupí na skvoucí stol Piast kníže .",cs-21825
cs,0416_0-0000-0000-0003-0000,Q645,Q1653,od Nevy až ke Dunaji,"Koubek, Jan Pravoslav",1805,1854,Neva,59.9447,30.3094,river,river,Danube,48.0951111111111,8.15488888888889,river,river," Kteří na obšírných rovinách# Po dalekých sídlí končinách ,# A svým pilným plúhem vzdělávají# Vlast svou od Nevy až ke Dunaji ,# Od jehožto břehů naše plémě# Rozešlo se do všech úhlů země ,# Protož na památku starověkou",cs-21825
cs,0416_0-0000-0000-0003-0000,Q545,Q13924,Od Baltyku dolu do Adrie,"Koubek, Jan Pravoslav",1805,1854,Baltic Sea,58,20,sea,sea,Adriatic Sea,42.775833,15.426111,sea,sea," Do domu pán pozval hostinného .# „ O vy Slovené , o Slovené !# Dítky z plodné matky zrozené# Od Baltyku dolu do Adrie ,# Kdekoli to vaše plémě žije ,# Od Donu až temné do Šumavy ,# Ku mezníkům velkomocné Slávy ,",cs-21825
cs,0416_0-0000-0000-0003-0000,Q1229,Q157290,Od Donu až temné do Šumavy,"Koubek, Jan Pravoslav",1805,1854,Don,47.0864,39.2386,river,river,Bohemian Forest,49,13.5,mountain,mountain," Dítky z plodné matky zrozené# Od Baltyku dolu do Adrie ,# Kdekoli to vaše plémě žije ,# Od Donu až temné do Šumavy ,# Ku mezníkům velkomocné Slávy ,# V blahém míru mírní dobráci ,# Ve válkách jste chrabří jonáci .",cs-21825
cs,0418_0001-0000-0000-0001-0002,Q233576,Q173082,z Epidauru do Dacie,"Koubek, Jan Pravoslav",1805,1854,Epidaurus,37.5977777777778,23.0744444444444,ancient city,ancient city,Dacia,45.7,26.5,country,country," Visla bujná dál se odrývá ;# V Tatrách , věrných Slávě , zlato žíří ,# V Alpech stříbra kov se ukrývá ;# Sad ten , z Epidauru do Dacie ,# Od Labe břeh zajme Dalmacie !# „ Na prostoře této rozložité ,# Různí rodem , různí hovorem ,",cs-21872
cs,0419_0001-0000-0000-0002-0000,Q1653,Q131574,Od Dunaje k Vltavě,"Koubek, Jan Pravoslav",1805,1854,Danube,48.0951111111111,8.15488888888889,river,river,Vltava,50.34769,14.474382,river,river," Sotva kvílících trub hlasy umlknuly ,# A již zase nová kořisť žádána ,# Nová rána Českým srdcím zadána .# Od Dunaje k Vltavě a k Dněstru dále# Přiletěl jest zvěstný havran nenadále ,# Smutnou hláše Slávy synům novinu ,# Jaké ztráty dotkly Čechů otčinu .",cs-21876
cs,0419_0001-0000-0000-0002-0000,Q1653,Q131210,Od Dunaje k Vltavě a k Dněstru,"Koubek, Jan Pravoslav",1805,1854,Danube,48.0951111111111,8.15488888888889,river,river,Dniester,46.3041,30.2736,river,river," Sotva kvílících trub hlasy umlknuly ,# A již zase nová kořisť žádána ,# Nová rána Českým srdcím zadána .# Od Dunaje k Vltavě a k Dněstru dále# Přiletěl jest zvěstný havran nenadále ,# Smutnou hláše Slávy synům novinu ,# Jaké ztráty dotkly Čechů otčinu .",cs-21876
cs,0423_0001-0001-0000-0006-0003,Q29,Q35958,od květné Spánie až ku Bosporu,"Koukl, Antonín",1860,1884,Spain,40.2,-3.5,country,country,Bosporus Strait,41.119444444444,29.075277777778,strait (water),strait (water)," a na jich místo přišlo plémě nové –# až znovu příšla změna .# Já přešel snad již každý údol , horu# od květné Spánie až ku Bosporu ,# kde vlna s vlnou hrá si .# Však při tom bos jsem byl , což radosť skytá ;# vždyť při těch cestách – kdo se dopočítá –",cs-21892
cs,0430_0001-0002-0000-0004-0000,Q122443,Q1524,z Attiky se vrátil k dáli . Trůn Athén,"Krásnohorská, Eliška",1847,1926,Attica,38.0027,23.81,region,land,Athens,37.9841666666667,23.7280555555556,ancient city,ancient city," A krále mrtvého když slavně uctíval# ves tábor Athénských a žertvy plály ,# voj Dorů bez boje se vůli bohů vzdal# a tiše z Attiky se vrátil k dáli .# Trůn Athén osiřel , neb každý nehodným# se viděl vlásť , kde král tak dobrý sklesl !# Však toho krále rod Athénám svobodným",cs-22461
cs,0432_0001-0000-0000-0004-0000,Q23522,Q157290,od Balkánu k Šumavě,"Krásnohorská, Eliška",1847,1926,Balkans,42,22,region,land,Bohemian Forest,49,13.5,mountain,mountain," bij sršícími plameny vždy znova# a znova v temnou budoucnosti chmuru ,# ať v písmu blesků všichni stejnou čteme# zvěst od Balkánu k Šumavě a v Tatry .# že v pravdě jsme a budem , čím se zveme .# těch trpících , těch bojujících bratry ,# a jednou vůlí , věrnou do skonání ,",cs-22525
cs,0432_0001-0000-0000-0023-0000,Q1286,Q13924,od Alp k vlnám Adrie,"Krásnohorská, Eliška",1847,1926,Alps,46.5780555555556,8.615,mountain,mountain,Adriatic Sea,42.775833,15.426111,sea,sea," jak slunce , žhoucí s výše na ledovců témě !# Buď zdrávo , svobodno ! Žij , zkvétej , srbské plémě !# A žij nám , sestro Jugoslavie !# Tvůj domov od Alp k vlnám Adrie# a k Dunaji buď požehnán ! Nechť syčí# had záští kol , ty , duše holubičí ,# ty na hlavu mu šlápneš , opřena",cs-22544
cs,0432_0001-0000-0000-0023-0000,Q1286,Q1653,od Alp k vlnám Adrie a k Dunaji,"Krásnohorská, Eliška",1847,1926,Alps,46.5780555555556,8.615,mountain,mountain,Danube,48.0951111111111,8.15488888888889,river,river," jak slunce , žhoucí s výše na ledovců témě !# Buď zdrávo , svobodno ! Žij , zkvétej , srbské plémě !# A žij nám , sestro Jugoslavie !# Tvůj domov od Alp k vlnám Adrie# a k Dunaji buď požehnán ! Nechť syčí# had záští kol , ty , duše holubičí ,# ty na hlavu mu šlápneš , opřena# dnes o svých bratří silná ramena :",cs-22544
cs,0433_0001-0000-0000-0009-0000,Q214644,Q157290,od Krkonoš do Šumavy,"Krásnohorská, Eliška",1847,1926,Giant Mountains,50.75,15.583333,mountain,mountain,Bohemian Forest,49,13.5,mountain,mountain," je krví otců našich nasycena ,# jež tekla v sterém , bránícím ji boji ,# je krví českou stokrát vykoupena .# Co padlo od Krkonoš do Šumavy# za řeč i právo české bohatýrů !# Co bojišť od Domažlic k Přibyslavi# Čech krví skropil za volnosť a víru !",cs-22597
cs,0436_0001-0000-0000-0017-0000,Q157290,Q616334,od Šumavy dálné k Vyšehradu,"Krásnohorská, Eliška",1847,1926,Bohemian Forest,49,13.5,mountain,mountain,Vyšehrad,50.064427188,14.417644214,castle/fort,historic fort," Třikrát od svitání do soumraku ,# třikrát za hvězd ponebeské pouti# na plecích tak nesli drahé břímě# od Šumavy dálné k Vyšehradu ;# na duších však těžkou nesli žalosť ,# pochmurnou jak Šumaviny skály ,# lkající jak Šumaviny hvozdy ,",cs-22693
cs,0449_0001-0006-0000-0001-0000,Q131210,Q194263,od Adriina břehu po Dněstru proud a odtud až po Tater,"Kuchař, Josef",1847,1926,Dniester,46.3041,30.2736,river,river,Tatra Mountains,49.177777777778,19.908333333333,mountain,mountain," že tam , kde v blankyt pnou se srázné Tater hlavy ,# Ti všecka srdce bijí vstříc , Tě hymnou slaví .# Však k Slávům všem máš stejnou lásku , stejnou něhu .# Je všecky kouzlem duše jal’s : od Adriina břehu# po Dněstru proud a odtud až po Tater štíty# kmen Slávů srdcem Tvým v šik jediný je slitý .# A valný šik ten , lhostejný k nám , cizí prve ,# je Tebou náš ; již není dálky zamlžené ,",cs-23282
cs,0454_0001-0001-0000-0028-0000,Q179251,Q1085,z Moravěnky do Prahy,"Kulda, Beneš Metod",1820,1903,Morava,48.61619,16.940149,river,river,Prague,50.0875,14.4213888888889,city,city," do moderní svojí valné schůze ,# z Moravěnky do Prahy bych jel ,# a zas vážnou přednášku tam měl ,# piš mi , Ty co o té věci soudíš ? “# , Bratře , brzy odpověď mou loudíš !",cs-23498
cs,0459_0001-0001-0000-0001-0000,Q201582,Q5451,od Pindských hor až k patě Himalaje,"Kučera, Karel",1854,1915,Pindus,40,20.75,mountain,mountain,Himalayas,29,84,mountain,mountain," na vozech zlacených a slonech v purpuru . –# Ó slunce azuru !# všech králů vítězi ! zář tvého trónu# od Pindských hor až k patě Himalaje# hřmí , lítá , jako Samum vlaje .# Tak od úst k ústům Macedonským znělo ;# jen Alexander sám , on vítěz , rek ,",cs-23672
cs,0466_0001-0000-0000-0001-0000,Q1229,Q13924,Od pramene Donu k Sinému,"Kvapil, František",1855,1925,Don,47.0864,39.2386,river,river,Adriatic Sea,42.775833,15.426111,sea,sea," hrdým zrakem pýcha blýskla do plamenů –# jako černé mračno , které zhoubu chová ,# obrátil se , v tato zahovořil slova :# „ Od pramene Donu k Sinému až moři# města , vsi i hrady síle mé se koří .# Murom , Kyjev zlatý , ruská země celá# pod mým krokem v bázni třásla se i chvěla !",cs-23944
cs,0547_0001-0001-0000-0012-0000,Q223,Q1492,Z Gronska jsem rozběh’ se do Barcelony,"Lešehrad, Emanuel",1877,1955,Greenland,72,-40,island,island,Barcelona,41.3825,2.1769444444444,city,city," Řečnil jsem k vzbouřencům v Bessarabii .# Byl jsem popraven v Rusku ,# ožil jsem ve vynálezech vědců a bláznů .# Z Gronska jsem rozběh’ se do Barcelony# a cesta má byla vítěznou poutí .# Skandinavie ověnčila mne fjordy ,# Švýcary překvapily mne ledovců věncem ,",cs-27074
cs,0561_0001-0001-0000-0016-0000,Q220,Q2749,z Říma do Augšpurku,"Machar, Josef Svatopluk",1864,1942,Rome,41.893055555556,12.482777777778,city,city,Augsburg,48.3688888888889,10.8977777777778,city,city," své přesvědčení – neboť hlas v mém nitru# mi kázal zachovat se , aby by byla# i boží pravda se mnou zachována .# Tak přišel legat z Říma do Augšpurku# s doktory svými k disputaci se mnou .# Já šel tam s gleitem císaře a pána .# A když jsem přesvědčil je , třeba Němec ,",cs-27420
cs,0561_0001-0001-0000-0052-0000,Q617,Q387095,"z Padovy známým jemu astrologem , do služeb jeho vstoupil u Šteinavy","Machar, Josef Svatopluk",1864,1942,Padua,45.406388888889,11.877777777778,city,city,Ścinawa,51.4165277777778,16.4259722222222,city,city," když právem útrpným jsem dal jej nutit .# Muž zběhlý v cizích jazycích i vědách ,# Vlach - krajan , doporučen Fridlandovi# z Padovy známým jemu astrologem ,# do služeb jeho vstoupil u Šteinavy# v čas , kdy byl kníže na svobodu pustil# Matesa z Thurnu , toho největšího# z nepřátel Císařského Majestátu –",cs-27461
cs,0562_0001-0000-0000-0047-0005,Q6247,Q111144,z Mantuy obrátil se do Canossy,"Machar, Josef Svatopluk",1864,1942,Mantua,45.156388888889,10.791111111111,city,city,Canossa,44.573555,10.455307,castle/fort,castle," pan papež Gregor . Vojska bezpočetná# se hrnula z všech stran ku řece Padu ,# že svatý otec překvapen a zděšen# z Mantuy obrátil se do Canossy# k Mathildě markrabince , přítelkyni .# Však Heinrich nedal sluchu svůdným hlasům# a v tísni pouze zachovat si touže",cs-27530
cs,0577_0001-0000-0000-0020-0000,Q79,Q145,od Egyptu až k dálné Britanii,"Machar, Josef Svatopluk",1864,1942,Egypt,27,29,country,country,United Kingdom,54.6,-2,country,country," A při tom , počtář dobrý , zlata milec ,# lichvaří , státu půjčuje , kde možno ,# a úroky kde dobré , pevné kynou ,# od Egyptu až k dálné Britanii –# my na Senecu hynem , druzi moji ,# nás fráze zrodila a vychovala ,# jsme všichni herci , hrajem se životem ,",cs-28221
cs,0580_0001-0000-0000-0009-0000,Q220,Q2634,od Romy k Napoli,"Machar, Josef Svatopluk",1864,1942,Rome,41.893055555556,12.482777777778,city,city,Naples,40.833333333333,14.25,city,city," A náhle jme tě touha tak ,# že tě až v duši zabolí :# chtěl vskočiti bys v rychlovlak# a hřmít od Romy k Napoli !",cs-28530
cs,0588_0001-0007-0000-0001-0000,Q4373,Q220,z Bílé Hory přes Kostnici k Římu,"Machar, Josef Svatopluk",1864,1942,Battle of White Mountain,50.078333333333,14.319444444444,default,battle,Rome,41.893055555556,12.482777777778,city,city," muzikanti , vědátoři , kritici –# zapřáhla se k tomu vozu celá zem ,# kde teď svatý Václav jede s Kordačem# z Bílé Hory přes Kostnici k Římu –# ale zdá se , tohle všecko nestačí mu :# Znamenitý páter Šrámek# na puse má nyní zámek",cs-29360
cs,0588_0001-0007-0000-0001-0000,Q3834,Q220,z Bílé Hory přes Kostnici k Římu,"Machar, Josef Svatopluk",1864,1942,Constance,47.663333333333,9.1752777777778,city,city,Rome,41.893055555556,12.482777777778,city,city," muzikanti , vědátoři , kritici –# zapřáhla se k tomu vozu celá zem ,# kde teď svatý Václav jede s Kordačem# z Bílé Hory přes Kostnici k Římu –# ale zdá se , tohle všecko nestačí mu :# Znamenitý páter Šrámek# na puse má nyní zámek",cs-29360
cs,0588_0001-0011-0000-0003-0000,Q744598,Q1734030,z Hradčan do Karlína,"Machar, Josef Svatopluk",1864,1942,Hradčany,50.089444444444,14.397222222222,city part,city part,Karlín,50.09194,14.44528,city part,city part," s praporem se staví moudře za šiky ;# dal nám fifikusy , jejichž důvtip spíná# mostem vodu s ohněm , kteří svojím „ snad“# vyšpekulují , že z Hradčan do Karlína# nejrychlej se jde přes starý Vyšehrad ;# dal nám katolíky , kteří věří Římu ,# s ním však , pánem bohem , jsou už hotovi ;",cs-29419
cs,0589_0001-0000-0000-0019-0000,Q159,Q668,z Ruska do Indie,"Machar, Josef Svatopluk",1864,1942,Russia,66.4166666666667,94.25,country,country,India,22.8,83,country,country," Eh , rozbiji tu Austrii . Mít nechci# kol sebe po Evropě větších států .# I Rusko . Přijde čas , že rozstříhám je .# A z Ruska do Indie skok je pouze .# A potom budeme se koupat v Gangu ,# na hřbetech slonů pojedeme městy ,# jichž chrámy tisícileté své věže",cs-29595
cs,0589_0001-0000-0000-0023-0000,Q1741,Q2978,Od Vídně až k Regenšpurku,"Machar, Josef Svatopluk",1864,1942,Vienna,48.2083333333333,16.3725,city,city,Regensburg,49.0166666666667,12.0833333333333,city,city," kterak jsou nás honili !# My jsme měli jenom nohy ,# oni arci kobyly .# Od Vídně až k Regenšpurku# pěkná cesta – vzal ji ďas ! –# pětadvacet Písečáků ,# pětadvacet bylo nás !",cs-29599
cs,0589_0001-0000-0000-0040-0003,Q649,Q90,z Moskvy do Paříže,"Machar, Josef Svatopluk",1864,1942,Moscow,55.755833333333,37.617777777778,city,city,Paris,48.8566666666667,2.35222222222222,city,city," zaměnit s všemi trůny evropskými ?# Kdo pochopil by ? Pánové , z vás nikdo –# jen chuďas někde , který ví , co značí# jít v listopadu z Moskvy do Paříže . . .",cs-29618
cs,0589_0001-0000-0000-0059-0000,Q207927,Q90,od Bereziny ujel do Paříže,"Machar, Josef Svatopluk",1864,1942,Berezina River,52.549722222222,30.25,river,river,Paris,48.8566666666667,2.35222222222222,city,city," byl ostatně vždy tenhle Bonaparte .# Jak z Egypta prch od armady svojí !# Jak záchrany své pamětliv jsa pouze# od Bereziny ujel do Paříže !# Eh , darmo mluvit ! Krev se hned mi bouří .# A konečně – ten válečnický důvtip !# U Lipska poznal jsem jej na své oči :",cs-29638
cs,0599_0001-0000-0000-0007-0000,Q17252,Q220,z Tibetu poslal velkou deputaci do Říma,"Machar, Josef Svatopluk",1864,1942,Tibet,29.65,91.1,mountain,mountain,Rome,41.893055555556,12.482777777778,city,city,"Dalaj Lama z Tibetu# poslal velkou deputaci# do Říma a Berlína :# Páni mocní , chvíle tu ,# kdy se všecko právem vrací ,# nový řád se začíná .",cs-30116
cs,0605_0001-0000-0000-0001-0000,Q378120,Q427604,od Žižkova až k Petřínu,"Machar, Josef Svatopluk",1864,1942,Žižkov,50.0872,14.4628,city part,city part,Petřín,50.083611111111,14.395277777778,mountain,mountain," A zas přec jasně zřím kraj známý ,# tu zamlženou dolinu ,# v ní řeku , domy , věže , chrámy# od Žižkova až k Petřínu –# však divný lesk zřím nad vším chvíti ,# tak je to teskně zlaceno# jak všecko , co v tom našem žití",cs-30744
cs,0605_0001-0000-0000-0003-0000,Q660795,Q4373,z Dürnkrut * ) až k naší Bílé Hoře,"Machar, Josef Svatopluk",1864,1942,Dürnkrut,48.471111111111,16.8525,region,land,Battle of White Mountain,50.078333333333,14.319444444444,default,battle,,cs-30746
cs,0608_0001-0000-0000-0050-0000,Q58477,Q220,z Capuy jde k Římu,"Machar, Josef Svatopluk",1864,1942,Capua,41.105555555556,14.213888888889,village,village,Rome,41.893055555556,12.482777777778,city,city," a Licinius Crassus ruky kynem# poručil vbít je na šest tisíc křížů# a rozestavit podle oné cesty ,# jež z Capuy jde k Římu . Teprv potom# poručil seřadit se vojsku svému# k pochodu domů . Jeli jsme tou cestou ,# a zkrvácená těla odsouzenců",cs-30925
cs,0609_0001-0000-0000-0059-0000,Q13670,Q1282,ze Syrakus a směřovala ku Latia,"Machar, Josef Svatopluk",1864,1942,Syracuse,37.069166666667,15.2875,city,city,Lazio,41.9,12.716666666667,region,region," chudičký účet hry , jež žitím slula .# Ó bědný Brute ! Jaký snadný počet !# Loď obilná se brala ze Syrakus# a směřovala ku Latia břehům –# tu kdesi bouř se zdvihla nečekaná ,# mrštila lodí v neústupnou skálu# a pohrobila lodníky i náklad –",cs-31001
cs,0620_0001-0000-0000-0008-0000,Q32,Q213,"z Lucemburka , který zapad do drahých Čech","Machar, Josef Svatopluk",1864,1942,Luxembourg,49.77,6.13,country,country,Czech Republic,50,15,country,country," jí přezdívali . Byla vdána sice ,# než její muž se stále kdesi toulal ,# a když se v Praze zjevil , rovnal vtipně# se k Janu z Lucemburka , který zapad# do drahých Čech , když vymáhat chtěl berně . –# A modrého nic neměla než oči ,# ty , pravda , byly jako kousky nebe ,# když zahledneš je snětmi tmavých smrků ,",cs-31616
cs,0621_0001-0000-0000-0060-0000,Q131638,Q372490,"ze Skadaru , Skočí dolů do Bojany","Macháček, Simeon Karel",1799,1846,Shkodër,42.066666666667,19.5,city,city,Bojana,41.875,19.375,river,river," Sesednul jest se hnědoně svého ;# Ale promeškal se Turek nyní# Vylévaje vodu do bot vteklou ;# Aj tu skočí děva ze Skadaru ,# Skočí dolů do Bojany řeky .# Zahlédne to Turecký ten mládec ,# Sestruje ji pro velkého Boha :# „ Bohem , sestro , děvo ze Skadaru ,",cs-31697
cs,0626_0001-0007-0000-0010-0000,Q157290,Q617511,Od Šumavy až ku Snězce bílé,"Mayer, Rudolf",1837,1865,Bohemian Forest,49,13.5,mountain,mountain,Sněžka,50.736111111111,15.740277777778,mountain,mountain," Lněme v lásky vroucím nadšení ,# K budoucím dutím hleďme smutným , blahým# Slavíce v nich nové sbratření !# Od Šumavy až ku Snězce bílé ,# Pokud druha český vítá druh ,# V bratrsky se všichni spojme kruh ,# Nepřemožitelný v české síle , –",cs-32032
cs,0640_0001-0002-0000-0002-0000,Q131574,Q279943,od Vltavy k Lužnici,"Miřiovský, Emanuel",1846,1911,Vltava,50.34769,14.474382,river,river,Lužnice,49.188915,14.701045,river,river," dceři tatík po kraji .# Po Labi a po Sázavě# putuje jich hovor hravě ,# od Vltavy k Lužnici# na vorech a lodici .# S horských pěšin sráznou cestou# krok je vede v údolí ,",cs-32657
cs,0642_0001-0002-0000-0007-0000,Q1085,Q2092696,z Prahy do Rabí,"Miřiovský, Emanuel",1846,1911,Prague,50.0875,14.4213888888889,city,city,Rabí,49.280837729607,13.617637249415,city,city," a nad ním zajásal sedlákův sbor ;# byli to z Hajné švarní sedláci .# V tom navrátil se z nenadání# pan rytíř Půta z Prahy do Rabí ;# a rychtář s radou pochvátli si hezky ,# by přivítali pána s novinou :# „ Bůh , všemohoucí Bůh byl s námi ,",cs-32744
cs,0646_0001-0001-0000-0004-0002,Q1453427,Q445762,Z Týnského chrámu procesí se béře k Mostecké bráně,"Mokrý, Otokar",1854,1899,Church of Our Lady before Týn,50.08771,14.4227,default,church,Old Town Bridge Tower,50.086293,14.413655,city part,city part," jež se jak mlžná silhueta tyčí# nad mořem budov usměvavé Prahy ,# té popelkové dcery holubičí .# Z Týnského chrámu procesí se béře# k Mostecké bráně za hlaholu zvonů ,# jak bludná smečka vyplašené zvěře ,# ze všad se sbíhá v ustrašeném shonu# z uliček města klikatých a šerých",cs-32851
cs,0673_0001-0007-0000-0013-0000,Q155045,Q43266,Od Ohře k Moravě,"Mužík, Augustin Eugen",1859,1925,Ohře,50.529384,14.134078,river,river,Moravia,49.5,17,region,land,"Od Ohře k Moravě až , Odře divé# co jeden boží obzor k sobě váže ,# jen k sobě blíž , vy našich srdcí stráže ,# vy děti bolesti i lásky živé !",cs-33738
cs,0688_0001-0000-0000-0001-0004,Q858,Q79,z Syrye do Egypta,"Nejedlý, Vojtěch",1772,1844,Syria,35.216667,38.583333,country,country,Egypt,27,29,country,country," Že se již sultán z Syrye do Egypta# S vojskem vracuje svým , sám hrdina Český# Touží , aby by se spojiv s Křesťany , chvátal# K slavnému cýli . Y skrovného nebezpečenství",cs-34278
cs,0692_0003-0001-0001-0013-0000,Q1013032,Q1085,od Jinonic ostře k Praze,"Neruda, Jan",1834,1891,Jinonice,50.05444,14.36472,city part,city part,Prague,50.0875,14.4213888888889,city,city," v šedém kaftanu hned zrána přišlo ,# v kukli konalo svůj denní běh .# Jenom kmotr Váňa , dobrá duše ,# od Jinonic ostře k Praze kluše ,# kluše , odplivuje , nadává ,# leckdy z lahvičky si zavdává ,# a pak sobě bručivou zas vede :",cs-34626
cs,0707_0002-0000-0000-0061-0000,Q4373,Q1069359,Od Bílé hory až po Chemin des,"Neumann, Stanislav Kostka",1875,1947,Battle of White Mountain,50.078333333333,14.319444444444,default,battle,Chemin des Dames,49.443127777778,3.7102888888889,default,road,"Od Bílé hory až po Chemin des Dames# poznával bolest ve všech podobách# po tři sta let ,# bez jediného druha , opuštěn a sám ,",cs-36042
cs,0738_0001-0000-0000-0025-0000,Q2669840,Q2003236,od Hlízova k Novým Dvorům,"Chalupa, František",1857,1890,Hlízov,49.98505094853,15.295164439588,village,village,Nové Dvory,49.968268378914,15.32796675256,city,city," a kat Kutnohorský oprať snová# na tu neohebnou selskou šíji .# Večer tři sta peších přivede pán z Růže# a kraj od Hlízova k Novým Dvorům# nestačí mým obrněným sborům .# Zítra konec všeho býti může !# Vzhůru , páni , vzhůru zlaté číše ! “",cs-37081
cs,0738_0001-0000-0000-0025-0000,Q12029066,Q48399411,od temene Kaňku k Horské bráně,"Chalupa, František",1857,1890,Kaňk,49.9744,15.2708,city part,city part,Horská brána,50.0860175,14.4343367,city part,city part," Palcát ráz na ráz na Němce padá ,# dlouhé kopí výskne sobě k ráně# a travička podupaná zvadá# od temene Kaňku k Horské bráně .# Na rovinách hoduje smrt bledá ,# jako vlk se po mrtvolách honí .# Zikmund rozespalou hlavu zvedá ,",cs-37081
cs,0763_0001-0000-0000-0009-0000,Q35600,Q157290,od Uralu k Šumavě,"Němcová, Božena",1820,1862,Ural Mountains,60,59,mountain,mountain,Bohemian Forest,49,13.5,mountain,mountain," z tmy slovanské začíná se dníti ,# zvony zvučí ku slavnému ránu ,# Slovan vstal , na slávy tluče bránu ,# od Uralu k Šumavě ,# od Balkánu k Vltavě# jeden hlas zní , jedno slunce svítá ,# nové jaro , nový život zkvítá .",cs-38555
cs,0763_0001-0000-0000-0009-0000,Q23522,Q131574,od Balkánu k Vltavě,"Němcová, Božena",1820,1862,Balkans,42,22,region,land,Vltava,50.34769,14.474382,river,river," zvony zvučí ku slavnému ránu ,# Slovan vstal , na slávy tluče bránu ,# od Uralu k Šumavě ,# od Balkánu k Vltavě# jeden hlas zní , jedno slunce svítá ,# nové jaro , nový život zkvítá .# Svátek slávy nastal , věnčte skráně ,",cs-38555
cs,0779_0001-0000-0000-0008-0000,Q35600,Q157290,od Uralu až po Šumavu,"Ostravický, Čechoslav",1869,1912,Ural Mountains,60,59,mountain,mountain,Bohemian Forest,49,13.5,mountain,mountain," vás vzývám , bratři v západu ,# ó spěšte , zničte silou svornou# síť zkázonosných úkladů !# K vám volám , kteří od Uralu# až po Šumavu vládnete ,# kéž nad tím mostem ohroženým# se v dílu spásy sejdete !# Kéž nepadne ten přechod zlatý ,",cs-38985
cs,0791_0001-0000-0000-0001-0125,Q38,Q5684,z čarných luhů krásné Italije Jde k Babylonu,"Pfleger Moravský, Gustav",1833,1875,Italy,42.5,12.5,country,country,Babylon,32.5425,44.4211111111111,ancient city,ancient city,"A z čarných luhů krásné Italije# Jde k Babylonu nadsekvanskému ,# Kde umění též mocně , bujně žije# Svou dávajíc daň věku novému ,# Jenž Delaroche - a plnou slávou kryje . 12 )",cs-39762
cs,0803_0001-0000-0000-0001-0000,Q1644,Q1085,Od Labe i od Moravy k Praze,"Pok Poděbradský, Václav",1829,1898,Elbe,50.8875,14.2330555555556,river,river,Prague,50.0875,14.4213888888889,city,city," K chloubě věrným a zlosynům k pokoře .# Stojí Praha královská , a s Prahou pevně stojí# Synové slovanští – včely v míru , lvové v boji :# Od Labe i od Moravy k Praze lnou ,# Sáva , Visla , Tatry ctí ji – velebnou .# Tak mé oko v návratu svém plesá ,# Že zas vidí květné luhy otčiny ;",cs-40869
cs,0803_0001-0000-0000-0001-0000,Q43266,Q1085,Od Labe i od Moravy k Praze,"Pok Poděbradský, Václav",1829,1898,Moravia,49.5,17,region,land,Prague,50.0875,14.4213888888889,city,city," K chloubě věrným a zlosynům k pokoře .# Stojí Praha královská , a s Prahou pevně stojí# Synové slovanští – včely v míru , lvové v boji :# Od Labe i od Moravy k Praze lnou ,# Sáva , Visla , Tatry ctí ji – velebnou .# Tak mé oko v návratu svém plesá ,# Že zas vidí květné luhy otčiny ;",cs-40869
cs,0803_0001-0000-0000-0002-0000,Q545,Q23522,od Baltu až tam k Balkánu,"Pok Poděbradský, Václav",1829,1898,Baltic Sea,58,20,sea,sea,Balkans,42,22,region,land," Bděme , když nás k nesvornosti ďas popouzí ,# Této kletbě slavných Slovanů ,# K činné lásce vzájemnost ať nás pobouzí# Tam od Baltu až tam k Balkánu .# Mocné jsou jen hlasy četných milionů ,# Spasná shoda když panuje v jejich lónu :# Shody , síly rouchem odějme se –",cs-40870
cs,0803_0001-0000-0000-0005-0000,Q43266,Q1085,Od Labe i od Moravy Přiviňme se k matce Praze,"Pok Poděbradský, Václav",1829,1898,Moravia,49.5,17,region,land,Prague,50.0875,14.4213888888889,city,city," V své povinnosti ,# Silná naše ramena# Hojná čeká odměna !# Od Labe i od Moravy# Přiviňme se k matce Praze ,# Od Tater až do Šumavy# K sobě stůjme v jedné snaze .# V bouři i v míru",cs-40873
cs,0803_0001-0000-0000-0005-0000,Q43266,Q1085,od Moravy Přiviňme se k matce Praze,"Pok Poděbradský, Václav",1829,1898,Moravia,49.5,17,region,land,Prague,50.0875,14.4213888888889,city,city," V své povinnosti ,# Silná naše ramena# Hojná čeká odměna !# Od Labe i od Moravy# Přiviňme se k matce Praze ,# Od Tater až do Šumavy# K sobě stůjme v jedné snaze .# V bouři i v míru",cs-40873
cs,0803_0001-0000-0000-0005-0000,Q194263,Q157290,Od Tater až do Šumavy,"Pok Poděbradský, Václav",1829,1898,Tatra Mountains,49.177777777778,19.908333333333,mountain,mountain,Bohemian Forest,49,13.5,mountain,mountain," Hojná čeká odměna !# Od Labe i od Moravy# Přiviňme se k matce Praze ,# Od Tater až do Šumavy# K sobě stůjme v jedné snaze .# V bouři i v míru# Chovejme víru ,",cs-40873
cs,0811_0001-0001-0000-0023-0000,Q548,Q204347,"Od Visly , Volhy po Maricu","Pokorný, Rudolf",1853,1887,Vistula,54.3641,18.9522,river,river,Maritsa,40.738055555556,26.030555555556,river,river," Ještě jsme Slované a Slávy svojí dbáme .# Ta stará rez na poutech i ta pouta zláme –# hoj , myslíš , že se Marka Kraleviče nedočkáme ?# Od Visly , Volhy po Maricu , Sávu# slovanský bílý orel zdvihá hlavu ,# a nedáte - li žít nám volně , divy tvoře# se jednou octne na prapoře . . .",cs-41240
cs,0811_0001-0001-0000-0023-0000,Q626,Q204347,"Od Visly , Volhy po Maricu","Pokorný, Rudolf",1853,1887,Volga,45.695,47.8975,river,river,Maritsa,40.738055555556,26.030555555556,river,river," Ještě jsme Slované a Slávy svojí dbáme .# Ta stará rez na poutech i ta pouta zláme –# hoj , myslíš , že se Marka Kraleviče nedočkáme ?# Od Visly , Volhy po Maricu , Sávu# slovanský bílý orel zdvihá hlavu ,# a nedáte - li žít nám volně , divy tvoře# se jednou octne na prapoře . . .",cs-41240
cs,0812_0001-0002-0000-0027-0000,Q157290,Q35600,od Šumavy do Uralu,"Pokorný, Rudolf",1853,1887,Bohemian Forest,49,13.5,mountain,mountain,Ural Mountains,60,59,mountain,mountain," Že nás Tatra nechovala k žalu ,# že své děti šťastny spatří ,# až se vatry zvatří# od Šumavy do Uralu ?# Prostý muži ! roj tvých tklivých vzkazů# rozletí se po Slovanstvě ,# a duch , jenž dlí v psanstvě ,",cs-41301
cs,0812_0001-0002-0000-0028-0000,Q845990,Q3506100,od Kriváně k Choči,"Pokorný, Rudolf",1853,1887,Kriváň,49.1628335,20.000047,mountain,mountain,Veľký Choč,49.151388888889,19.342777777778,mountain,mountain," Rok nespočal jsem v této oase ,# však holubici duši slal jsem často ,# by nasbírala obrazů zde na sto# a od Kriváně k Choči vznesla se ;# by pod Tatrami , Turce v okrase ,# v zahrádce Slovenska let stavila# a nejkrásnější svátek slavila ,",cs-41302
cs,0823_0001-0000-0000-0001-0001,Q213,Q584,Z Čech tisíc očí hledí k Rýnu,"Procházka, František Serafínský",1861,1939,Czech Republic,50,15,country,country,Rhine,47.6662,9.1786,river,river," slyš , tisíce s ním srdcí bít ,# Ti dva , ten primas v hermelínu ,# a on – dva meče sobě vstříc .# Z Čech tisíc očí hledí k Rýnu ,# a vlast se chvěje čekajíc ,# zda zvítězí , zda nepodlehne# a svést se nedá ze svých práv .",cs-41592
cs,0835_0001-0001-0000-0006-0000,Q5836,Q5836,od Toleda a k Toledu,"Procházka, František Serafínský",1861,1939,Toledo,39.866666666667,-4.0333333333333,city,city,Toledo,39.866666666667,-4.0333333333333,city,city,"Don Miguel jel od Toleda# a k Toledu zas Pedro jel ,# až srazí se , to bude běda :# „ Krev poteče ! “ , vzkřik’ Miguel .# Don Miguel ctil krásnou Inez ,",cs-41956
cs,0838_0001-0001-0000-0004-0000,Q43266,Q1085,z Moravy ke Praze,"Procházka, František Serafínský",1861,1939,Moravia,49.5,17,region,land,Prague,50.0875,14.4213888888889,city,city," musí i váš dům vznésti se do oblak# jásavou slávou .# Než smutné zraky statisíce bratří# z Moravy ke Praze matičce patří ,# vždyť jejich touha neuskutečňuje se .# Také musí mít zázračnou kapličku ,# by poutníky vábila k sobě zdaleka ,",cs-42108
cs,0838_0001-0001-0000-0023-0000,Q43266,Q194263,z Moravy až vzhůru do Tater,"Procházka, František Serafínský",1861,1939,Moravia,49.5,17,region,land,Tatra Mountains,49.177777777778,19.908333333333,mountain,mountain," z Moravy až vzhůru do Tater –# a tak slavíme dnes dvoje křtiny ,# dvoje zdarem požehnané činy .# Dvě čítanky , lidu oslavy ,",cs-42127
cs,0845_0001-0000-0000-0013-0000,Q22647,Q38,z Troje do Vlach,"Puchmajer, Antonín Jaroslav",1769,1820,Troy,39.9575,26.238888888889,ancient city,ancient city,Italy,42.5,12.5,country,country," kdos již sladkou lásku cýtil ,# miluj , miluj zejtra zas !# Ona Láry Anchyzáše# z Troje do Vlach přenesla ;# ona syna Eneáše# z bouře mořské vynesla ,# jehož s milou Fauna vnukou ,",cs-42542
cs,0848_0001-0000-0000-0298-0000,Q378120,Q1085,Z východu Žižkov zří k Praze,"Quis, Ladislav",1846,1913,Žižkov,50.0872,14.4628,city part,city part,Prague,50.0875,14.4213888888889,city,city," výše přec vrchů nám všech , co jich jest ve světě ční .# Z východu Žižkov zří k Praze , však v západu Hory hřbet Bílé :",cs-42957
cs,0851_0001-0000-0000-0019-0000,Q12039461,Q1488700,od Můstku k Prašné bráně,"Quis, Ladislav",1846,1913,Můstek,50.0845833,14.4227778,city part,street,Powder Tower,50.087222222222,14.427777777778,city part,city part," To vlasti naší naděje ,# to naše mládež zlatá !# Od Kaprů k boudě Špinkově ,# od Můstku k Prašné bráně# rodičů hodných synkové# sem kvapí jmenem páně .# V před ženou se , v před valí se ,",cs-43032
cs,0851_0001-0000-0000-0021-0000,Q142,Q148,od Francouzska po Kytaj,"Quis, Ladislav",1846,1913,France,47,2,country,country,People's Republic of China,35.8447222222222,103.451944444444,country,country," Jakže ? Cože ? Aj , aj , aj !# Nad nás chce se povýšovat .# K smíchu ! Že zná cizí kraj# od Francouzska po Kytaj !# Kdo mu za to něco dá ?# Nic nedá ! Nic nemá !# Já jsem také vandrem chodil ,",cs-43034
cs,0870_0001-0000-0000-0004-0000,Q163329,Q79,Z Kanaanu do Egypta,"Rubeš, František Jaromír",1814,1853,Canaan,32.766667,35.333333,ancient region,ancient region,Egypt,27,29,country,country," Po potopě přijde k nám# Sem a Jafet a pan Chám ;# Pak nás hubené a bledé# Z Kanaanu do Egypta vede ,# Vypravuje široké a dlouhé historie ,# Jaké Židé měli mizerie ;# Dává stavět z cihel pyramidy ,",cs-43604
cs,0880_0001-0000-0000-0002-0002,Q15682,Q15,Z Kadixu jsme do Afriky,"Vinařický, Karel Alois",1803,1869,Cádiz,36.535,-6.2975,city,city,Africa,21.09375,7.1881,continent,continent," Tam mi vzdali hlučnou chválu ,# A mé odměnili snažení .# Jak mile se plachty lodní naduly ,# Z Kadixu jsme do Afriky přepluli .# V Tangeru prodlévá Jan# Čekaje , můj přijme - li se plán .# Naše věc jest jeho stejná péče ,",cs-44080
cs,0883_0001-0003-0001-0010-0000,Q35600,Q157290,Od Urálu do Šumavy,"Sládek, Josef Václav",1845,1912,Ural Mountains,60,59,mountain,mountain,Bohemian Forest,49,13.5,mountain,mountain," každý z nás je jinam nesen . –# Proti nám jsou všichni v zbroji ,# my nebyli nikdy svoji !# Od Urálu do Šumavy ,# k vlnám Baltu od Adrie ,# kde jen Slávské srdce bije ,# není , které nechuraví –",cs-44290
cs,0883_0001-0003-0001-0010-0000,Q157290,Q545,"Od Urálu do Šumavy , k vlnám Baltu","Sládek, Josef Václav",1845,1912,Bohemian Forest,49,13.5,mountain,mountain,Baltic Sea,58,20,sea,sea," každý z nás je jinam nesen . –# Proti nám jsou všichni v zbroji ,# my nebyli nikdy svoji !# Od Urálu do Šumavy ,# k vlnám Baltu od Adrie ,# kde jen Slávské srdce bije ,# není , které nechuraví –# Každý na nás cos si vlastní :",cs-44290
cs,0888_0001-0000-0000-0041-0000,Q43453,Q470380,od Plzně až do Přerova,"Sládek, Josef Václav",1845,1912,Plzeň,49.741388888889,13.3825,city,city,Přerov,49.455555555556,17.451111111111,city,city," to je selka veselá ,# od Plzně až do Přerova# žeť by rovné neměla !# Ráno vstane sotva svítá# jako dobrá hodina",cs-44569
cs,0888_0001-0000-0000-0041-0000,Q43453,Q470380,od Plzně až ku Přerovu,"Sládek, Josef Václav",1845,1912,Plzeň,49.741388888889,13.3825,city,city,Přerov,49.455555555556,17.451111111111,city,city," muži dodá kuráže !# Tak tu selku Kymličkovu# jednu každý na statek , –# od Plzně až ku Přerovu",cs-44569
cs,0888_0001-0000-0000-0068-0000,Q168234,Q393474,Od Zbirova k Žebráku,"Sládek, Josef Václav",1845,1912,Zbiroh,49.860330117712,13.772679609569,city,city,Žebrák,49.87582737845,13.897408903752,city,city,"Od Zbirova k Žebráku# cesta plna tabáku ;# šel tam tady náš pan vrchní ,# trousil se mu ze fraku .",cs-44596
cs,0888_0001-0000-0000-0068-0000,Q168234,Q1972068,od Zbirova do Točníka,"Sládek, Josef Václav",1845,1912,Zbiroh,49.860330117712,13.772679609569,city,city,Točník,49.885483501475,13.882830095153,village,village," trousil se mu ze fraku .# On šel napřed , – z povzdáli# mušketýři šňupali ;# od Zbirova do Točníka",cs-44596
cs,0896_0001-0000-0000-0001-0000,Q157290,Q194263,od Šumavy až k Tatrám v,"Sládek, Josef Václav",1845,1912,Bohemian Forest,49,13.5,mountain,mountain,Tatra Mountains,49.177777777778,19.908333333333,mountain,mountain," jejž za otčinu Bůh nám přál ,# kde rudobílé barvy vlají# od Šumavy až k Tatrám v dál ,# kde jako zvonů sladké hraní# zní slávský jazyk horstvem , plání ,# kde podle bratra stojí brat ,",cs-45835
cs,0954_0001-0001-0000-0006-0000,Q674016,Q131574,od Pradědu až k pěnné Vltavě,"Rypáček, František Jaroslav",1853,1917,Praděd,50.0831944444444,17.2308611111111,mountain,mountain,Vltava,50.34769,14.474382,river,river," A zázrak stal se – čarné tvoje tony# se rozléhají s Tater k Šumavě ,# svým sladkým zvukem blažíš miliony# od Pradědu až k pěnné Vltavě ,# až tam , kde Dyje v Moravu se vpíjí ,# tvůj hlahol plesá českou melodií !# Má řeči materská , má řeči tklivá ,",cs-49747
cs,0954_0001-0003-0000-0019-0000,Q13924,Q214644,od Adrie až k strmým chlumům Krkonošských hor,"Rypáček, František Jaroslav",1853,1917,Adriatic Sea,42.775833,15.426111,sea,sea,Giant Mountains,50.75,15.583333,mountain,mountain," kdy starší sestře vrácen stkvělý dar !# Jásejte s námi , četní národové ,# jež mocným křídlem chrání Austrie ,# ať svorný ples se line od Adrie# až k strmým chlumům Krkonošských hor ,# ať jedna radosť letí od Šumavy# až k šedým Alpům do tyrolských skal ,# ať jedna hymna hlaholem se nese",cs-49822
cs,0954_0001-0003-0000-0019-0000,Q157290,Q1286,od Šumavy až k šedým Alpům,"Rypáček, František Jaroslav",1853,1917,Bohemian Forest,49,13.5,mountain,mountain,Alps,46.5780555555556,8.615,mountain,mountain," jež mocným křídlem chrání Austrie ,# ať svorný ples se line od Adrie# až k strmým chlumům Krkonošských hor ,# ať jedna radosť letí od Šumavy# až k šedým Alpům do tyrolských skal ,# ať jedna hymna hlaholem se nese# po celé velké vlasti Habsburské ,# jak zřejmý výraz uznalého přání ,",cs-49822
cs,0955_0001-0000-0000-0026-0000,Q1008595,Q131574,Od Vrchlabí k Vltavě,"Tichý, Josef",1801,1878,Vrchlabí,50.627013945049,15.609473689336,city,city,Vltava,50.34769,14.474382,river,river," Tam kde Labe stříbrošedé# Hučící své proudy vede# S hor spěchajíc chvátavě# Od Vrchlabí k Vltavě :# Tam , o tam je krásná vlast má ,# Tam v tom ráji domov můj !# Kde vlast je má , kde domov můj ? –",cs-49850
cs,0969_0001-0002-0000-0038-0000,Q157290,Q5955,Od Šumavy k Altaj -,"Tomíček, Jan Slavomír",1806,1866,Bohemian Forest,49,13.5,mountain,mountain,Altai Mountains,49,89,mountain,mountain," Ze dvou světů již se utvoří# Duše mladá – kouzlo duše vnadné .# Žive , žive , jarem zase mladne# Od Šumavy k Altaj - pohoří ;# Sílou světopojnou zahoří# Jarobujné srdce její ladné .# Hory zvučí , kloní se jí háje ,",cs-50481
cs,0971_0001-0000-0000-0001-0006,Q83241,Q104028,z Galílee na ta slova do země Judské,"Táborský, František",1858,1940,Galilee,32.76,35.527,region,region,Judea,31.698889,35.306389,ancient region,ancient region," svět všecek s národy .# I šli všichni , by z nich zapsali každého ,# každý do města svojeho .# Šel pak i Josef z Galílee na ta slova# do země Judské , města Davidova ,# jež slove Betlémem ,# by zapsán byl s Marií , sobě snoubenou# manželkou , těhotnou .",cs-50574
cs,0971_0001-0000-0000-0001-0006,Q5776,Q5776,z Betléma já do Betléma,"Táborský, František",1858,1940,Bethlehem,31.704444444444,35.206111111111,city,city,Bethlehem,31.704444444444,35.206111111111,city,city," do Betléma , jenž jest Východem ,# odkud zjasněn vyjde národ s národem .# Na křídla se okovy mé mění ,# z Betléma já do Betléma k vám# nový život vítat pospíchám ,# moji věrní , moji vyvolení .# Do našeho Betléma jdu k vám ,",cs-50574
cs,0980_0001-0000-0000-0001-0002,Q37985,Q34713,"z Korutanska , i po arciknězi Solnohradu","Tůma, Jan Václav",1846,1910,Carinthia,46.7525,13.8617,region,region,Salzburg,47.8,13.045,city,city," po všech pánech , rytířích a městech# vyzvat národ na boj trestající .# I po Otě z Branibor markrabí ,# i po vojevodě z Korutanska ,# i po arciknězi Solnohradu ,# i po jiných mnohých vojevodech ,# aby by plnili své povinnosti# a s ním táhli proti Uhrům divým .",cs-51020
cs,0982_0001-0001-0001-0008-0000,Q60956,Q2915661,od Askalonu ke bránám Rámy,H. Uden,1847,1930,Ashkelon,31.665833333333,34.566388888889,city,city,Rameh,32.93925,35.367113888889,village,village," kdo chce pánem zváti se , či zdáti .# Šerá mlha houstla nad vodami ,# podryli ti půdu pod nohami# od Askalonu ke bránám Rámy .# Zpronevěra zprvu líně kráčí ,# za chvíli jí běhoun sotva stačí ,# a již letí jako křídlo dračí .",cs-51039
cs,0985_0001-0001-0000-0005-0000,Q617511,Q171080,Od Sněžky až ku Kotarské věži,"Uhlíř, Josef",1822,1904,Sněžka,50.736111111111,15.740277777778,mountain,mountain,Kotor,42.42539,18.771191,city,city," Předc jen skrovnou oněch zřím tu části ;# Většina jich ducha hřivnou těží# Po daleké , všerakouské vlasti# Od Sněžky až ku Kotarské věži .# Hlásají - tě jedni slovo Boží ,# Druzí nad zákonem strážně bdějí ;# Jiní opět k chorobnému loži",cs-51312
cs,0996_0001-0000-0000-0005-0007,Q15,Q46,z mládí z pouště Afrikánské do Evropy,"Vinařický, Karel Alois",1803,1869,Africa,21.09375,7.1881,continent,continent,Europe,48.690959,9.14062,continent,continent," Rodiny Oraň - Utanské# pravý potomek –# a však pastorek ,# z mládí z pouště Afrikánské# do Evropy zavlečen ,# byl jsem v pověstné menažerii# v tanci vycvičen .# Sjezdil jsem v tom zajetí",cs-51884
cs,0996_0001-0000-0000-0005-0007,Q15,Q46,z pouště Afrikánské do Evropy,"Vinařický, Karel Alois",1803,1869,Africa,21.09375,7.1881,continent,continent,Europe,48.690959,9.14062,continent,continent," Rodiny Oraň - Utanské# pravý potomek –# a však pastorek ,# z mládí z pouště Afrikánské# do Evropy zavlečen ,# byl jsem v pověstné menažerii# v tanci vycvičen .# Sjezdil jsem v tom zajetí",cs-51884
cs,0998_0001-0003-0000-0018-0000,Q43266,Q213,Z Moravy k nám do Čech,"Vinařický, Karel Alois",1803,1869,Moravia,49.5,17,region,land,Czech Republic,50,15,country,country," sta set zvonů hlaholí ;# tisícletým hodem ctíme# slovanské apoštoly .# Z Moravy k nám do Čech přešla# svatá víra Kristova ,# odtuď našim dědům vzešla# hvězda ta třikrálová .",cs-51990
cs,1000_0001-0001-0000-0013-0000,Q545,Q13924,z Baltu k Adrii,"Vlk, Jan",1822,1896,Baltic Sea,58,20,sea,sea,Adriatic Sea,42.775833,15.426111,sea,sea," jednu máme lásku ,# jeden máme hněv .# Od ledu k Balkánu ,# z Baltu k Adrii ,# z českých hor do Tater# jeden hlas ať zní :# Jednu mějme vůli ,",cs-52017
cs,1001_0001-0000-0000-0001-0002,Q23522,Q4110,z hor Balkanských lůna Až k Arkoně Baltem,"Vocel, Jan Erazim",1803,1871,Balkans,42,22,region,land,Cape Arkona,54.676388888889,13.437777777778,cape,cape," Stojí Slavie ! – tak zněla# Odpověd , již nejtajnější struna# Přírody mi zde též k sluchu nese ,# Struna , kteráž z hor Balkanských lůna# Až k Arkoně Baltem rvané pne se ! –# Hledal jsem v Slovanské národnosti# Símě slávoskvělé budoucnosti ,# Chtěl jsem dospět k života poznání :",cs-52052
cs,1008_0001-0004-0000-0005-0000,Q41,Q14314,"z Řecka jakýs poutník přišel , do Sanjaga","Vrchlický, Jaroslav",1853,1912,Greece,38.5,23,country,country,Santiago de Compostela,42.883333333333,-8.5333333333333,city,city," nahý zbyl jim život , a ten# král jim zpět dal v okamžení .# V této době obležení ,# z Řecka jakýs poutník přišel ,# do Sanjaga , jenž o světci# mnoho zázračného slyšel .# Astiáno jeho jméno ,# biskup všemi zván byl kolem ,",cs-52431
cs,1008_0001-0011-0000-0012-0000,Q4040,Q8818,z Arragonu dědicovi . Do Valencie,"Vrchlický, Jaroslav",1853,1912,Aragon,41,-1,region,region,Valencia,39.47,-0.376388888888889,city,city," Doňu Sol , jež mladší byla ,# svojí Don Pedro chtěl zváti ,# Sančovi by dal ji princi# z Arragonu dědicovi .# Do Valencie Cid táhnul# s čackým srdcem , čilé mysle ,# zhanobené dcery svoje",cs-52489
cs,1019_0001-0001-0000-0001-0003,Q35600,Q48,od Urálu větrů křídlem ku Byzanci . Na pobřeží Asiatském,"Vrchlický, Jaroslav",1853,1912,Ural Mountains,60,59,mountain,mountain,Asia,43.6811111111111,87.3311111111111,continent,continent," kam přilétl , psové vyli .# Strach a nářky , kvil a kletby# před sebou hnal v divém zmatku ,# a tak letěl od Urálu# větrů křídlem ku Byzanci .# Na pobřeží Asiatském# celá města stojí prázdná ,# lodě hnijí ve přístavech ,# na ulicích lidská těla .",cs-53196
cs,1022_0001-0004-0000-0003-0000,Q427604,Q616334,Od Petřína k Vyšehradu,"Vrchlický, Jaroslav",1853,1912,Petřín,50.083611111111,14.395277777778,mountain,mountain,Vyšehrad,50.064427188,14.417644214,castle/fort,historic fort,Od Petřína k Vyšehradu# davem ku knížeti# na peruti lidských řečí# divná pověst letí :,cs-53444
cs,1023_0001-0000-0000-0001-0003,Q202422,Q180918,"z Lapethy , Kuria i Salaminy vše valilo se do Pafu","Vrchlický, Jaroslav",1853,1912,Salamis Island,37.9380555555556,23.4852777777778,island,island,Paphos,34.77612852,32.42651039,city,city," se dostal na Cypr , leč velmi záhy# zvěst rozletla se krajem : „ Hilarion ,# mnich zázračný , je zde , “ a opět v davech# z Lapethy , Kuria i Salaminy# vše valilo se do Pafu , kde bydlil .# A jako všady slepým zrak on vracel ,# a chromým sílu v zmrzačené oudy .# Den dvacátý tak minul , unavený",cs-53459
cs,1035_0001-0004-0000-0023-0000,Q215573,Q3812,od Beskyd lítá k Celebesu,"Vrchlický, Jaroslav",1853,1912,Beskids,49.41666667,20.25,mountain,mountain,Sulawesi,-2,121,island,island," byť vjel mi ďábel do pačesů –# Vždy pili jsme a budem pít !# Ó pěvci , větrný jichž stán# od Beskyd lítá k Celebesu ,# již pojídáte marcipán# a srkáte Mus nektar v plesu ,# hoj , kterak vaším copem třesu !",cs-54489
cs,1041_0001-0002-0000-0001-0000,Q378120,Q427604,od Žižkova ku Petřínu,"Vrchlický, Jaroslav",1853,1912,Žižkov,50.0872,14.4628,city part,city part,Petřín,50.083611111111,14.395277777778,mountain,mountain, od Žižkova ku Petřínu !# Jako zázrak jiných světů# leží Praha v strání klínu .# Jak labutě mraky v letu,cs-54752
cs,1042_0001-0007-0000-0007-0000,Q40059,Q131574,od Jordanských břehů jež vedla k břehům Vltavy,"Vrchlický, Jaroslav",1853,1912,Jordan River,31.761388888889,35.558333333333,river,river,Vltava,50.34769,14.474382,river,river,"Dlaň , vaše dědy od Jordanských břehů# jež vedla k břehům Vltavy a Labe# v zlém dešti urážek a v důtek šlehu ,# z vás kdysi velkých udělala slabé ,# ta ruka drtící , jak žernov těžká ,",cs-54876
cs,1045_0001-0001-0000-0011-0000,Q812,Q85,od Floridy do Kahýry,"Vrchlický, Jaroslav",1853,1912,Florida,28.133333333333,-81.631666666667,region,region,Cairo,30.0444444444444,31.2358333333333,city,city," Já prošel světa obor širý ,# žen krásných pravý znalec jsem ,# já pouště zřel i moře víry ,# leč od Floridy do Kahýry ,# všech krása proti tvé jest snem .# Jen cudně skláněj víčka očí ,# šat ňader zvedej pomalu !",cs-55082
cs,1047_0001-0002-0000-0060-0007,Q626,Q1644,od Volhy k Labi,"Vrchlický, Jaroslav",1853,1912,Volga,45.695,47.8975,river,river,Elbe,50.8875,14.2330555555556,river,river," Však ta zůstala jako skála němá ,# noh jeho písně třás’ jen perutěma !# Kol noc a tma – ó volej v šíré kraje ,# od Volhy k Labi projdi slávské ráje ,# rci Čech a Lech a Rus , jdi přes staletí ,# zda Slovan ozve se ti ?# Ó krásný sne , jak plníš duši smutkem ! –",cs-55365
cs,1047_0001-0002-0000-0060-0008,Q626,Q23522,od Volhy až ku Balkánu,"Vrchlický, Jaroslav",1853,1912,Volga,45.695,47.8975,river,river,Balkans,42,22,region,land," my všichni od Volhy až ku Balkánu ,# od Labe k moři , zdeptáni a skláni ,# my musíme v budoucna bíti bránu ;# kdo běh náš dnes by zoužil ?",cs-55366
cs,1054_0001-0002-0000-0008-0000,Q40855,Q1229,od Dněpru až k Donu,"Vrchlický, Jaroslav",1853,1912,Dnieper,46.4964,32.2872,river,river,Don,47.0864,39.2386,river,river," Kde jsou časy , ty můj koni , kdy jsme jeli po ní ?# Slyším v duchu podkovky tvé , do dálky jak zvoní .# Kde jsou časy , ty můj koni , vítr v divém honu ,# předjeli jsme travin mořem od Dněpru až k Donu !# Ať jsme nesli bílé psaní cáru , hosudaru ,# ať vzkaz milky atamanu plný sladkých žárů .# Čapkou mách’ jsem , ty můj koni , cinknul ostruhami ,",cs-55826
cs,1057_0001-0000-0000-0002-0003,Q3255,Q148505,od Uznoima ku Volinu,"Vrchlický, Jaroslav",1853,1912,Usedom,53.933333333333,14.083333333333,island,island,Wolin,53.916666666667,14.5,island,island," Valné Odry na pobřeží# od Vadomu ku Kaminu ,# od Štětína přes kraj Ukrů ,# od Uznoima ku Volinu .# Po svých otců dávném zvyku# raděj vládnu žezlem míru ,# ač říš chová , vědí bozi ,",cs-56098
cs,1062_0001-0003-0000-0003-0000,Q128087,Q5747,od Lesbu až do Palmyry,"Vrchlický, Jaroslav",1853,1912,Lesbos,39.21,26.28,island,island,Palmyra,34.550381,38.269791,ancient city,ancient city," Čníš tu posud jako druhdy ,# Hellas když ti pletla věnce ,# a zvěst lásky sladká létla# od Lesbu až do Palmyry ,# až za sloupy Herakla !# Říše tvá je nesmrtelná ,# od moře jde k moři , hvězdy",cs-56600
cs,1076_0001-0000-0000-0001-0003,Q1587293,Q1014196,od Hartmanic běží k Svojanovu,"Vrchlický, Jaroslav",1853,1912,Hartmanice,49.625260549903,16.372967344933,village,village,Svojanov Castle,49.62747778,16.40844167,castle/fort,castle," jež zřel jednou vyhřívat se v slunci ,# v úvozové cestě kamenité ,# nepravých jež granátů jsouc plna ,# od Hartmanic běží k Svojanovu .# Záhy vytušil svou dětskou myslí# zdravou moudrost v říze drsné řeči ,# kterou hlásal jemu otec Matouš ,",cs-57281
cs,1076_0001-0000-0000-0001-0007,Q584,Q602,"od Rýna tak jako od Dunaje , od Temže až k Rhoně","Vrchlický, Jaroslav",1853,1912,Rhine,47.6662,9.1786,river,river,Rhône,43.3342,4.8442,river,river," s erby podivnými cizích zemí :# z Uher , Němec , Polska , Italie ,# z Francie a Španěl , z Portugalska ,# od Rýna tak jako od Dunaje ,# od Temže až k Rhoně , ku Tibeře !# Co tu řečí ! takto asi zvučel# starý Babel , v rozkaz Hospodinův ,# když v něm nastal všechněch řečí zmatek .",cs-57285
cs,1076_0001-0000-0000-0001-0007,Q1653,Q602,"od Dunaje , od Temže až k Rhoně","Vrchlický, Jaroslav",1853,1912,Danube,48.0951111111111,8.15488888888889,river,river,Rhône,43.3342,4.8442,river,river," s erby podivnými cizích zemí :# z Uher , Němec , Polska , Italie ,# z Francie a Španěl , z Portugalska ,# od Rýna tak jako od Dunaje ,# od Temže až k Rhoně , ku Tibeře !# Co tu řečí ! takto asi zvučel# starý Babel , v rozkaz Hospodinův ,# když v něm nastal všechněch řečí zmatek .",cs-57285
cs,1076_0001-0000-0000-0001-0007,Q19686,Q602,"od Dunaje , od Temže až k Rhoně","Vrchlický, Jaroslav",1853,1912,River Thames,51.6944444444444,-2.02972222222222,river,river,Rhône,43.3342,4.8442,river,river," s erby podivnými cizích zemí :# z Uher , Němec , Polska , Italie ,# z Francie a Španěl , z Portugalska ,# od Rýna tak jako od Dunaje ,# od Temže až k Rhoně , ku Tibeře !# Co tu řečí ! takto asi zvučel# starý Babel , v rozkaz Hospodinův ,# když v něm nastal všechněch řečí zmatek .",cs-57285
cs,1076_0001-0000-0000-0001-0007,Q1653,Q13712,"od Dunaje , od Temže až k Rhoně , ku Tibeře","Vrchlický, Jaroslav",1853,1912,Danube,48.0951111111111,8.15488888888889,river,river,Tiber,41.740555555556,12.233333333333,river,river," s erby podivnými cizích zemí :# z Uher , Němec , Polska , Italie ,# z Francie a Španěl , z Portugalska ,# od Rýna tak jako od Dunaje ,# od Temže až k Rhoně , ku Tibeře !# Co tu řečí ! takto asi zvučel# starý Babel , v rozkaz Hospodinův ,# když v něm nastal všechněch řečí zmatek .",cs-57285
cs,1076_0001-0000-0000-0001-0007,Q19686,Q13712,"od Rýna tak jako od Dunaje , od Temže až k Rhoně , ku Tibeře","Vrchlický, Jaroslav",1853,1912,River Thames,51.6944444444444,-2.02972222222222,river,river,Tiber,41.740555555556,12.233333333333,river,river," s erby podivnými cizích zemí :# z Uher , Němec , Polska , Italie ,# z Francie a Španěl , z Portugalska ,# od Rýna tak jako od Dunaje ,# od Temže až k Rhoně , ku Tibeře !# Co tu řečí ! takto asi zvučel# starý Babel , v rozkaz Hospodinův ,# když v něm nastal všechněch řečí zmatek .",cs-57285
cs,1076_0001-0000-0000-0001-0007,Q602,Q13712,"od Temže až k Rhoně , ku Tibeře","Vrchlický, Jaroslav",1853,1912,Rhône,43.3342,4.8442,river,river,Tiber,41.740555555556,12.233333333333,river,river," z Uher , Němec , Polska , Italie ,# z Francie a Španěl , z Portugalska ,# od Rýna tak jako od Dunaje ,# od Temže až k Rhoně , ku Tibeře !# Co tu řečí ! takto asi zvučel# starý Babel , v rozkaz Hospodinův ,# když v něm nastal všechněch řečí zmatek .",cs-57285
cs,1078_0001-0004-0000-0011-0000,Q1641699,Q616334,"z nich k Libušínu , k Vyšehradu","Vrchlický, Jaroslav",1853,1912,Libušín,50.168272849798,14.054657380156,city,city,Vyšehrad,50.064427188,14.417644214,castle/fort,historic fort," jak tě kdysi do země zatkla kněžna# s mužem tím z lidu .# Stojíš , zvěst dí , kořenem trojím v hloubi# pevně držíš – první z nich k Libušínu ,# k Vyšehradu druhý jde , třetí sahá# do středu země .# Co tvůj národ na nové spěje dráhy ,# v nové boje tuží se , světce svého ,",cs-57500
cs,1096_0001-0002-0000-0001-0000,Q279943,Q1085,od Ústí Nad Lužnicí táhnoucí K Praze,"Wenzig, Josef",1807,1876,Lužnice,49.188915,14.701045,river,river,Prague,50.0875,14.4213888888889,city,city," Ke Knínu . Tu na pravém však# Břehu Vltavy volání# O pomoc jsme uslyšeli .# Tam hromádka , od Ústí# Nad Lužnicí táhnoucí# K Praze , srazila se s Petrem# Ze Šternberka , s Janem Ptáčkem ,# A s jinými ještě pány ,# Jichžto voje obnášely",cs-58863
cs,1096_0001-0003-0000-0001-0000,Q10856807,Q980,z Janovic našeho Kněze Nakvasu do Bavor,"Wenzig, Josef",1807,1876,Janovice,49.5603,17.9506,village,village,Bavaria,49.0786111111111,11.3855555555556,region,region," „ „ Neřádí - li Bohuslav# Ze Švamberka v Plzeňsku# Jako saň , a neprodal - li# Racek z Janovic našeho# Kněze Nakvasu do Bavor ,# Kde ho slavně upálili ,# Mučivše prv spůsobem ho# Nejvyhledanějším ? ““ „ „ „ „ Dobře",cs-58864
cs,1116_0001-0000-0000-0001-0000,Q142,Q5836,"z Francie , jež do Toleda","Zeyer, Julius",1841,1901,France,47,2,country,country,Toledo,39.866666666667,-4.0333333333333,city,city," a řekl : „ Králi , dítě své mi dej ,# jsem dědic trůnu sladké Francie ! “# A ještě než jsem zcela domluvil ,# do síně vešli posli z Francie ,# jež do Toleda poslal otec můj :# na jevo vyšla moje nevina ,# a na smrtelném loži ležel král# a žádal ještě jednou spatřit mě .",cs-59767
cs,1116_0001-0000-0000-0002-0001,Q2486621,Q90,z Egremontu pán do Paříže,"Zeyer, Julius",1841,1901,Egremont,54.484,-3.5306,city,city,Paris,48.8566666666667,2.35222222222222,city,city," a jak by šero vniklo do síně .# A Lotár hlavu zdvih’ a řekl tak :# „ Já prosil vás , však takto káže král :# Ať z Egremontu pán do Paříže# se dostaví , by skládal znova hold# před trůnem mým , a šest set rytířů# ať jede s ním . Do vánoc lhůtu dám . “",cs-59768
cs,1116_0001-0000-0000-0002-0004,Q16869,Q142,z Cařihradu vraceje se zpět do Francie,"Zeyer, Julius",1841,1901,Constantinople,41.0125,28.98,city,city,France,47,2,country,country," co Renaldova vzpoura trvala# a jeho bratrů , oni jediní# se Karlovi nechtěli podrobit ,# a z Cařihradu vraceje se zpět# do Francie , byl uzřel na skále# tvrz Montalbánskou . Proto jeho hněv# tak silně vzplanul , proto sbíral teď# tak velké vojsko proti Renaldu",cs-59771
cs,1120_0001-0000-0000-0001-0006,Q8826,Q15,z Palmy právě do Afriky,"Zeyer, Julius",1841,1901,Palma de Mallorca,39.566666666667,2.6497222222222,city,city,Africa,21.09375,7.1881,continent,continent," Promiň mně , já napravím to !# Díky tobě za ten pokyn ! “# Prchl na loď , která plula# z Palmy právě do Afriky ,# hymny plné jásavosti# z hloubi duše pěl , když zmizel# v modré mlze ostrov rodný ,",cs-59833
cs,1123_0001-0000-0000-0002-0000,Q171150,Q1085,z Uher do Prahy,"Zeyer, Julius",1841,1901,Kingdom of Hungary,47,19,country,country,Prague,50.0875,14.4213888888889,city,city," Tak plynul čas mu . Jaro přišlo ‘sléz ,# a zahrady se zelenaly juž ,# a s krásným jitrem jednou přišla zvěsť ,# že Anna jede z Uher do Prahy ,# a jejím hostem že jest Marie ,# choť někdy Ludvíka , jejž bařina# tam u Mohače byla zhltila ,",cs-59896
cs,1143_0001-0002-0000-0003-0000,Q548,Q584,od Visly až k Rýnu,"Čech, Svatopluk",1846,1908,Vistula,54.3641,18.9522,river,river,Rhine,47.6662,9.1786,river,river," Zatím co tam u nás plémě dvojí# odvěkým se sápe rozporem# a jen záštím všechny mysli kojí .# Národe , jenž od Visly až k Rýnu# rozestřel jsi svoje čety valné ,# od Alp těchto k půlnoci až dalné ,# kde hrob Slávů zavát v baltskou dýnu ,",cs-60851
cs,1143_0001-0004-0000-0001-0008,Q194263,Q6489,od výspy Tatranské k valům Rodopy,"Čech, Svatopluk",1846,1908,Tatra Mountains,49.177777777778,19.908333333333,mountain,mountain,Rhodope Mountains,41.601111111111,24.574166666667,mountain,mountain," hrozí záhubou neb vnitřní spory .# Rvány bouří , v nitru vlastním chory ,# slábnou větve lípy slovanské ,# smutno vše od výspy Tatranské# k valům Rodopy a Černé Hory .# A brat , který svou nás těšil mocí ,# silou titanskou se honose ,# sám teď sklácen strádá bez pomoci .",cs-60882
cs,1154_0001-0000-0000-0022-0000,Q626,Q487372,Od Volhy ona matičky do Bucharska,"Čelakovský, František Ladislav",1799,1852,Volga,45.695,47.8975,river,river,Bukhara Region,40.166666666667,63.666666666667,region,region," Po zemích po dalekých Cara ruského ,# Od Volhy ona matičky do Bucharska ,# Do Tibetu , Kitaje , do Sibirska ,# Tobolsk a Irkuck mimoletem vzala ;# A devět moří modřinka přeletěla ,",cs-61114
cs,1154_0001-0000-0000-0022-0000,Q626,Q17252,"Od Volhy ona matičky do Bucharska , Do Tibetu","Čelakovský, František Ladislav",1799,1852,Volga,45.695,47.8975,river,river,Tibet,29.65,91.1,mountain,mountain," Po zemích po dalekých Cara ruského ,# Od Volhy ona matičky do Bucharska ,# Do Tibetu , Kitaje , do Sibirska ,# Tobolsk a Irkuck mimoletem vzala ;# A devět moří modřinka přeletěla ,# Německo a Polsko k tomu proletěla .",cs-61114
cs,1154_0001-0000-0000-0022-0000,Q649,Q2337,Z matičky kamenné Moskvy do Smolenska,"Čelakovský, František Ladislav",1799,1852,Moscow,55.755833333333,37.617777777778,city,city,Smolensk,54.782777777778,32.045277777778,city,city," Všech prodavačů a kupovačů# Zejména a řadem vypovídati ,# Nestačiloby z matičky Moskvy ,# Z matičky kamenné Moskvy do Smolenska ,# A ze Smolenska do Vitebska .# I byl trh velký v polovic trhu ,# Přijela sova – bohatá vdova",cs-61114
cs,1154_0001-0000-0000-0022-0000,Q2337,Q185700,ze Smolenska do Vitebska,"Čelakovský, František Ladislav",1799,1852,Smolensk,54.782777777778,32.045277777778,city,city,Vitebsk Region,55.333333333333,29,region,region," Zejména a řadem vypovídati ,# Nestačiloby z matičky Moskvy ,# Z matičky kamenné Moskvy do Smolenska ,# A ze Smolenska do Vitebska .# I byl trh velký v polovic trhu ,# Přijela sova – bohatá vdova# Se svými strejci – všemi kulichy ,",cs-61114
cs,1160_0001-0004-0002-0013-0000,Q980,Q1085,Od Bavor ku Praze,"Čenkov, Emanuel",1868,1940,Bavaria,49.0786111111111,11.3855555555556,region,region,Prague,50.0875,14.4213888888889,city,city,"Od Bavor ku Praze když letíš v rychlém vlaku ,# hrad ve skal útesu se na mžik zjeví zraku ,# pod nebem modravým šedivý kastel ,# les , řeka , městečko – lahodný pastel .",cs-61591
cs,1169_0001-0001-0000-0002-0000,Q1286,Q3376,z modravých Alp k Tridentu,"Červinka, Karel",1872,1949,Alps,46.5780555555556,8.615,mountain,mountain,Trento,46.06666667,11.11666667,city,city," že vyvolat mi dovedlo ! Svit mdlý# nám zahrával a blýskal na bodácích ,# když z modravých Alp k Tridentu jsme šli .# Já snědé děvče zahléd u kukuřic ,# zrak mělo černý , cikánský to zrak ,# můj teplý pohled , v pestrý šat se tulíc ,",cs-61905
cs,1173_0001-0000-0000-0001-0003,Q23522,Q157290,od Balkánu po Šumavu,"Červinka, Otakar",1846,1915,Balkans,42,22,region,land,Bohemian Forest,49,13.5,mountain,mountain," po staletích po prvé na vrahy ,# a svět zřel ideu slovenskou živu# radostně hlásat plnou odvahy :# „ My bratři od Balkánu po Šumavu ,# zbožňujem jednu matku : svatou Slávu . “# Vše dobrý konec mohlo ještě vzíti .# Již řádné volby jsou k sněmu .",cs-62088
cs,1174_0001-0000-0000-0004-0000,Q1288,Q157290,od Karpat k Šumavě,"Červinka, Otakar",1846,1915,Carpathian Mountains,47,25.5,mountain,mountain,Bohemian Forest,49,13.5,mountain,mountain,,cs-62102
cs,1174_0001-0000-0000-0004-0000,Q214644,Q43266,z Krkonoš k Moravě,"Červinka, Otakar",1846,1915,Giant Mountains,50.75,15.583333,mountain,mountain,Moravia,49.5,17,region,land,,cs-62102
cs,1175_0001-0000-0000-0001-0002,Q214644,Q157290,od Krkonoš po Šumavu,"Červinka, Otakar",1846,1915,Giant Mountains,50.75,15.583333,mountain,mountain,Bohemian Forest,49,13.5,mountain,mountain, v srdce muže v plaché bázni# zasel jiskru lásky strázní ;# že nebylo v české zemi# od Krkonoš po Šumavu# krasší děvy mezi všemi# nad mladistvou Vlastislavu ;# Purkmistra to Pichla dítě –,cs-62113
cs,1181_0001-0000-0000-0006-0000,Q370445,Q465312,z Tisovce do Března,"Šafařík, Pavel Josef",1795,1861,Tisovec,48.6805555555556,19.9455555555556,city,city,Brezno,48.803611111111,19.638055555556,city,city," Brzo je ukrutná zmařila zlost ,# Falešně prodala nevěrná ctnost .# Půlhoro , Půlhoro ! hospodo hrozná !# ( Cesta tu z Tisovce do Března vozná )# Jméno tvé bude vždy nemile znít# Zbojníkům , pokud jen budeš se stkvít .# Devět jich v hospodě léčilo srdce",cs-62187
cs,1190_0001-0002-0000-0002-0000,Q617511,Q157290,ode Sněžky do Šumavy,"Šmilovský, Alois Vojtěch",1837,1883,Sněžka,50.736111111111,15.740277777778,mountain,mountain,Bohemian Forest,49,13.5,mountain,mountain," lásku dýše luh i bor ;# svadly – svadly věnce slávy ,# posud bdí však její duch :# ode Sněžky do Šumavy",cs-62681
cs,1190_0001-0003-0000-0004-0000,Q157290,Q35600,od Šumavy do Urálu,"Šmilovský, Alois Vojtěch",1837,1883,Bohemian Forest,49,13.5,mountain,mountain,Ural Mountains,60,59,mountain,mountain," po všech Slávy matky končinách ,# z věrných prsou bratrského kůru# hlásej slávu v městech , v dědinách ;# od Šumavy do Urálu ,# ode Visly do Dunaje ,# i v hor Černých skalné kraje# rozpni peruť ve zápalu :",cs-62712
cs,1190_0001-0003-0000-0004-0000,Q548,Q1653,ode Visly do Dunaje,"Šmilovský, Alois Vojtěch",1837,1883,Vistula,54.3641,18.9522,river,river,Danube,48.0951111111111,8.15488888888889,river,river," z věrných prsou bratrského kůru# hlásej slávu v městech , v dědinách ;# od Šumavy do Urálu ,# ode Visly do Dunaje ,# i v hor Černých skalné kraje# rozpni peruť ve zápalu :# jako hlahol bojů dávných ,",cs-62712
cs,1194_0001-0001-0000-0015-0000,Q194263,Q23522,od Tater až do Balkánu,"Šolc, Václav",1838,1871,Tatra Mountains,49.177777777778,19.908333333333,mountain,mountain,Balkans,42,22,region,land,,cs-62956
cs,1194_0001-0003-0000-0013-0000,Q993,Q157290,od Kamčatky šíro k Šumavě,"Šolc, Václav",1838,1871,Kamchatka Peninsula,57,160,region,land,Bohemian Forest,49,13.5,mountain,mountain," a Carhrad Kristu zas se pozasvětí –# praporec vlaje , k předu Slávy děti !# Vy vonným oblakem zem zahalíte ,# kdy od Kamčatky šíro k Šumavě# ku blahu lidstva , sobě k oslavě# zahradu rajských květů vysázíte ;# i otevře se světlých nebes brána",cs-63008
cs,1199_0001-0000-0000-0019-0000,Q1218,Q5687,Z Jerusalema jda do Jericha,"Štulc, Václav",1814,1887,Jerusalem,31.7788888888889,35.2255555555556,city,city,Jericho,31.856111111111,35.463055555556,city,city,"Z Jerusalema jda do Jericha ,# Zlopověstnou pouští muž pospíchá .# Než nastojte , divé na samotě# Upad’ v ruce loupežnické rotě !",cs-63307
cs,1205_0005-0003-0000-0014-0000,Q740863,Q986070,od České Lípy do Chrudimi,"Gellner, František",1881,1914,Česká Lípa,50.68558429129,14.53774710235,city,city,Chrudim,49.951136279202,15.795635790875,city,city," Já též jsem nosil kvér a tele# na rozdrcení nepřítele ,# a jak se sluší na muže ,# od České Lípy do Chrudimi# jsem kalhotami erárními# vymetl všecky kaluže .# Manévry čtyři prodělal jsem ,",cs-63653
cs,1205_0005-0003-0000-0028-0000,Q545,Q13924,od Baltu až k Adrii,"Gellner, František",1881,1914,Baltic Sea,58,20,sea,sea,Adriatic Sea,42.775833,15.426111,sea,sea," že je čestným pro muže# zhynout za své nepřátele .# Černý orel rozkročený# od Baltu až k Adrii# pýchy pohled nezkrocený# vrhá po Evropě celé ,# po Africe , Asii ,",cs-63667
cs,1205_0005-0003-0000-0046-0003,Q545,Q13924,od Baltu až k Adrii,"Gellner, František",1881,1914,Baltic Sea,58,20,sea,sea,Adriatic Sea,42.775833,15.426111,sea,sea," s maďarským ho pojí panstvem ,# stlouká velkou maffii# od Baltu až k Adrii ,# Pruska zisk je jeho cílem ,",cs-63687
cs,1207_0001-0000-0000-0013-0005,Q1288,Q5428,od Karpat přes smutnou Rus celé po Sibiři,"Odvalil, František",1880,1938,Carpathian Mountains,47,25.5,mountain,mountain,Siberia,60,105,region,region," Co budu já povídat ? Písmeno jen pouhé ,# byl jsem také v básni té hrdinné a dlouhé ,# jež se nese velebná po dálce a šíři# od Karpat přes smutnou Rus celé po Sibiři ,# bojem hřmí a žalem lká , buduje svou prací ,# až se slavná vítězstvím v domov svůj zas vrací# během slunka opačným , kolem země celé –",cs-63790
cs,1210_0001-0000-0000-0030-0000,Q1085,Q35600,od Prahy k Urálu,"Odvalil, František",1880,1938,Prague,50.0875,14.4213888888889,city,city,Ural Mountains,60,59,mountain,mountain," ať Atlantis nám zkvétá# a Utopií celý svaz# ba co vše – čerti vědí –# za to od Prahy k Urálu# se mohou lovit sledi .# Slunečko , měsíc , hvězdičky –# to může zůstat vždycky ,",cs-63975
cs,1212_0001-0002-0000-0004-0001,Q1823216,Q320939,Z Liběchova po silnici k Mělníku,"Medek, Rudolf",1890,1940,Liběchov,50.407910682451,14.446835371569,city,city,Mělník,50.35057067972,14.474193495734,city,city,"Z Liběchova po silnici k Mělníku# v údol klesá cesta mezi vinicemi .# Rozkvétá tu réva , znovu réva kvete ,# jaro prchlo už , jde léto naší zemí –",cs-64032
cs,1214_0001-0000-0000-0001-0004,Q194263,Q157290,od Tater k Šumavě,"Medek, Rudolf",1890,1940,Tatra Mountains,49.177777777778,19.908333333333,mountain,mountain,Bohemian Forest,49,13.5,mountain,mountain," kdy Jitřenka bílá a rudá# na modrém zasvítí nebi ,# na nebi , jež spojí tvůj národ# od Tater k Šumavě !# Na bratrských polích ses bil ,# na srbských pláních ,# nad alpské vrchy ses vznes ,",cs-64058
cs,1222_0001-0000-0000-0011-0000,Q1085,Q1780,z Prahy do Bratislavy,"Medek, Rudolf",1890,1940,Prague,50.0875,14.4213888888889,city,city,Bratislava,48.144722222222,17.112777777778,city,city, i tváře děvčat# v červených suknicích mezi poli .# Jak pták# letí z Prahy do Bratislavy# vlak .# Tudy jsem jel# před pěti roky .,cs-64094
cs,1252_0001-0000-0000-0031-0000,Q214644,Q157290,od Krkonoš ku Šumavě,"Pelíšek, Jan",1850,1916,Giant Mountains,50.75,15.583333,mountain,mountain,Bohemian Forest,49,13.5,mountain,mountain," dík své lidské rodiny !# Úpal sice zmařil žhavě# tužbu mnohou po vlastech ;# od Krkonoš ku Šumavě# ozývá se mnohý vzdech .# Než , kdo jsme my ? Kdo smí říci :# Bože , nejsi spravedliv ? –",cs-65022
cs,1253_0001-0000-0000-0008-0000,Q3834,Q43266,z Kostnice . Až k Moravě,"Pelíšek, Jan",1850,1916,Constance,47.663333333333,9.1752777777778,city,city,Moravia,49.5,17,region,land," Měl za sebou až po oblaky# svých zvítězilých tisíce# a skoumavými hleděl zraky# po vlasti reka z Kostnice .# Až k Moravě , až po Šumavu# zří rozstřenou zem drahou ,# a vidí svítit lesk a slávu# nad stověžatou Prahou .",cs-65047
cs,1253_0001-0000-0000-0008-0000,Q3834,Q157290,"z Kostnice . Až k Moravě , až po Šumavu","Pelíšek, Jan",1850,1916,Constance,47.663333333333,9.1752777777778,city,city,Bohemian Forest,49,13.5,mountain,mountain," Měl za sebou až po oblaky# svých zvítězilých tisíce# a skoumavými hleděl zraky# po vlasti reka z Kostnice .# Až k Moravě , až po Šumavu# zří rozstřenou zem drahou ,# a vidí svítit lesk a slávu# nad stověžatou Prahou .",cs-65047
cs,1263_0001-0003-0000-0010-0000,Q470445,Q158239,"z Prostějova , dál letí hvízdaje ke Kroměříži","Taufer, František",1885,1915,Prostějov,49.472222222222,17.110555555556,city,city,Kroměříž,49.297859972783,17.393134863736,city,city," k západu poutník konce nedohlédá :# tam ploužívá se pouze pára bledá ,# v ní skryt’ je Vyškov , dále Brno leží .# Severák přilétá sem z Prostějova ,# dál letí hvízdaje ke Kroměříži ,# chlad Jeseníků mrazný v sobě chová .# Na jihu skupina Chřib pohádková .# Nad krajem nebe , jež se nepřiblíží .",cs-65505
cs,1264_0001-0001-0004-0003-0000,Q213,Q183,z Čech do Německa,"Nevšímal, August",1847,1916,Czech Republic,50,15,country,country,Germany,51,10,country,country," a v mír vejde země všecka :# rač jen zas , jak před stalety ,# odváděti stáda čety# poplatkem z Čech do Německa .",cs-65565
cs,1268_0001-0001-0000-0008-0008,Q1741,Q986070,z Vídně do Chrudimě,"Kyselý, František",1857,1937,Vienna,48.2083333333333,16.3725,city,city,Chrudim,49.951136279202,15.795635790875,city,city," podnět k nevážlivým pochybnostem dala ,# roznítila leda mělkou zvědavost .# Z těch , kdo předpojatou zvědavostí pláli ,# z Vídně do Chrudimě přibyl nenadálý# hovorný a dvorný k děkanovi host .# „ Malíř jsem a kalvín , “ vece s důrazem ,# „ rád bych seznámil se s vaším obrazem ,",cs-65792
cs,1309_0001-0002-0000-0024-0000,Q38,Q213,z krásné Italie Prchnem do Čech,"Karafiát, Jan",1846,1929,Italy,42.5,12.5,country,country,Czech Republic,50,15,country,country," A bratříčka u Messiny .# Větříčkové , vějte brzy# Pěkně z tepla od poledne ,# A my z krásné Italie# Prchnem do Čech , než kdo shlédne .",cs-66879
cs,1329_0001-0000-0000-0015-0000,Q13924,Q668,od Adrie k Indii,"Mahen, Jiří",1882,1939,Adriatic Sea,42.775833,15.426111,sea,sea,India,22.8,83,country,country," Ach , to byla chvíle ! Sotva# osud znova dá mi ji :# večer byl , já viděl hady# od Adrie k Indii . . .# Ještě teď se plazí za tím# ze mne horký , zmijí vzdech –# často je to nejhezčí , co",cs-67514
cs,1356_0001-0000-0000-0010-0000,Q214644,Q157290,od Krkonoš dolů k Šumavě,"Lukavský, Josef",1874,1930,Giant Mountains,50.75,15.583333,mountain,mountain,Bohemian Forest,49,13.5,mountain,mountain," ať už Václavy anebo Janky# ze zvyku se také jmenujou .# A tak je to pěkná podívaná# od Krkonoš dolů k Šumavě ,# jak Čechie , cudná Slavská panna ,# nahá je od paty ku hlavě .# Její krásu , bohatství a statky",cs-68559
cs,1386_0001-0000-0000-0006-0000,Q617511,Q157290,od Sněžky k Šumavě,"Černý, Adolf",1864,1952,Sněžka,50.736111111111,15.740277777778,mountain,mountain,Bohemian Forest,49,13.5,mountain,mountain," když k Římu se nevrátí ,# že celé vás kacířské plémě vyhladí# a cizím národem osadí# zem českou od Sněžky k Šumavě ,# potřenou krvavě ?# – Však , že jsme slyšeli jeho přísahu hříšnou ,# do dálky slyšnou ,",cs-69291
cs,1386_0001-0000-0000-0007-0000,Q194242,Q157290,od Sudet k Šumavě,"Černý, Adolf",1864,1952,Sudetenland,50.7167,15.0667,region,land,Bohemian Forest,49,13.5,mountain,mountain," padne - li on dnes pod mečem vraha ,# s hrstkou - li věrných podlehne divokých nepřátel chásce .# Cítí , že s ním zde na této hoře# celý jest národ od Sudet k Šumavě ,# v něj že se zúžil a v jeho družinu malou ,# tak jako širá vlast dnes touto je skalou .# Zhltí - li skálu a družinu vražedné moře ,",cs-69292
cs,1386_0001-0000-0000-0014-0000,Q155975,Q954596,z Kutné Hory k Brodu,"Černý, Adolf",1864,1952,Kutná Hora,49.948444972662,15.268225887967,city,city,Havlíčkův Brod,49.607899638305,15.580727658514,city,city," Bůh vyvedl jej Karpat proruby .# A co vítězství dal , že byl z jeho rodu ,# že jako syn se k němu obracel !# V Sudoměř a Vítkov , z Kutné Hory k Brodu# jej ved , že nikdy boje neztrácel .# A to nebyl jeho boj , boj země vládce ,# to boj byl všeho lidu kalicha –",cs-69299
cs,1388_0001-0001-0000-0005-0000,Q617511,Q594147,od Sněžky k Boubínu,"Černý, Adolf",1864,1952,Sněžka,50.736111111111,15.740277777778,mountain,mountain,Boubín,48.991111111111,13.818333333333,mountain,mountain," do mozku vniká , do srdce , do duší ,# citu a vůle chorobu plodí –# volný vzlét vítr přes hory , po pláni ,# od Sněžky k Boubínu , od něho k Tatře ,# nákazu otroctví , smetí , prach vyhání , –# aby by tu neznělo „ pane“ , jen „ bratře“ .# Radost a sílu vane mi do duše ,",cs-69326
cs,1388_0001-0001-0000-0005-0000,Q594147,Q194263,"od Sněžky k Boubínu , od něho k Tatře","Černý, Adolf",1864,1952,Boubín,48.991111111111,13.818333333333,mountain,mountain,Tatra Mountains,49.177777777778,19.908333333333,mountain,mountain," do mozku vniká , do srdce , do duší ,# citu a vůle chorobu plodí –# volný vzlét vítr přes hory , po pláni ,# od Sněžky k Boubínu , od něho k Tatře ,# nákazu otroctví , smetí , prach vyhání , –# aby by tu neznělo „ pane“ , jen „ bratře“ .# Radost a sílu vane mi do duše ,",cs-69326
cs,1388_0001-0002-0000-0001-0000,Q1085,Q157290,z Prahy k Šumavě,"Černý, Adolf",1864,1952,Prague,50.0875,14.4213888888889,city,city,Bohemian Forest,49,13.5,mountain,mountain," by množil vrahů pluk –# žeť konec jeho muk !# Co dnes se rozlétá# ven z Prahy k Šumavě i v Tatry ,# je hlas , že nejsme národ chátry ,# že v radosti jsme všichni bratry ,# že bída prokletá",cs-69329
cs,1391_0001-0000-0000-0001-0009,Q594147,Q617511,od Boubínu k Sněžce,"Černý, Adolf",1864,1952,Boubín,48.991111111111,13.818333333333,mountain,mountain,Sněžka,50.736111111111,15.740277777778,mountain,mountain," a jak on , kde chvějní mocným by se vzdali ,# než by pravdu zradil , raděj ohněm vzplál .# A jak ohněm jeho celá země naše# od Boubínu k Sněžce jasně vzhořela ,# jak se vztyčil , kdo dřív jen se chýlil plaše ,# zem jak obránila dlaň dřív nesmělá .# Kterak učení i prostí , lid i páni",cs-69417
cs,1400_0001-0003-0000-0001-0000,Q1278569,Q1435,z dalekého Gradce do Záhřeba,"Křička, Petr",1884,1949,Gradec,45.81611111,15.97388889,city part,city part,Zagreb,45.8130555555556,15.9772222222222,city,city," V kamení jak ještěrka se blýskl .# Mnoho psaní chodí bílým světem ,# ani nevíš , odkud jsou , kam spějí .# Letí psaní z dalekého Gradce# do Záhřeba , města bohatého .# Kdo je poslal ? – Dilber Ljubosava ,# milá sestra Vladka Vidoviće ,# zpravuje v něm bratra o neštěstí ,",cs-69672
cs,1401_0001-0001-0000-0011-0000,Q43266,Q157290,Od Moravy po Šumavu,"Křička, Petr",1884,1949,Moravia,49.5,17,region,land,Bohemian Forest,49,13.5,mountain,mountain," Od Moravy po Šumavu# neměl jsem , kde sklonit hlavu ,# hlasem božské Thalie# těše bědné parie . . .",cs-69683
cs,1402_0001-0000-0000-0001-0007,Q405383,Q372490,od Bregova na Timoku zlatém po Bojanu mlžnou,"Křička, Petr",1884,1949,Bregovo,44.151284,22.639277,city,city,Bojana,41.875,19.375,river,river," labutí svá hbitá křídla bílá ,# rozlétli se na planiny skalné ,# do údolí běhutých řek šumných :# od Bregova na Timoku zlatém# po Bojanu mlžnou , křivolakou ,# od Bitolje bílé za horami# po Dunaj , tu širou vodu chladnou ,# prolétali srbskou zemi svatou .",cs-69709
cs,1402_0001-0000-0000-0001-0007,Q753919,Q372490,od Bregova na Timoku zlatém po Bojanu mlžnou,"Křička, Petr",1884,1949,Timok,44.213611111111,22.670277777778,river,river,Bojana,41.875,19.375,river,river," labutí svá hbitá křídla bílá ,# rozlétli se na planiny skalné ,# do údolí běhutých řek šumných :# od Bregova na Timoku zlatém# po Bojanu mlžnou , křivolakou ,# od Bitolje bílé za horami# po Dunaj , tu širou vodu chladnou ,# prolétali srbskou zemi svatou .",cs-69709
cs,1402_0001-0000-0000-0001-0007,Q157246,Q1653,od Bitolje bílé za horami po Dunaj,"Křička, Petr",1884,1949,Bitola,41.031944444444,21.334722222222,city,city,Danube,48.0951111111111,8.15488888888889,river,river," do údolí běhutých řek šumných :# od Bregova na Timoku zlatém# po Bojanu mlžnou , křivolakou ,# od Bitolje bílé za horami# po Dunaj , tu širou vodu chladnou ,# prolétali srbskou zemi svatou .# Kmitala se jejich křídla bílá# a nám zdálo se , že s oblak zimních",cs-69709
cs,1402_0001-0000-0000-0001-0009,Q1644,Q626,od zrádného Labe k Volze,"Křička, Petr",1884,1949,Elbe,50.8875,14.2330555555556,river,river,Volga,45.695,47.8975,river,river," Dlouho jste nám lebky rozbíjeli ,# Mommsenové – od úsvitu dějin# k Heydrichovi , příšeře té truchlé ,# od zrádného Labe k Volze věrné ,# od Strumice k Baltu pěnám hltným# hubili nás železem i ohněm .# Co tu zášti k nám , co naší krve !",cs-69711
cs,1402_0001-0000-0000-0001-0009,Q149214,Q545,od Strumice k Baltu,"Křička, Petr",1884,1949,Strumica,41.4451,23.2775,river,river,Baltic Sea,58,20,sea,sea," Mommsenové – od úsvitu dějin# k Heydrichovi , příšeře té truchlé ,# od zrádného Labe k Volze věrné ,# od Strumice k Baltu pěnám hltným# hubili nás železem i ohněm .# Co tu zášti k nám , co naší krve !# Nocí věků , mlhou budoucnosti",cs-69711
cs,1402_0001-0000-0000-0001-0012,Q405383,Q372490,od Bregova na Timoku zlatém po Bojanu,"Křička, Petr",1884,1949,Bregovo,44.151284,22.639277,city,city,Bojana,41.875,19.375,river,river," do Slovinska sedmibolestného ;# rozletěl se do honosné Bosny ,# do Hercegoviny kamenité :# od Bregova na Timoku zlatém# po Bojanu mlžnou , křivolakou ,# od Bitolje bílé za horami# po Dunaj , tu širou vodu chladnou ,# rozletěl se srbskou zemí svatou ,",cs-69714
cs,1402_0001-0000-0000-0001-0012,Q157246,Q1653,od Bitolje bílé za horami po Dunaj,"Křička, Petr",1884,1949,Bitola,41.031944444444,21.334722222222,city,city,Danube,48.0951111111111,8.15488888888889,river,river," do Hercegoviny kamenité :# od Bregova na Timoku zlatém# po Bojanu mlžnou , křivolakou ,# od Bitolje bílé za horami# po Dunaj , tu širou vodu chladnou ,# rozletěl se srbskou zemí svatou ,# Dalmácií blankytnou a zlatou .# „ Budeš krsat , živořiti z mála ,",cs-69714
cs,1404_0001-0000-0000-0003-0000,Q10555398,Q268,od Kubáně k Poznani,"Křička, Petr",1884,1949,Kuban,45.3333333333333,39,region,region,Poznań,52.4083333333333,16.9336111111111,city,city," sníme vše , co běhá , lítá , leze ,# nebo si z nich rabů naděláme .# Zvláště ptactvo bude třeba skřípnout :# od Kubáně k Poznani a Gdansku ,# vůbec - li se bude směti pípnout ,# bude všecko kvíkat po potkansku .# Svět je hloupý , válčení se bojí .",cs-69735
cs,1404_0001-0006-0001-0002-0000,Q5089,Q1156,Od Gangu do Bombeje,"Křička, Petr",1884,1949,Ganges,30.1451,78.5974,river,river,Mumbai,19.0758333333333,72.8775,city,city," staletou vzdělanost ; pomníky poráží ,# jež Indům drahé jsou ; jich řády , obyčeje v Indii ,# jich světce , hrdiny , jich duši , čest a krev# jim krade , hanobí . Od Gangu do Bombeje Indii# loupí a drancuje , lid tiskne , vyssává .# Národa kořen sám pak podetnouti chtěje v Indii ,# rolníky vyhání ze statků otcovských",cs-69770
cs,1430_0001-0001-0000-0016-0000,Q546,Q641,z Terstu do Benátek,"Mach, Josef",1883,1951,Trieste,45.6502777777778,13.7702777777778,city,city,Venice,45.439722222222,12.331944444444,city,city,"Po parníku z Terstu do Benátek# odjeli jsme zrovna v půlnoci .# Cesta byla pěkná pro začátek ,# pozděj pokažena mořskou nemocí .",cs-70652
cs,1431_0001-0002-0000-0005-0000,Q157290,Q358361,od Šumavy k horám Orlickým,"Mach, Josef",1883,1951,Bohemian Forest,49,13.5,mountain,mountain,Orlické hory,50.216666666667,16.5,mountain,mountain," kámen dějiny kde vypráví ,# ozvěna kde staré slávy dřímá ,# zakleta v klid tichých údolí ,# od Šumavy k horám Orlickým až# leží staré hnízdo sokolí .# Přitisknuto k tesům horských štítů ,# v hromu třesk a v nočních vichrů let",cs-70701
cs,1440_0001-0000-0000-0012-0000,Q548,Q10965,od Visly až k vlnám Ebra,"Zavřel, František",1885,1947,Vistula,54.3641,18.9522,river,river,Ebro,40.728527124206,0.86929321289062,river,river," obsadila všechny posice# od Visly až k vlnám Ebra .# Hojnosti roh vybrakován ,# šťasten venkovan i nevenkovan .",cs-71418
cs,1448_0001-0002-0000-0024-0000,Q131574,Q1653,od Vltavy k Dunaji,"Karmín, Leo",1873,1952,Vltava,50.34769,14.474382,river,river,Danube,48.0951111111111,8.15488888888889,river,river," za něj sebe i svůj národ# třeba čertu prodají .# Ozývá se práškovina# od Vltavy k Dunaji ,# co dokáže náš ministr ,# páni teprv poznají .# Prozatím se jenom smějí",cs-71781
cs,1458_0001-0003-0000-0003-0000,Q812761,Q321197,Z Bašky zajdi do Těšína,"Bezruč, Petr",1867,1958,Baška,49.645829055721,18.372367848188,village,village,Cieszyn,49.75,18.633333333333,city,city,"Z Bašky zajdi do Těšína# a z Těšína pod Lipinku .# Snad se cosi udá vidět ,# co já často vídal , synku .",cs-72189
cs,1458_0001-0004-0000-0002-0000,Q8385,Q321197,Z Ostravy jdu do Těšína,"Bezruč, Petr",1867,1958,Ostrava,49.835555555556,18.2925,city,city,Cieszyn,49.75,18.633333333333,city,city,"Z Ostravy jdu do Těšína ,# robotnice se mnou z dolů ,# šachta vzala muže , syna ,# k Blendovicím jdeme spolu .",cs-72199
cs,1464_0001-0001-0000-0009-0000,Q210205,Q1741,z Pešti do Vídně,"Mathesius, Bohumil",1888,1952,Pest,47.5,19.1,city,city,Vienna,48.2083333333333,16.3725,city,city,,cs-72437
cs,1470_0001-0000-0000-0001-0002,Q157290,Q194263,od Šumavy ku Tatrám,"Černý, Adolf",1864,1952,Bohemian Forest,49,13.5,mountain,mountain,Tatra Mountains,49.177777777778,19.908333333333,mountain,mountain," by v mohutný se rozvětvilo strom ,# co dosud bylo zrnem hořčičným ,# by zastínila jeho koruna# zem celou od Šumavy ku Tatrám ,# by dobře bylo v stínu jeho všem# a v jeho větvích ptáci nebeští# by hnízda se zálibou stavěli .",cs-72534
cs,1475_0001-0000-0000-0012-0000,Q3834,Q220,od Kostnice po Řím,"Černý, Adolf",1864,1952,Constance,47.663333333333,9.1752777777778,city,city,Rome,41.893055555556,12.482777777778,city,city," – I když v kouří , v dusném kouři# zahynu a shořím ,# nade mnou když mrak se schmouří# od Kostnice po Řím –# pravdy moji neupálí# papežové ani králi . . .# Přijde čas , kdy jarní bouří",cs-72889
cs,1483_0001-0000-0000-0002-0001,Q14960,Q1809680,z Brna do Moravan,"Bezruč, Petr",1867,1958,Brno,49.195277777778,16.608333333333,city,city,Moravany,49.145588489764,16.576176754032,village,village,"Šel jsi z Brna do Moravan ?# Úzká cesta , malinká . . .# Tam chodívá krokem srnky# mlynářova Fanynka .",cs-73190
cs,1484_0001-0003-0000-0017-0000,Q14960,Q158242,z Brna do Adamova,"Bezruč, Petr",1867,1958,Brno,49.195277777778,16.608333333333,city,city,Adamov,49.30052629923,16.658570650287,city,city,Na trati bilovské z Brna do Adamova# řad květů žlutavých před oknem se ti myká .# Po nich se vyptává děvucha sousedova :# byliny - pupalky jim praví botanika .,cs-73290
cs,1545_0001-0000-0000-0001-0000,Q166,Q5428,od Černého moře až k Leně v Sibíři,"Broj, Richard",1893,1954,Black Sea,43.41,34.26,sea,sea,Siberia,60,105,region,region," že nejsem mongol , jako ty ,# že nelze mi s hrdostí vzpomínat na Džingischánův napoleónský vpád !# Že nejsem Tatar , člen divoké hordy , jež vyvstala , chrlena z pekla , z Tartaru ,# nebo , že nejsem alespoň některý z lidí , co žijí od Černého moře až k Leně v Sibíři ,# z Burutů , Kirkizů , Nogaiců , Karakalpaků anebo Karatatarů ,# Uzbeků , Kipčaků , kteří se s prohrou už nesmíří .# Že nejsem toulavý nomád , kadagi , válečný pěvec Dunganů",cs-75303
cs,1545_0001-0000-0000-0014-0000,Q1085,Q1641748,od strýčka z vinárny v Praze k matince v Manětíně,"Broj, Richard",1893,1954,Prague,50.0875,14.4213888888889,city,city,Manětín,49.9916881,13.2317994,city,city," možnostmi , nejpestřejšími# projdu , já , dívka větroplach , než docestuji# od strýčka z vinárny v Praze# k matince v Manětíně .# Je teplá zima a vichřice sborem dují .# Nerada opouštím saze ,# světla , hluk , šepot s pokušeními ,",cs-75316
cs,1545_0001-0000-0000-0014-0000,Q1085,Q1641748,z vinárny v Praze k matince v Manětíně,"Broj, Richard",1893,1954,Prague,50.0875,14.4213888888889,city,city,Manětín,49.9916881,13.2317994,city,city," možnostmi , nejpestřejšími# projdu , já , dívka větroplach , než docestuji# od strýčka z vinárny v Praze# k matince v Manětíně .# Je teplá zima a vichřice sborem dují .# Nerada opouštím saze ,# světla , hluk , šepot s pokušeními ,",cs-75316
cs,1552_0001-0000-0000-0013-0000,Q1085,Q386858,z Prahy do Řevnic,"Horký, Karel",1879,1965,Prague,50.0875,14.4213888888889,city,city,Řevnice,49.914028256057,14.235955055448,city,city," S pohrdou na rtech , s rudou vlajkou# bije se oddíl kyrysnic .# Triumfuje i dáma s rajkou ,# jež jezdí z Prahy do Řevnic .# Aleje , měsíc , fontán , villa –# všecko tu šepce : „ Dies illa“ –# šeříky , jasmín , hloh . . .",cs-75536
cs,1557_0001-0000-0000-0016-0000,Q1524,Q75459,Od Athen do Delf,"Procházka, František Serafínský",1861,1939,Athens,37.9841666666667,23.7280555555556,ancient city,ancient city,Delphi,38.4823,22.5013,ancient city,ancient city,"Od Athen do Delf pod Parnassem# dnem nocí rychlý posel hnal .# Hněv Helladou chvěl oním časem# za ránu , kterou barbar dal ,",cs-75701
cs,1568_0001-0002-0000-0011-0000,Q164486,Q94507,od Herálce do Pikárce,"Karník, Jan",1870,1958,Herálec,49.530886486589,15.457117105231,village,village,Pikárec,49.432443249442,16.122416725747,village,village," horský kout náš ušetřila zármutku a soužení ,# že když jinde strachem mřeli , srdce hrůzou vadla ,# když padaly mladé hlavy jako pod stinadla –# od Herálce do Pikárce bylo jako na zahrádce .# Nad krajem i nad horáky duhu sklenul věků Vládce .# Dobrý večer , Rézinko – tož jdu s tím pozdravem ,# jak jsem kdysi na besedu chodil před krámem",cs-76072
cs,1569_0001-0000-0000-0018-0000,Q1085,Q46,"ze dne Praha baletí , k zenitu spěje poklusem , Evropy","Karník, Jan",1870,1958,Prague,50.0875,14.4213888888889,city,city,Europe,48.690959,9.14062,continent,continent," v tanci a údů mrštnosti# hledají cestu k věčnosti .# Raduj se , mistře , v zásvětí :# den ze dne Praha baletí ,# k zenitu spěje poklusem ,# Evropy bude cirkusem .",cs-76099
cs,1601_0001-0000-0000-0038-0000,Q21,Q1173,"od záplavy zde cizích vojů Anglie , k nimž Burgund","Leubner, František",1867,1930,England,53,-1,country,country,Burgundy,47,4.5,region,region," „ Jeť vůle Boha v tom !# Neb ty ' s král země pravý ,# by klasy kvetla od pohrom ,# kde tone od záplavy# zde cizích vojů Anglie ,# k nimž Burgund též se druží ;# krev za krev rodu prolije ,# krev msty ač krve nemyje – –# Buď mír a pokoj ; však dřív buďte muži ! “",cs-77033
cs,1601_0001-0000-0000-0060-0000,Q2807,Q36433,Od Madridu do Oporta,"Leubner, František",1867,1930,Madrid,40.4169444444444,-3.70333333333333,city,city,Porto,41.149472222222,-8.6107777777778,city,city," stříbrnou snad sponku na něm .# Hleď i oslař svědky loví ,# bez osla jda k alkaldovi !# Od Madridu do Oporta# svědky sháněj , důkaz veď ,# než háv řádový tě zdobí ,# bys byl jiný , než jsi teď :",cs-77070
cs,1606_0001-0000-0000-0001-0000,Q5776,Q170516,z Betléma mne ku Golgotě hoře,"Leubner, František",1867,1930,Bethlehem,31.704444444444,35.206111111111,city,city,Calvary,31.778611111111,35.229444444444,ancient site,ancient site," byť i byla duše jeho čista ,# vedle mne ni Matky nemá místa ,# jejíž provázely ples i hoře# z Betléma mne ku Golgotě hoře .# V třetí pramen ať své tílko vhrouží ,# dosáhne pak , po čem nyní touží . “# Trojí rosa s dětského plá čela – :",cs-77309
cs,1650_0001-0001-0000-0002-0000,Q583910,Q1093421,od Aše k Jasině,"Černý, Adolf",1864,1952,Aš,50.223996008844,12.195074300926,city,city,Yasinya,48.272777777778,24.374722222222,city,city," Zástup to bude valný a pestrý :# od Aše k Jasině , od Tater k Šumavě# rámě tu k rameni , hlava tu na hlavě .# Od hor i z padolí , z města i z chalupy ,# od kladiv , od pluhu do houfu , do kupy !",cs-78441
cs,1650_0001-0001-0000-0002-0000,Q194263,Q157290,od Tater k Šumavě,"Černý, Adolf",1864,1952,Tatra Mountains,49.177777777778,19.908333333333,mountain,mountain,Bohemian Forest,49,13.5,mountain,mountain," Zástup to bude valný a pestrý :# od Aše k Jasině , od Tater k Šumavě# rámě tu k rameni , hlava tu na hlavě .# Od hor i z padolí , z města i z chalupy ,# od kladiv , od pluhu do houfu , do kupy !",cs-78441
cs,1655_0001-0000-0000-0008-0000,Q36,Q215573,Z Polské přijde žid k nám pod Bezkydem,"Bezruč, Petr",1867,1958,Poland,52,19,country,country,Beskids,49.41666667,20.25,mountain,mountain," žalost jejich nesklonila šíje ;# to jen britský fantast - básník věřil# a na raçu skládal elegie .# Z Polské přijde žid k nám pod Bezkydem ,# za pět roků ves má – napřed víme –# kdysi žebrák , nyní oře lidem ,# u všech děvuch má ius noctis primae .",cs-78545
cs,1655_0001-0000-0000-0020-0000,Q9264038,Q321197,Z Frydku šel jsem do Těšína,"Bezruč, Petr",1867,1958,Frýdek,49.6856,18.3506,city part,city part,Cieszyn,49.75,18.633333333333,city,city,"Z Frydku šel jsem do Těšína .# V srpnu bylo , horko bylo ,# na silnici nadešel jsem# hezké děvče z Tošonovic .",cs-78557
cs,1655_0001-0000-0000-0020-0000,Q9264038,Q321197,z Frydku do Těšína,"Bezruč, Petr",1867,1958,Frýdek,49.6856,18.3506,city part,city part,Cieszyn,49.75,18.633333333333,city,city," Dávno tomu . Cizí řečí# mluví teď Tluk z Tošonovic .# Až se zase ve vlast vrátím ,# půjdu z Frydku do Těšína ,# přejdu Dobrou , Vojkovice ,# půjdu kolem Tošonovic .# Půjdu kolem polské školy ,",cs-78557
cs,1656_0001-0000-0000-0085-0000,Q40855,Q6862,od Dněpra do Amura,"Bezruč, Petr",1867,1958,Dnieper,46.4964,32.2872,river,river,Amur River,53.3333,121.4814,river,river," pod kopím Tatara , Moskala , líté Polsky ,# třech katanů svobodné Ukrajiny ,# ty stojíš .# Na pláni rozlehlé od Dněpra do Amura ,# na mohylách tisíců bezejmenných ,# kde dřímou mužové , co přišli od Vltavy ,# od Bečvy , Moravy , od Váhu , Ostravice ,",cs-78674
cs,1681_0001-0000-0000-0001-0002,Q194242,Q194263,od Sudet do Tater,"Bojko, R.",1877,1952,Sudetenland,50.7167,15.0667,region,land,Tatra Mountains,49.177777777778,19.908333333333,mountain,mountain," přetvářel zemský ráj od Sudet do Tater .# Samumem samoty a marnou touhou , strachy# na plátno bělela tvář smutné dcery , snachy ,# očima zářili jen sladká vnučka , vnuk",cs-79283
cs,1681_0001-0000-0000-0001-0010,Q90,Q1479,z Paříže do Bordeaux,"Bojko, R.",1877,1952,Paris,48.8566666666667,2.35222222222222,city,city,Bordeaux,44.837777777778,-0.57944444444444,city,city," u něho stával jsem , klečíval den co den# šeptaje přísahy a sliby slávy pyšné# a náhle – – Oh , ta pouť , ta cesta prokletá# z Paříže do Bordeaux , ta bílá , staletá ,# jak česno včelami zástupy obseta !# Zuřícím autem jsem se dral a proplétal# džunglemi úzkostných , tu jel , tu stál a houkal ,",cs-79291
de,00-1734-0000-0001-DDF5-D#19,Q602,Q584,Von dem Rotten bis zu dem Rheine,[anonymous],NA,NA,Rhône,43.3342,4.8442,river,river,Rhine,47.6662,9.1786,river,river," Wird König Etzel wenden : und nimmst du ihn zu dem Mann ,# Was jemand anders rate , so dünkt es mich wohlgetan .# Er mag dir's wohl ersetzen , “ sprach wie der Geiselher .# „ Von dem Rotten bis zu dem Rheine , von der Elbe bis an das Meer# Weiß man keinen König gewaltiger als ihn .# Du magst dich höchlich freuen , heischt er dich zu der Königin.“# Sie sprach : „ Lieber Bruder , wie rätst du mir dazu ?",de-896
de,00-1734-0000-0002-3A19-D#0,Q536924,Q584,Von dem Kyros bis zu dem Rhein,"Bodenstedt, Friedrich von",1819,1892,Cyrrhus,36.74416667,36.95916667,ancient city,ancient city,Rhine,47.6662,9.1786,river,river," Du sandtest deine Jünger aus ,# Und es geschah , wie du verheißen :# Berühmt ist Tiflis durch dein Lied# Von dem Kyros bis zu dem Rhein geworden .",de-3868
de,00-1734-0000-0002-6A58-C#0,Q1792,Q776965,"von hoher Wart , Von Gedanum bis Memelgard","Dahn, Felix",1834,1912,Gdańsk,54.35,18.6666666666667,city,city,Klaipėda,55.7125,21.135,city,city," Doch deutsche Baumburg ward sie nun .# Pflanzt unser Banner auf den Wipfel :# Stolz wall' es über alle Gipfel# Und schaue kühn von hoher Wart ,# Von Gedanum bis Memelgard :# Hier trägt mit Rauschen unser Zeichen# Ein Fahnenträger sondergleichen :# – Nie kann er Fußbreit rückwärts weichen – !",de-5124
de,00-1734-0000-0002-6A68-8#0,Q858,Q189,von Syria bis Thuleland,"Dahn, Felix",1834,1912,Syria,35.216667,38.583333,country,country,Iceland,65,-19,country,country,"Auf! ruft es mit Posaunenschallen von Syria bis Thuleland ,# Auf , Palästina ist gefallen , Jerusalem in Heidenhand .# Mundus audi Christi vocem !# Piam pugnam indicat :",de-5127
de,00-1734-0000-0002-9DEF-C#0,Q36755,Q101583,Von dem Sinai runter nach Theben,"Eichrodt, Ludwig",1827,1892,Sinai Peninsula,29.5,33.8333333333333,region,land,Thebes,25.720555555556,32.610277777778,ancient city,ancient city," Weiß ich selber nicht mehr , was ich thue .# Da komm' ich heut Mittag , die Zeit weiß ich nicht ,# Ich hatte gerad an der Sonn' was gericht' ,# Von dem Sinai runter nach Theben -# Die führen ein lästerlich Leben .# Da sitzen sie über bei Würfel und Spiel ,# Polizeistund' die kennen sie gar nicht an dem Nil ,",de-6092
de,00-1734-0000-0002-30C8-6#0,Q597,Q11720,von Lissabon bis Mukden,"Bierbaum, Otto Julius",1865,1910,Lisbon,38.708042,-9.139016,city,city,Shenyang,41.8025,123.428055555556,city,city," Entweder : er säuft ( und das ist gemein ) ,# Oder : es fallen ihm Verse ein .# O Spiritus ! Von allen Produkten# Der Gärung von Lissabon bis Mukden# Bist du das stärkste . Von Pol zu Pol# Rühmen die Völker den Alkohol .# Es tranken die Griechen , Römer , Hebräer ,",de-6422
de,00-1734-0000-0002-30C8-6#0,Q383386,Q90,von Potschappel bis Paris,"Bierbaum, Otto Julius",1865,1910,Potschappel,51.013322222222,13.661747222222001,village,village,Paris,48.8566666666667,2.35222222222222,city,city," Katepetl war immer des Trunkes man froh .# Engländer und Russen , Sachs- , Preußen , Franzosen ,# Worin sind sie einig ? In Spirituosen ;# Man bechert von Potschappel bis Paris# Und denkt nicht an Rheuma und Nierengries .# Doch Kortum war Arzt , und er wußte : die Schnäpse# Haben zu der Folge verschiedene Kolläpse ,",de-6422
de,00-1734-0000-0002-690E-9#0,Q18869,Q12544,Von dem Kaukasus bis vor Byzanz,"Dahn, Felix",1834,1912,Caucasus,42.261111111111,44.121111111111,region,land,Byzantine Empire,41.01527778,28.98472222,country,country," Als unsres Hasses Erben ,# Der Rache Donner grollen schon : –# Auf , Goten , laßt uns sterben !# Von dem Kaukasus bis vor Byzanz ,# Welch stolzes Siegeswallen !# Der Goten Glück stieg auf in Glanz ,# In Glanz auch soll es fallen .",de-8773
de,00-1734-0000-0002-696E-4#0,Q18869,Q39193,Von dem Kaukasus bebt bis nach Böhmen,"Dahn, Felix",1834,1912,Caucasus,42.261111111111,44.121111111111,region,land,Bohemia,49.833333333333,14.333333333333,region,region," Hunnen , euch schenk' ich sie , mordet sie aus!“# „ Attila , scholl es da , Väterlein , Siegsgott ,# Danke dir , danke dir ! Richten es aus.“# Horch ! Von dem Kaukasus bebt bis nach Böhmen# Dröhnend Europa von Hufengestampf ,# Hoch auf den Bergen und tief in den Strömen# Woget und wütet und würget der Kampf .",de-8786
de,00-1734-0000-0002-AF22-5#0,Q5622,Q584,Von dem Njemen bis an den Rhein,"Fontane, Theodor",1819,1898,Neman,55.3369,21.2492,river,river,Rhine,47.6662,9.1786,river,river, Nun entsprießt ein stolzes Gefieder# Dem alten preußischen Aar .# Das Alte hoch und das Neue# Von dem Njemen bis an den Rhein –# Und wir flechten die alte Treue,de-11850
de,00-1734-0000-0002-B0DC-2#0,Q22,Q818499,von Schottland tragen Die Leiche nach Sankt Alban,"Fontane, Theodor",1819,1898,Scotland,57,-5,country,country,Sankt Alban,49.684444444444,7.8636111111111,village,village," Graf Bothwell hat es getan ;# Sechs Lords von Schottland tragen# Die Leiche nach Sankt Alban ,# Sie stellen bei Fackelscheine# Den Sarg an den Altar hin –# Von Trauernden fehlt nur eine ,",de-11916
de,00-1734-0000-0002-B08A-B#0,Q12439,Q40435,"von Schnee , Von Detroit fliegt sie nach Buffalo","Fontane, Theodor",1819,1898,Detroit,42.331666666667,-83.0475,city,city,Buffalo,42.8863888888889,-78.8780555555556,city,city," Er starb für uns , unsre Liebe sein Lohn .# John Maynard.“# Die „ Schwalbe“ fliegt über den Eriesee ,# Gischt schäumt um den Bug wie Flocken von Schnee ,# Von Detroit fliegt sie nach Buffalo –# Die Herzen aber sind frei und froh ,# Und die Passagiere mit Kindern und Fraun# In dem Dämmerlicht schon das Ufer schaun ,",de-12069
de,00-1734-0000-0002-B309-6#0,Q64,Q1741,von Berlin nach Wien,"Freiligrath, Ferdinand",1810,1876,Berlin,52.516666666667,13.383333333333,city,city,Vienna,48.2083333333333,16.3725,city,city," Vesuv und Ätna brachen los :# Ausbruch auf Ausbruch , Stoß auf Stoß !# – „ Sehr bedenklich , Euer Liebden!“# Also schallt 's von Berlin nach Wien ,# Und von Wien zurück wieder nach Berlin –# Sogar den Nickel graut es !# Und nun ist denn auch abermals",de-12273
de,00-1734-0000-0002-B309-6#0,Q1741,Q64,von Wien zurück wieder nach Berlin,"Freiligrath, Ferdinand",1810,1876,Vienna,48.2083333333333,16.3725,city,city,Berlin,52.516666666667,13.383333333333,city,city," Ausbruch auf Ausbruch , Stoß auf Stoß !# – „ Sehr bedenklich , Euer Liebden!“# Also schallt 's von Berlin nach Wien ,# Und von Wien zurück wieder nach Berlin –# Sogar den Nickel graut es !# Und nun ist denn auch abermals# Das Pflaster aufgerissen ,",de-12273
de,00-1734-0000-0002-B974-F#0,Q1741,Q545,von Wien bis in die Ostsee,"Geibel, Emanuel",1815,1884,Vienna,48.2083333333333,16.3725,city,city,Baltic Sea,58,20,sea,sea," Schwarzenberg ist der geheißen# Und zu der Zeit so hoch geworden ,# Daß er seinen kalten Schatten# Wirft von Wien bis in die Ostsee .# In dem Schatten dieses Berges# Wachsen auch die Zauberstäbe ,# Welche jetzt die Welt regieren",de-12435
de,00-1734-0000-0002-B974-F#0,Q546,Q490457,von Triest bis Rendsburg,"Geibel, Emanuel",1815,1884,Trieste,45.6502777777778,13.7702777777778,city,city,Rendsburg,54.304444444444,9.6644444444444,city,city," „ Gott erhalte Franz den Kaiser!“# 's ist ein schönes Lied , ich lerne# Schon die Weise ; binnen kurzem# Wird man von Triest bis Rendsburg# Doch nichts andres singen dürfen .# Ja , wer weiß , wenn ich zu dem Herbste# An der Oder heim dich suche ,",de-12435
de,00-1734-0000-0002-BDB2-3#0,Q1693,Q375769,Von dem Sand der Nordsee bis zu dem wald'gen Brenner,"Geibel, Emanuel",1815,1884,North Sea,56,3,sea,sea,Brenner,46.938906,11.445172,city,city," „ O Schicksal , gib uns einen , einen Mann!“# Was frommt uns aller Witz der Zeitungskenner ,# Was aller Dichter wohlgereimt Geplänkel# Von dem Sand der Nordsee bis zu dem wald'gen Brenner !# Ein Mann ist not , ein Nibelungenenkel ,# Daß er die Zeit , den tollgewordnen Renner ,",de-12732
de,00-1734-0000-0002-D9D3-A#0,Q1524,Q75459,von Athen nach Delphi,"Gleim, Johann Wilhelm Ludwig",1719,1803,Athens,37.9841666666667,23.7280555555556,ancient city,ancient city,Delphi,38.4823,22.5013,ancient city,ancient city," Behauptete , der Gott zu Delphi sei# Betrug , Erfindung , Pfafferei !# Und seinem Griechenland die Fabel zu beweisen ,# Beschloß er , von Athen nach Delphi selbst zu reisen .# Noch grübelnd kam er an mit einem Sperling ; stand ,# In zugeschloßner Hand# Den Sperling haltend , vor dem Gotte .",de-13259
de,00-1734-0000-0002-DFCA-1#0,Q776965,Q10041,von Memel an – bis Soest,"Goeckingk, Leopold Friedrich Günther von",1748,1828,Klaipėda,55.7125,21.135,city,city,Soest,52.183333333333,5.2833333333333,city,city," Und freue dich! du , der die Felder ,# Die Wiesen , Berge , Seen und Wälder ,# Von seltnen Kräutern nur entblößt ;# Kein Land , von Memel an – bis Soest ,# Steht enger mit der Kräuterkunde ,# ( Dank! daß du sie , die das der Stunde# Des Traurens , was dem wunden Munde",de-13701
de,00-1734-0000-0002-EF33-8#0,Q393426,Q1085,von Sotz nach der Prager,"Grillparzer, Franz",1791,1872,Žatec,50.327264913574,13.545859487384,city,city,Prague,50.0875,14.4213888888889,city,city," Und stell sich an dem Ersten des Maien .# Da war für die Schmiede wohl gute Zeit ,# Klang Hammer und Ambos weit und breit .# Ist gleich von Sotz nach der Prager Stadt# Wohl mannig und mannige Meilen ,# Es klang doch der Sotzer Hammerschlag# Bis weit hinauf auf den Wischehrad ,",de-14802
de,00-1734-0000-0002-F31D-E#0,Q505288,Q690417,von Ips bis Währing,"Grillparzer, Franz",1791,1872,Ipsheim,49.516666666667,10.466666666667,village,village,Währing,48.2331,16.3147,city part,city part," Der Edelmann gibt dem Schreiber Rang ,# Der Schreiber dem Edeln zu essen .# Die Sorge um den Stammbaum führt# Ihn rings umher von Ips bis Währing ,# Ob Pückler her von Pöchlarn rührt ,",de-15202
de,00-1734-0000-0003-0EB1-5#0,Q131210,Q643,Von dem Dniester bis zu dem fernen Po,"Grün, Anastasius",1806,1876,Dniester,46.3041,30.2736,river,river,Po,44.97,12.546944444444,river,river," Ein schönes Heer , in starkes Heer , Geschwader an Geschwadern !# Es beben dem Karthaunenzug verweichlicht rings die Quadern ;# Stahlblank und schillernd ringelt sich die erzgeschuppte Schlange# Von dem Dniester bis zu dem fernen Po ruckweis' in festem Gange .# Gleich schwarzen Schwänen zieht in dem Strom der Schiffe dunkle Kette ,# Wie sträubendes Gefieder starrt der Bord voll Bajonette ,# Der Chor der Schlacht schwebt auf der Fluth in vollem Stimmenklange ;",de-16148
de,00-1734-0000-0003-4F34-1#0,Q22756,Q90,von Spichern bis nach Paris,"Henckell, Karl",1864,1929,Spicheren,49.191666666667,6.9683333333333,village,village,Paris,48.8566666666667,2.35222222222222,city,city," Lilien auf rosigem Grund entrollt .# Unsern Wehruf ließ man verhallen ,# In Gottes Namen sie mußten knallen ,# Knallen von Spichern bis nach Paris# Und sich metzeln und morden mit Kugel und Spieß .# Und wieder war es an dem achtzehnten März ,# Da war geschwollen der Zorn und der Schmerz ,",de-17808
de,00-1734-0000-0003-5C45-3#0,Q12501,Q491239,"von der Mauer bis nach Canton zu , Ja bis nach Lao-Tschua , Cotschin-Tschina , Cambotscha","Herder, Johann Gottfried",1744,1803,Great Wall of China,40.416666666667,116.08333333333,default,default,Canton,40.8,-81.375,city,city," Undvierzig Strömen , vielen Brücken und# Zweitausend Bergen , hundertneunundvierzig# Millionen und sechshundertzweiundsechigtausend Menschen ,# Dort von der Mauer bis nach Canton zu ,# Ja bis nach Lao-Tschua , Cotschin-Tschina ,# Cambotscha , Tunkin , ist , wie ein Gewächs ,# Mit seinem Boden trefflich coalirt .# Ein jeder Mandarin hat seinen Platz# Und seine Feder . Kommt ein fremder Lord ,",de-18036
de,00-1734-0000-0003-5C45-3#0,Q12501,Q819,"von der Mauer bis nach Canton zu , Ja bis nach Lao-Tschua , Cotschin-Tschina , Cambotscha","Herder, Johann Gottfried",1744,1803,Great Wall of China,40.416666666667,116.08333333333,default,default,Laos,18.2,104.1,default,default," Undvierzig Strömen , vielen Brücken und# Zweitausend Bergen , hundertneunundvierzig# Millionen und sechshundertzweiundsechigtausend Menschen ,# Dort von der Mauer bis nach Canton zu ,# Ja bis nach Lao-Tschua , Cotschin-Tschina ,# Cambotscha , Tunkin , ist , wie ein Gewächs ,# Mit seinem Boden trefflich coalirt .# Ein jeder Mandarin hat seinen Platz# Und seine Feder . Kommt ein fremder Lord ,",de-18036
de,00-1734-0000-0003-5C45-3#0,Q12501,Q424,"von der Mauer bis nach Canton zu , Ja bis nach Lao-Tschua , Cotschin-Tschina , Cambotscha","Herder, Johann Gottfried",1744,1803,Great Wall of China,40.416666666667,116.08333333333,default,default,Cambodia,12.5,105,country,country," Undvierzig Strömen , vielen Brücken und# Zweitausend Bergen , hundertneunundvierzig# Millionen und sechshundertzweiundsechigtausend Menschen ,# Dort von der Mauer bis nach Canton zu ,# Ja bis nach Lao-Tschua , Cotschin-Tschina ,# Cambotscha , Tunkin , ist , wie ein Gewächs ,# Mit seinem Boden trefflich coalirt .# Ein jeder Mandarin hat seinen Platz# Und seine Feder . Kommt ein fremder Lord ,",de-18036
de,00-1734-0000-0003-5FD5-3#0,Q6986,Q7070,von Gotha bis Eisenach,"Herwegh, Georg",1817,1875,Gotha,50.948888888889,10.718333333333,city,city,Eisenach,50.974722222222,10.324444444444,city,city,,de-18295
de,00-1734-0000-0003-7A8C-4#0,Q584,Q13712,von dem blauen Rheine bis zu der Tyber,"Hölderlin, Friedrich",1770,1843,Rhine,47.6662,9.1786,river,river,Tiber,41.740555555556,12.233333333333,river,river," Manch feurig Blut zerrann in dem Todesfeld# Und jeder Wunsch und jede Menschenkraft# Vertobt auf Einer da , auf ungeheurer Walstatt ,# Wo von dem blauen Rheine bis zu der Tyber# Die unaufhaltsame , die jahrelange Schlacht# In wilder Ordnung sich umherbewegte .# Es spielt' ein kühnes Spiel in dieser Zeit",de-18718
de,00-1734-0000-0003-8F9A-C#0,Q788,Q152854,"von dem Eißmeer bis zu Herculs Säulen , Von dem Belt bis zu dem Hellespont","Karsch, Anna Louisa",1722,1791,Arctic Ocean,79.138639,-3.238969,sea,sea,Pillars of Hercules,36,-5.35,default,pillars (also mythological)," Unruhig macht durch ein Geschrey :# Daß , von des Orients Geschenkbeladnen Bothen# „ Gegrüßt Sein Ueberwinder sey ;# Daß von dem Eißmeer bis zu Herculs Säulen ,# Von dem Belt bis zu dem Hellespont ,# Dem König Ruhm erschallt , dem Zeus von seinen Keilen# Die blitzbeschwungenste vergont ;# Den unter seinen Lorbeerkränzen neiden",de-19326
de,00-1734-0000-0003-8F9A-C#0,Q204715,Q6514,"von dem Eißmeer bis zu Herculs Säulen , Von dem Belt bis zu dem Hellespont","Karsch, Anna Louisa",1722,1791,Great Belt,55.333,11,default,default,Dardanelles,40.2,26.4,strait (water),strait (water)," Unruhig macht durch ein Geschrey :# Daß , von des Orients Geschenkbeladnen Bothen# „ Gegrüßt Sein Ueberwinder sey ;# Daß von dem Eißmeer bis zu Herculs Säulen ,# Von dem Belt bis zu dem Hellespont ,# Dem König Ruhm erschallt , dem Zeus von seinen Keilen# Die blitzbeschwungenste vergont ;# Den unter seinen Lorbeerkränzen neiden",de-19326
de,00-1734-0000-0003-57BC-3#0,Q645,Q1229,Von dem Newa bis zu dem Don,"Herder, Johann Gottfried",1744,1803,Neva,59.9447,30.3094,river,river,Don,47.0864,39.2386,river,river," Wohin , wohin Sie sieht , blüht Glück .# Ein Blick der Grazie schafft Tempe aus den Wüsten ;# Dort , wo die Wilden früh die Morgensonne grüßen ,# Von dem Newa bis zu dem Don , von unsrer Düna Strand# Bis zu des Nordpols ew'ger Nacht# Wird Ihr Unsterblichkeit gebracht .# Denn Sie , Sie segnet alles Land",de-20818
de,00-1734-0000-0003-80A1-5#0,Q1741,Q90,von Wien bis nach Paris,"Holz, Arno",1863,1929,Vienna,48.2083333333333,16.3725,city,city,Paris,48.8566666666667,2.35222222222222,city,city," Längst der Letzte der Olympier .# Andre Zeiten , andre Lieder ,# Andre Lieder , andre Menschen ,# Und von Wien bis nach Paris# Fährt man heutzutag per Blitzzug# Noch nicht lumpge siebzehn Stunden .# Zwar ein Dichter , der wie ich",de-21448
de,00-1734-0000-0003-81E5-3#0,Q155721,Q181157,Von dem Brocken bis zu dem Popokatepetl,"Holz, Arno",1863,1929,Brocken,51.800555555556,10.617222222222,mountain,mountain,Popocatépetl,19.02222,-98.62778,volcano,volcano," Mitunter auf ein Rosenblatt verirrt .# Auf dieses Monstrum hab ich Jagd gemacht# Wie ein Professor , der Botanik liest ,# Von dem Brocken bis zu dem Popokatepetl .# Doch , was die Dichter mir auch vorgefaselt ,",de-21488
de,00-1734-0000-0003-90A3-2#0,Q34589,Q1653,Von dem Euphrat bis zu dem Donaustrom,"Karsch, Anna Louisa",1722,1791,Euphrates,31.0043,47.442,river,river,Danube,48.0951111111111,8.15488888888889,river,river," Da ward durch ihrer eignen Kinder Wüten ,# Gestürzt das stolze , hochgeseßne Rom ,# Die Königin der Welt , vor welcher Völker knieten# Von dem Euphrat bis zu dem Donaustrom .# Nun donnert sie den fernentlegnen Thronen# Nicht Schrecken mehr durch ihres Nahmens Klang ,# Ihr sonst berühmter Strom sieht Männer um sich wohnen ,",de-21665
de,00-1734-0000-0003-107F-E#0,Q12724,Q1288,von dem Tessin bis fern an die Karpathenhänge,"Grün, Anastasius",1806,1876,Ticino,46.316666666667,8.8166666666667,region,region,Carpathian Mountains,47,25.5,mountain,mountain," Ein Rückzug war's , so schön wie wenig Siegesfeiern ,# Als er aus Mailands Thor in dem Sarg mit schwarzen Schleiern ,# Mit Siegesfahnen zog und Helden seines Kampfs ,# Und von dem Tessin bis fern an die Karpathenhänge# Hinrollte Donnergruß und zogen Glockenklänge ,# Und überm Zuge hoch die Säule weißen Dampfs !# So schwebte feierlich die dunkle Bundeslade",de-21964
de,00-1734-0000-0003-1154-4#0,Q261399,Q475596,von Terouanne fernhin bis Guinegat',"Grün, Anastasius",1806,1876,Thérouanne,50.636666666667,2.2588888888889,village,village,Enguinegatte,50.608055555556,2.2711111111111,region,region," Vor's Lager hinaus lustwandelt der Völker Fürstenpaar ,# Heinrich , der junge Britte , und Max , schon grau von Haar ;# Vor ihren Blicken dehnt sich , wie 'n See , so weit und glatt ,# Die Ebne von Terouanne fernhin bis Guinegat' .# Talbot schritt neben Heinrich , als hätt' an dem Himmelszelt# Sich Mars , das blut 'ge Sternbild , zu dem hehren Mond gesellt ;# Kunz von der Rosen wallte zu der Seite seinem Herrn ,",de-23370
de,00-1734-0000-0003-B83A-A#0,Q727,Q2843,von Amsterdam nach Lübekk,"Kuhlmann, Quirinus",1651,1689,Amsterdam,52.3727777777778,4.89361111111111,city,city,Lübeck,53.869722222222,10.686388888889,city,city," Di wir von dem Babels fall als Jüngling riffen mit !# Di Standart sei aus Ost und Norden# Durch der zehn Stämme kunfft der wesentlich beginn !# Das gehen aus von Amsterdam nach Lübekk# Verwandel sich mit ernst in das wesentlich ausgehn !# Der Abfall sei der fall von Babels waaren !# Das Urimthumim heb den grossen Kaiserstein ,",de-27047
de,00-1734-0000-0003-F19A-8#0,Q201385,Q1693,Von dem Golf Neapels bis zu der Nordsee,"Lingg, Hermann von",1820,1905,Gulf of Naples,40.735277777778,14.275277777778,bay,bay,North Sea,56,3,sea,sea,"Von dem Golf Neapels bis zu der Nordsee klaffen# Die Länder auf in Haß – hie Ghibellinen ,# Hie Welfen , hie Verwüstung und Ruinen !# Hie Flammen , Sturmlauf , Rosse , Banner , Waffen !",de-29086
de,00-1734-0000-0004-2A63-1#0,Q220,Q1012797,von Rom bis Ostia,"Matthisson, Friedrich von",1761,1831,Rome,41.893055555556,12.482777777778,city,city,Ostia,41.755833,12.291667,ancient city,ancient city," In dem Mondlicht oft Heroenstimmen# Des Donnrers Tempelhain entwehn ?# Hoch sei der hehre Tag gefeiert ,# Als hier , von Rom bis Ostia ,# Mein Blick von dem Zeitgewölk entschleiert ,# Der Thatenbühnen größte sah !# Verweht , gleich einem Nachtfantome ,",de-30977
de,00-1734-0000-0004-8C14-1#0,Q597,Q973,von Lisboa bis zu dem kalten Oby,"Ramler, Karl Wilhelm",1725,1798,Lisbon,38.708042,-9.139016,city,city,Ob,66.3802,71.7787,river,river," Der Pest Verschworene !# Die ihr den schnellen Tod in alle Meere# Auf Donnergaleonen bringt ,# Und von Lisboa bis zu dem kalten Oby Heere# Zu dem Wechselmorde dingt !# Und ach ! mit Deutschlands Bürgern Deutschlands Bürger# Zerfleischet , einen bessern Held ,",de-33302
de,00-1734-0000-0004-8CB8-4#0,Q1055,Q1741,von Hamburg bis nach Wien,"Ratschky, Joseph Franz",1757,1810,Hamburg,53.55,10,city,city,Vienna,48.2083333333333,16.3725,city,city," Sag an , mein Freund , wo geht die Reise hin ?# Ach , Nachbar Ix! lass dir mein Schicksal klagen ,# Und sprich , ob man in diesen Tagen ,# Wo die Verbessrungssucht von Hamburg bis nach Wien# Gleich einem Strom sich anfängt auszubreiten ,# Wo jedermann an Sprach' und Glauben fegt ,# Feilt , glättet , zwacket , stutzt und egt ,",de-33337
de,00-1734-0000-0004-79C6-6#0,Q1653,Q1650,Von dem Strand der Donau bis zu dem Strand der Weser,"Platen, August von",1796,1835,Danube,48.0951111111111,8.15488888888889,river,river,Weser,51.42139,9.64806,river,river," Drum kann zu fliehn er sich noch nicht entschließen# Das Reich des stäten Lenzes und der Farben .# Indessen wünscht er sich geneigte Leser# Von dem Strand der Donau bis zu dem Strand der Weser !# Zwar hie und da bewirkt er kein Behagen ,# Weil ihn die Mandarine streng verbieten ;# Doch , fürcht ich , wird sie lange Weile plagen ,",de-35724
de,00-1734-0000-0004-C1BB-A#0,Q491788,Q522236,Von dem Pentling bis zu dem Wendelstein,"Scheffel, Joseph Viktor von",1826,1886,Pentling,48.983611111111,12.058888888889,village,village,Wendelstein,49.353611111111,11.148333333333,city,city," Hab' ich allhier in grober Pracht# Gelebt , geliebt und auch gedracht# Als Tazzelwurm .# Von dem Pentling bis zu dem Wendelstein# War Fels und Luft und Wasser mein ,# Ich flog und ging und lag gerollt ,# Und statt auf Heu schlief ich auf Gold",de-41509
de,00-1734-0000-0004-CB82-7#0,Q991372,Q41843,von Dan bis Berseba,"Schiller, Friedrich",1759,1805,Dan,33.240277777778,35.653055555556,village,kibbutz,Beersheba,31.258888888889,34.797777777778,city,city," War olim schon ein König ,# Dem war von Dan bis Berseba# Bald alles untertänig .# Und war dabei ein wackrer Fürst ,# Desgleichen selten finden wirst .",de-42301
de,00-1734-0000-0004-D6D6-5#0,Q1055,Q11812551,von Hamburg bis nach Schwaben,"Schlegel, Friedrich",1772,1829,Hamburg,53.55,10,city,city,Swabia,48.37844,9.963274,region,region," Und was an mir beschränkt mir schien , zu hassen .# Nun schreit und schreibt in Ohnmacht sehr geschäftig ,# Als wär's in dem tiefsten Herzen tief beleidigt ,# Der Platten Volk von Hamburg bis nach Schwaben .# Ob unsern guten Zweck erreicht wir haben ,# Zweifl' ich nicht mehr ; es hat 's die Tat beeidigt ,",de-42843
de,00-1734-0000-0005-0A4E-4#0,Q25286,Q1171,von Upsal bis Goa,"Seume, Johann Gottfried",1763,1810,Uppsala,59.849760548324,17.638946597524,city,city,Goa,15.401944,74.043333,region,region," Bey schuftigem Schedel und herrlichem Magen ,# Den Kopf in der Binde , und träume mit Ruh# Von Hirngicht und Knochenfraß etwas dazu .# Der Schmerz ist ein Übel von Upsal bis Goa ,# Trotz aller Behauptung der Herrn aus der Stoa :# Doch darum hat man mit der Weisheit gedingt ,# Damit sie den Schmerz und das Übel bezwingt .",de-43316
de,00-1734-0000-0005-0A83-A#0,Q131716,Q81483,von dem Kattegat setzten bis in die Levante,"Seume, Johann Gottfried",1763,1810,Kattegat,56.928333333333,11.428055555556,sea,sea area,Levant,34,36,region,region," Und in dem neuen Testamente mit brennenden Angstschweiß# Jeder sein Verschen grammatikaliter auswurzelte .# Und dann , wenn wir saßen beym zentnerschweren Atlas ,# Und in dem Sprunge von dem Kattegat setzten bis in die Levante ,# Und von Stambul stracks mit einem Fuße nach Japan# Und mit dem andern hinüber in das eisige Feuerland traten .# Der Großmogul war uns ein Ungeheuer von Reichthum ,",de-43340
de,00-1734-0000-0005-0A83-A#0,Q406,Q17,von Stambul stracks mit einem Fuße nach Japan,"Seume, Johann Gottfried",1763,1810,Istanbul,41.01,28.960277777778,city,city,Japan,35,136,country,country," Jeder sein Verschen grammatikaliter auswurzelte .# Und dann , wenn wir saßen beym zentnerschweren Atlas ,# Und in dem Sprunge von dem Kattegat setzten bis in die Levante ,# Und von Stambul stracks mit einem Fuße nach Japan# Und mit dem andern hinüber in das eisige Feuerland traten .# Der Großmogul war uns ein Ungeheuer von Reichthum ,# Und vor ihm die Britten mit allen Guineen nur Bettler .",de-43340
de,00-1734-0000-0005-1A1D-2#0,Q552,Q602,von der Oder bis hin zu dem Rhodan,"Stolberg, Friedrich Leopold Graf zu",1750,1819,Oder,53.6017,14.5897,river,river,Rhône,43.3342,4.8442,river,river," So haben Schrecken Gottes , und deutsches Herz ,# Des Drängers Horden , welcher der Herrschaft sich# Bei uns vermaß , ihn selbst , den Dränger ,# Her von der Oder bis hin zu dem Rhodan# Geschreckt , verfolgt , zerstiebet ! Er windet sich ,# Und fleht um Frieden ! Friede , ja Friede sei# Dem eitlen Volk , in alter Grenze ;",de-43754
de,00-1734-0000-0005-5DFA-3#0,Q1711,Q1491774,von Potsdam bis Petzow,"Tucholsky, Kurt",1890,1935,Potsdam,52.4,13.066666666667,city,city,Petzow,52.3456,12.9444,village,village," Kein Gendarm , kein Landjäger siehts .# Herr Hauptmann schießt auf die ganze Justiz .# Hat Waffen , Freiheit , Helfershelfer# von Potsdam bis Petzow . . .# Wozu das Gebelfer ?# Ihr laßt euch peitschen von solchem Kujon ?# Versammelt euch . Redet . Resolution .",de-44920
de,00-1734-0000-0005-5FE1-B#0,Q13696,Q584,von der Etsch bis an den Rhein,"Tucholsky, Kurt",1890,1935,Adige,45.1596,12.3311,river,river,Rhine,47.6662,9.1786,river,river," Wenn sie sich heut selber verhauen :# Euch fallen sie morgen an !# Ihr seid das Volk und die Masse# von der Etsch bis an den Rhein :# soll das die herrschende Klasse ,# sollen das unsere Führer sein – ?",de-44984
de,00-1734-0000-0005-61C8-5#0,Q1017,Q474697,von Aachen bis Dirschau,"Tucholsky, Kurt",1890,1935,Aachen,50.776207,6.083788,city,city,Tczew,54.091111111111,18.786388888889,city,city," den Rhein möcht ich sehn , der da ungereimt bleibt –# es sind halt geschickte Menschen !# Und was sie dichten , ganz Deutschland grölts ,# von Aachen bis Dirschau , von Kiel bis nach Ölz ;# wo nur Treue und Weinbrand wachsen .# Zu dem Beispiel so unsere Sachsen :# „ Ein rheinisches Mädchen – bei dem rheinischen Wein –",de-47092
de,00-1734-0000-0005-68AC-9#0,Q2044,Q1630,von Florenz bis Altona,"Tucholsky, Kurt",1890,1935,Florence,43.771388888889,11.254166666667,city,city,Altona,53.55,9.9333,city part,city part,,de-47185
de,00-1734-0000-0005-203A-B#0,Q45,Q148,von Portugal bis China,"Strachwitz, Moritz von",1822,1847,Portugal,38.7,-9.18333333333333,country,country,People's Republic of China,35.8447222222222,103.451944444444,country,country," Du klarster Stern in dem Himmel und hienieden ?# Da fehlt mir just der zweite Reim auf ina ,# Den dritten aber hab' ich schon in Petto ,# Du schönste Frau von Portugal bis China ,",de-47902
de,00-1734-0000-0005-735F-2#1,Q5089,Q3392,Von dem Ganges bis zu dem Nil,"Uz, Johann Peter",1720,1796,Ganges,30.1451,78.5974,river,river,Nile,31.4653,30.3667,river,river," Wenn , was dein Antlitz lehrt , mich deine Lippen lehren .# Wo nicht , so höre du , was in geheimer Nacht# Mir eine Muse jüngst vertraulich kund gemacht .# Von dem Ganges bis zu dem Nil , und von den streitbarn Scythen# Bis in der Griechen Land , wo feinre Künste blühten ,# Bis zu dem erhabnen Rom , das unter Lorbeern schlief ,# Als neuer Ueberfluß der fremden Weisheit rief :",de-48573
de,00-1734-0000-0005-965A-E#0,Q12444,Q12434,von Königswinter bis Honnef,"Weerth, Georg",1822,1856,Königswinter,50.683333333333,7.1833333333333,city,city,Bad Honnef,50.645,7.2269444444444,city,city," Und stolzer rollten die Wogen vorbei !# Und stolz auf die rheinische Dirne sah# Der Winzer in dem Feld und der Ferge in dem Kahn ,# Und von Königswinter bis Honnef , da# Hat manch armen Jungen sie's angetan .# Und die Kunde drang durch das ganze Land ,# Und jeder wollte die Schöne sehn .",de-48811
de,00-1734-0000-0005-6323-7#0,Q1726,Q226884,von München bis Zossen,"Tucholsky, Kurt",1890,1935,Munich,48.1375,11.575,city,city,Zossen,52.216666666667,13.449722222222,city,city," Der Feindbund scheint ihnen auf einmal verwandelt .# Und sie handeln , wie man nur in Galizien handelt .# Alte Memoiren ? Alte Memoiren ?# Einer aber von München bis Zossen# hat von allen den Vogel abgeschossen .# Wem flog wohl an dem höchsten der preußische Aar ?# Unser Kaiser bekam das Rekordhonorar !",de-49774
de,00-1734-0000-0005-A6BA-6#0,Q84,Q656,von London bis nach Petersburg,"Wieland, Christoph Martin",1733,1813,London,51.507222222222,-0.1275,city,city,Saint Petersburg,59.95,30.316666666667,city,city," Sie sind von meiner eignen Zucht ,# sind gut ( halb Teutschland hat 's versucht )# und gehn , so helf mir Sankt Walpurg !# von London bis nach Petersburg :# sind , ohne Ruhmred , extrafein ,# gesund und wohlfeil oben drein ;# zwölf Körbchen ( trotz dem leidigen Schweitzer ! )",de-50491
en,abbey-stories---24,Q1851740,Q216868,From Lookout Mountain to the Chesapeake,"Abbey, Henry",1842,1911,Lookout Mountain,34.996388888889,-85.350833333333,city,city,Chesapeake Bay,37.2480611111111,-76.1194388888889,bay,bay," O , many they who listen through long nights# To hear a footstep that will never come .# There is not a flower along the border blown ,# From Lookout Mountain to the Chesapeake ,# But has in it the blood of North and South .# Karagwe went back , and on a paper wrote ,—# “ Your dog has harmed me not , and why should you ,",en-24
en,akenside-poeticalWorks---2,Q12792,Q115457,from fair Valclusa 's bowers To Arno,"Akenside, Mark",1721,1770,Vaucluse,44,5.1666666666667,region,region,Arno,43.7255555555556,11.6716666666667,river,river," And chain'd the soaring pinion down to earth .# At last the Muses rose , and spurn'd their bonds ,# And , wildly warbling , scatter'd as they flew ,# Their blooming wreaths from fair Valclusa 's bowers# To Arno 's myrtle border and the shore# Of soft Parthenopé . But still the rage# Of dire ambition and gigantic power ,# From public aims and from the busy walk",en-193
en,allingham-sixteenPoems---5,Q1120038,Q2487413,From Slieveleague to Rosses,"Allingham, William",1824,1889,Slieve League,54.638055555556,-8.6813888888889,mountain,mountain,Rosses Point,54.3092,-8.5661,village,village," With a bridge of white mist# Columbkill he crosses ,# On his stately journeys# From Slieveleague to Rosses ;# Or going up with music# On cold starry nights ,# To sup with the Queen",en-445
en,arnold-lightOfAsia---2,Q5451,Q5089,"from Himalay's broad feet , To bear its tribute into Gunga","Arnold, Edwin",1832,1904,Himalayas,29,84,mountain,mountain,Ganges,30.1451,78.5974,river,river," Like Vishramvan , the Prince 's pleasure - place .# Midway in those wide palace - grounds there rose# A verdant hill whose base Rohini bathed ,# Murmuring adown from Himalay's broad feet ,# To bear its tribute into Gunga 's waves .# Southward a growth of tamarind trees and sal ,# Thick set with pale sky - coloured ganthi flowers ,# Shut out the world , save if the city 's hum",en-548
en,arnold-poeticalWorks---40,Q22890,Q23148,From Ireland to Cornwall,"Arnold, Matthew",1822,1888,Ireland,53.351,-7.921,island,island,Cornwall,50.3,-4.9,region,historic region," Is that other Iseult fair ,# That proud , first Iseult , Cornwall 's queen ?# She , whom Tristram 's ship of yore# From Ireland to Cornwall bore ,# To Tyntagel , to the side# Of King Marc , to be his bride ?# She who , as they voyaged , quaff'd",en-594
en,arnold-poeticalWorks---40,Q22890,Q23148,"From Ireland to Cornwall bore , To Tyntagel","Arnold, Matthew",1822,1888,Ireland,53.351,-7.921,island,island,Cornwall,50.3,-4.9,region,historic region," Is that other Iseult fair ,# That proud , first Iseult , Cornwall 's queen ?# She , whom Tristram 's ship of yore# From Ireland to Cornwall bore ,# To Tyntagel , to the side# Of King Marc , to be his bride ?# She who , as they voyaged , quaff'd# With Tristram that spiced magic draught ,",en-594
en,arnold-poeticalWorks---40,Q22890,Q934922,"From Ireland to Cornwall bore , To Tyntagel","Arnold, Matthew",1822,1888,Ireland,53.351,-7.921,island,island,Tintagel Castle,50.6683,-4.7608,castle/fort,castle," Is that other Iseult fair ,# That proud , first Iseult , Cornwall 's queen ?# She , whom Tristram 's ship of yore# From Ireland to Cornwall bore ,# To Tyntagel , to the side# Of King Marc , to be his bride ?# She who , as they voyaged , quaff'd# With Tristram that spiced magic draught ,",en-594
en,barlow-columbiad---1,Q40430,Q183124,From Bahia 's coast to Cochabamba,"Barlow, Joel",1754,1812,Bahia,-12.52,-41.69,region,region,Cochabamba,-17.3935419,-66.1570139,city,city," Where suns less ardent cast their golden beams ,# And minor Andes pour a waste of streams ,# The marsh of Moxoe scoops the world , and fills# ( From Bahia 's coast to Cochabamba 's hills )# A thousand leagues of bog ; he strives in vain# Their floods to centre and their lakes retain ;# His gulphs o'ercharged their opening sides display ,",en-961
en,bierce-blackBeetles---48,Q493261,Q16553,From Walnut Creek to San Jose,"Bierce, Ambrose",1842,1914,Walnut Creek,37.9063131,-122.064963,city,city,San Jose,37.304166666667,-121.87277777778,city,city," Thus in my dream the golden reign# Of Reason filled the world again ,# And all mankind confessed her sway ,# From Walnut Creek to San Jose .",en-1373
en,bierce-blackBeetles---102,Q476913,Q16552,From Siskiyou to San Diego,"Bierce, Ambrose",1842,1914,Siskiyou Mountains,41.94,-123.48,mountain,mountain,San Diego,32.715,-117.1625,city,city," Some subtle organ noted the reply# ( Inaudible to ear of flesh the tone ) :# “ The Finest Climate in the World am I ,# From Siskiyou to San Diego known —# From the Sierra to the sea . The zone# Called semi-tropical I 've pulled about# And placed it where it does most good , I trust .",en-1427
en,bierce-shapesOfClay---68,Q188155,Q42053,From Astrabad to Ispahan,"Bierce, Ambrose",1842,1914,Gorgan,36.8466666666667,54.43,city,city,Isfahan,32.6525,51.6747222222222,city,city," He tartly cut his final joke .# So perished , not an hour too soon ,# The wicked Muley Ben Maroon .# From Astrabad to Ispahan# At camel speed the rumor ran# That , breaking through tradition hoar ,# And throwing all his kinsmen o'er ,",en-1574
en,blind-ascentOfMan---5,Q668,Q5684,From mystic Ind to fleshly Babylon,"Blind, Mathilde",1841,1896,India,22.8,83,country,country,Babylon,32.5425,44.4211111111111,ancient city,ancient city," Dazzle the conquered world , and pass away .# In golden Morning lands# The blazing crowns change hands ,# From mystic Ind to fleshly Babylon ,# Assyria , Palestine# Armed with her book divine ,# Dread Persia whose fleet chariots charged and won",en-1998
en,bowles-poeticalWorks1---53,Q3392,Q668,from the shore Of ancient Nile to India,"Bowles, William Lisle",1762,1850,Nile,31.4653,30.3667,river,river,India,22.8,83,country,country," By the shade of cities old ,# By many a river stained with gore ,# By the sword of Sesac bold ,# Who smote the nations from the shore# Of ancient Nile to India 's farthest plain ,# By Fame 's proud pillars , and by Valour 's shield# By mighty chiefs in glorious battle slain ,# Assert thy sway ; amid the bloody field",en-2290
en,bowles-poeticalWorks1---118,Q11767,Q79,From Shinar's plain to Egypt,"Bowles, William Lisle",1762,1850,Mesopotamia,33.7,43.5,region,historic region,Egypt,27,29,country,country," His glory , through the darkness terrible# That sat on the dread Mount ) , and we descry# Thy sons , O Noah ! peopling wide the scene ,# From Shinar's plain to Egypt .# Let the song# Reveal , who first “ went down to the great sea# In ships , ” and braved the stormy element .",en-2355
en,bowles-poeticalWorks1---133,Q2868,Q298,From Lima bound to Chili,"Bowles, William Lisle",1762,1850,Lima,-12.06,-77.0375,city,city,Chile,-33,-71,country,country," At length resolved , I sought thee o'er the seas :# The brave bark cheer'ly went before the breeze ,# That arms and soldiers to Valdivia bore ,# From Lima bound to Chili 's southern shore :# I seized the fair occasion — ocean smiled ,# As to the sire I bore his lisping child .# The storm arose : with loud and sudden shock",en-2370
en,bowles-poeticalWorks2---1,Q19686,Q216373,From Thames to Tyne,"Bowles, William Lisle",1762,1850,River Thames,51.6944444444444,-2.02972222222222,river,river,River Tyne,55.0119,-1.4158,river,river," And vanishes ; and other armed shades# Pass by , red battle hurtling as they pass .# The Saxon kings have strewed their palaces# From Thames to Tyne . But , lo ! the sceptre shakes ;# The Dane , remorseless as the hurricane# That sweeps his native cliffs , harries the land !# What terror strode before his track of blood !",en-2371
en,bowles-poeticalWorks2---13,Q192896,Q3073271,From Carlisle - Wall to Flamborough Head,"Bowles, William Lisle",1762,1850,Carlisle,54.8947222222222,-2.93638888888889,city,city,Flamborough Head,54.11599,-0.08305,cape,cape," And sung by turns their more terrific song :# I looked in the seer 's prophetic glass ,# And saw the deeds that should come to pass ;# From Carlisle - Wall to Flamborough Head ,# The reeking soil was heaped with dead .# The towns were stirring at dawn of day ,# And the children went out in the morn to play ;",en-2383
en,bowles-poeticalWorks2---14,Q209176,Q19714,From Ely to the banks of Trent,"Bowles, William Lisle",1762,1850,Ely,52.398055555556,0.26222222222222,city,city,River Trent,53.7,-0.7,river,river," In his right hand , and to Fitzalain speaks :# All these , the forfeited domains and land# Of Edwin and of Morcar , traitor - lords ,# From Ely to the banks of Trent , I give# To thee and thine !# Fitzalian lowly knelt ,# And kissed his iron hand ; then slowly rose ,",en-2384
en,brooke-1914---32,Q2041191,Q2224061,From Haslingfield to Madingley,"Brooke, Rupert",1887,1915,Haslingfield,52.15,0.0533,village,village,Madingley,52.225,0.040919444444444,village,village," Is dawn a secret shy and cold# Anadyomene , silver - gold ?# And sunset still a golden sea# From Haslingfield to Madingley ?# And after , ere the night is born ,# Do hares come out about the corn ?# Oh , is the water sweet and cool ,",en-2600
en,browning-poeticalWorks4---53,Q739037,Q19714,from Nicaea up to Trent,"Browning, Elizabeth Barrett",1806,1861,Nicaea,40.429,29.7195,ancient city,ancient city,River Trent,53.7,-0.7,river,river," Which every given heretic you hate ,# Assumes for his , as being plainly so .# A pope must hold by popes a little ,— yes ,# By councils , from Nicaea up to Trent ,—# By hierocratic empire , more or less# Irresponsible to men ,— he must resent# Each man 's particular conscience , and repress",en-2869
en,browning-poeticalWorks4---53,Q5776,Q124110,From Bethlehem to Loreto,"Browning, Elizabeth Barrett",1806,1861,Bethlehem,31.704444444444,35.206111111111,city,city,Loreto,43.4403,13.607430555556,city,city," Runs yearly warm beneath a churchman 's finger ,—# To such a holy house of stone and wood ,# Whereof a cloud of angels was the bringer# From Bethlehem to Loreto . Were it good# For any pope on earth to be a flinger# Of stones against these high - niched counterfeits ?# Apostates only are iconoclasts .",en-2869
en,browning-poeticalWorks4---55,Q1471,Q584,From the Seine back to the Rhine,"Browning, Elizabeth Barrett",1806,1861,Seine,49.434722222222,0.1175,river,river,Rhine,47.6662,9.1786,river,river," From the centre to the shore ,# From the Seine back to the Rhine ,# Stood eight millions up and swore# By their manhood 's right divine# So to elect and legislate ,",en-2871
en,browning-selection---48,Q163108,Q840597,from Malo Roads to Croisic Point,"Browning, Robert",1812,1889,Saint-Malo,48.647222222222,-2.0088888888889,city,city,Le Croisic,47.293055555556,-2.5105555555556,city,city," Those frank eyes of Breton blue :# “ Since I needs must say my say ,# Since on board the duty 's done ,# And from Malo Roads to Croisic Point , what is it but a run ? —# Since ‘ tis ask and have , I may —# Since the others go ashore —# Come ! A good whole holiday !",en-2938
en,byron-poeticalWorks1---2,Q46,Q23792,from Europe to Palestine,"Byron, George Gordon",1788,1824,Europe,48.690959,9.14062,continent,continent,Palestine,31.625321,35.145264,region,region," In thy once smiling garden , the hemlock and thistle# Have choak'd up the rose , which late bloom'd in the way .# Of the mail - cover'd Barons , who , proudly , to battle ,# Led their vassals from Europe to Palestine 's plain ,# The escutcheon and shield , which with ev'ry blast rattle ,# Are the only sad vestiges now that remain .# No more doth old Robert , with harp - stringing numbers ,",en-3518
en,byron-works6---11,Q189,Q30151210,from Iceland to Barbadoes,"Byron, George Gordon",1788,1824,Iceland,65,-19,country,country,Barbados,13.1,-59.616666666667,island,island," Even shuffling Southey , that incarnate lie ,# Would scarcely join again the “ reformadoes , ""# Whom he forsook to fill the Laureate 's sty ;# And honest men from Iceland to Barbadoes ,# Whether in Caledon or Italy ,# Should not veer round with every breath , nor seize# To pain , the moment when you cease to please .",en-3713
en,campbell-mountainSinger---39,Q434165,Q1755549,From Edair to Acaill Sound,"Campbell, Joseph",1879,1944,Howth,53.3851,-6.0591,city part,city part,Achill Sound,53.9278,-9.9392,city,city," “ The bagmen carry the story# The circuit of Ireland round ,# And they sing it at fair and hurling# From Edair to Acaill Sound .# “ And the folk repeat it over# About the winter fires ,# Till the heart of each one listening",en-3951
en,campbell-mountainSinger---54,Q4856854,Q55299,from Banna to Laoi,"Campbell, Joseph",1879,1944,Banna Strand,52.3582,-9.8368,default,beach,County Laois,53,-7.4,region,region," And rides with the air of a squire of estate .# O Christ ! and to see the man up on the back# Of a thoroughbred stallion , a bay or a black !# There 's not a horsebreeder from Banna to Laoi# Can handle the snaffle so pretty as he !# And Ciaran , for all , has the wit of a child ,# A heart just as soft , and an eye just as mild .",en-3966
en,carman-balladsOfLost---8,Q6869752,Q1542630,From Minudie to Manan,"Carman, Bliss",1861,1929,Minudie,45.7746,-64.3615,village,village,Grand Manan Island,44.666666666667,-66.75,island,island," That maraud this gray world border# Without pilot , chart , or log ,# Ranging wanton as marooners# From Minudie to Manan .# “ Heave to , and we 'll reef , my master ! ”# Cries he ; when no will of man# Spills the foresail , but a clumsy",en-4088
en,carman-laterPoems---3,Q5684,Q220,From Babylon to Rome,"Carman, Bliss",1861,1929,Babylon,32.5425,44.4211111111111,ancient city,ancient city,Rome,41.893055555556,12.482777777778,city,city," For though I had to stay on shore# My heart was on the sea .# They stopped at every port to call# From Babylon to Rome ,# To load with all the lovely things# We never had at home ;# With elephants and ivory",en-4123
en,carman-sappho---90,Q3392,Q128087,From the seven mouths of Nile to Lesbos,"Carman, Bliss",1861,1929,Nile,31.4653,30.3667,river,river,Lesbos,39.21,26.28,island,island," Over Rhodes and Samos and Miletus ,# From the seven mouths of Nile to Lesbos ,# Freighted with sea- odours and gold sunshine ,# What news spreads among the island people# In the market - place of Mitylene ,",en-4324
en,cawein-idyllicMonologues---1,Q1509,Q1397,From Tennessee to Ohio,"Cawein, Madison Julius",1865,1914,Tennessee,36,-86,region,region,Ohio,40.5,-82.5,region,region," Blown from the North , the clarion fame# Of Morgan , who , with blow on blow ,# Had drawn a line of blood and flame# From Tennessee to Ohio .# Then letters ceased ; and days went on .# No word from him . The war rolled back ,# And in its turgid crimson track",en-4998
en,chesteron-balladOfStBarbara---29,Q207639,Q170263,From Chichester to Chester,"Chesterton, Gilbert Keith",1874,1936,Chichester,50.8365,-0.7792,city,city,Chester,53.2,-2.8833333333333,city,city," The invincible race we are .# Though Sussex hills are bare , are bare ,# And Sussex weald is wide ,# From Chichester to Chester# Men saw the Norman ride ;# He threw his sword in the air and sang# To a sort of a light guitar ;",en-5750
en,chesterton-balladOfWhiteHorse---4,Q229,Q107393,From Cyprus round to Skye,"Chesterton, Gilbert Keith",1874,1936,Cyprus,35,33,country,country,Isle of Skye,57.333333333333,-6.2666666666667,island,island," And he cried of the ships as eagles# That circle fiercely and fly ,# And sweep the seas and strike the towns# From Cyprus round to Skye .# How swiftly and with peril# They gather all good things ,# The high horns of the forest beasts ,",en-5759
en,chesterton-balladOfWhiteHorse---5,Q31945,Q216373,From red Arabia to the Tyne,"Chesterton, Gilbert Keith",1874,1936,Arabian Peninsula,23,46,region,land,River Tyne,55.0119,-1.4158,river,river," Lately baptized , a Dane .# But like one man in armour# Those hundreds trod the field ,# From red Arabia to the Tyne# The earth had heard that marching - line ,# Since the cry on the hill Capitoline ,# And the fall of the golden shield .",en-5760
en,chesterton-balladOfWhiteHorse---6,Q170263,Q550995,From Chester to the Humber,"Chesterton, Gilbert Keith",1874,1936,Chester,53.2,-2.8833333333333,city,city,Humber,53.5425,0.0925,river,river," Like death out of the north ;# Shrines without name or number# He rent and rolled as lumber ,# From Chester to the Humber# He drove his foemen forth .# The Roman villas heard him# In the valley of the Thames ,",en-5761
en,chesterton-balladOfWhiteHorse---7,Q584,Q220,from Rhine to Rome,"Chesterton, Gilbert Keith",1874,1936,Rhine,47.6662,9.1786,river,river,Rome,41.893055555556,12.482777777778,city,city," And his words were all of low hedges# And little fields and sheep .# Even as he strode like a pestilence ,# That strides from Rhine to Rome ,# He thought how tall his beans might be# If ever he went home .# Spoke some stiff piece of childish prayer ,",en-5762
en,chesterton-balladOfWhiteHorse---9,Q953957,Q43382,From Wantage Town to Plymouth Bluff,"Chesterton, Gilbert Keith",1874,1936,Wantage,51.589,-1.427,city,city,Plymouth,50.371388888889,-4.1422222222222,city,city," “ So were the island of a saint ;# But I am a common king ,# And I will make my fences tough# From Wantage Town to Plymouth Bluff ,# Because I am not wise enough# To rule so small a thing . ”# And it fell in the days of Alfred ,",en-5764
en,churchill-poeticalWorks---16,Q142,Q21,From France to England,"Churchill, Charles",1731,1764,France,47,2,country,country,England,53,-1,country,country," Conjecture thus ,# That mental ignis fatuus ,# Led his poor brains a weary dance# From France to England , hence to France ,# Till Information in the shape# Of chaplain learned , good Sir Crape ,# A lazy , lounging , pamper'd priest ,",en-5902
en,churchill-poeticalWorks---16,Q21,Q142,"From France to England , hence to France","Churchill, Charles",1731,1764,England,53,-1,country,country,France,47,2,country,country," Conjecture thus ,# That mental ignis fatuus ,# Led his poor brains a weary dance# From France to England , hence to France ,# Till Information in the shape# Of chaplain learned , good Sir Crape ,# A lazy , lounging , pamper'd priest ,",en-5902
en,clough-amours---4,Q1308,Q7024,from Como straight to Lugano,"Clough, Arthur Hugh",1819,1861,Como,45.81025,9.0861388888889,city,city,Lugano,46.010277777778,8.9625,city,city," Dear Miss Roper ,— By this you are safely away , we are hoping ,# Many a league from Rome ; ere long we trust we shall see you .# How have you travelled ? I wonder ; — was Mr. Claude your companion ?# As for ourselves , we went from Como straight to Lugano ;# So by the Mount St. Gothard ; we meant to go by Porlezza ,# Taking the steamer , and stopping , as you had advised , at Bellaggio ,# Two or three days or more ; but this was suddenly altered ,",en-6080
en,clough-amours---4,Q490,Q1308,from Milan to Como,"Clough, Arthur Hugh",1819,1861,Milan,45.466944444444,9.19,city,city,Como,45.81025,9.0861388888889,city,city," Well , he is not come , and now , I suppose , he will not come .# What will you think , meantime ? and yet I must really confess it ;—# What will you say ? I wrote him a note . We left in a hurry ,# Went from Milan to Como , three days before we expected .# But I thought , if he came all the way to Milan , he really# Ought not to be disappointed : and so I wrote three lines to# Say I had heard he was coming , desirous of joining our party ; —",en-6080
en,combe-heroicEpistle---1,Q23220,Q19709,From Berkshire 's hills to Avon,"Combe, William",1742,1823,Berkshire,51.42,-1,region,region,River Avon,51.9964,-2.1636,river,river," And dar'd attempt with sacrilegious sword ,# To offer equal combat to a LORD ,# Sudden your noble limbs your coursers bore ,# From Berkshire 's hills to Avon 's distant shore :# And eager to preserve from foul disgrace ,# Th’ unsullied honors of a noble race ,# Rather than have it said you meanly stood",en-6272
en,combe-heroicEpistle---1,Q2405266,Q464955,"From Buscot 's meads , to Windsor's","Combe, William",1742,1823,Buscot,51.677,-1.667,village,village,Windsor,51.483333333333,-0.6,city,city," Aloud to list' ning crowds your worth proclaim ,# Yourself the herald of your deathless fame .# To spacious Berks your dignity avow ,# From Buscot 's meads , to Windsor's lofty brow ,# Till LOVEDen 's daring insolence is o'er ,# And POWNEY cross your fav' rite schemes no more ;# Your sacred game , till lawless SEYMOUR spare ,",en-6272
en,coventry-unknownEros---29,Q79,Q163329,"From Egypt , and to Canaan","Patmore, Coventry Kersey Dighton",1823,1896,Egypt,27,29,country,country,Canaan,32.766667,35.333333,ancient region,ancient region," The dazzled sense , that used was to the dark ,# May well doubt , ‘ Is't the safe way and the same# By which we came# From Egypt , and to Canaan mean to go ? ’# But know ,# The clearness then so marvellously increas'd ,# The light' ning shining Westward from the East ,",en-6796
en,crosland-outlookOdes---24,Q29520,Q419,From China to Peru,"Crosland, Thomas William Hodgson",1865,1924,China,35,105,country,country,Peru,-9.4,-76,country,country," ( I have not time to get up your other distinguished names ,# So that you must please excuse the plain Sir William ) ,# My dear Sir William , do you ever survey the Liberal party ,# From China to Peru ,# And from Rosebery to Lloyd - George as it were ?# Do you , my dear Sir William ? O do you ?# I do sometimes .",en-7172
en,darwin-botanicGarden1---1,Q794,Q79,From Persia 's rocks to Egypt's,"Darwin, Erasmus",1731,1802,Iran,32,53,country,country,Egypt,27,29,country,country," GNOMES ! YOUR bold forms unnumber'd arms outstretch ,# And urge the vengeance o'er the guilty wretch. —# Thus when CAMBYSES led his barbarous hosts# From Persia 's rocks to Egypt's trembling coasts ,# Defiled each hallowed fane , and sacred wood ,# And , drunk with fury , swell'd the Nile with blood ;# Waved his proud banner o'er the Theban states ,",en-7219
en,davis-selection---1,Q936301,Q1012476,from Bearbha' sbanks to Eóchaill,"Davis, Thomas Osborne",1814,1845,Barrow,52.242138888889,-6.9688611111111,river,river,Youghal,51.951671,-7.845612,city,city," Ye Geraldines ! ye Geraldines ! — how royally ye reigned# O'er Desmond broad , and rich Kildare , and English arts disdained :# Your sword made knights , your banner waved , free was your bugle call# By Gleann' sgreen slopes , and Daingean'stide , from# Bearbha' sbanks to Eóchaill .# What gorgeous shrines , what breitheamh lore , what minstrel feasts there were# In and around Magh Nuadhaid' skeep , and palace - filled Adare !# But not for rite or feast ye stayed , when friend or kin were pressed ;",en-7268
en,davis-selection---6,Q490,Q6231,From Milan to Cremona,"Davis, Thomas Osborne",1814,1845,Milan,45.466944444444,9.19,city,city,Cremona,45.1333333333333,10.0247222222222,city,city,"From Milan to Cremona Duke Villeroy rode ,# And soft are the beds in his princely abode ;# In billet and barrack the garrison sleep ,# And loose is the watch which the sentinels keep :",en-7273
en,davis-selection---9,Q45797,Q3711,from Dunkirk to Belgrade,"Davis, Thomas Osborne",1814,1845,Dunkirk,51.037777777778,2.3763888888889,city,city,Belgrade,44.8177777777778,20.4569444444444,city,city," And , though victors , they left on the field not a few ;# And they who survived fought and drank as of yore ,# But the land of their heart 's hope they never saw more ;# For in far foreign fields , from Dunkirk to Belgrade ,",en-7276
en,davis-selection---22,Q1020354,Q192820,From Carrick streets to Shannon shore,"Davis, Thomas Osborne",1814,1845,Carrickfergus,54.7136111111111,-5.8075,city,city,River Shannon,52.6767,-8.7545,river,river,"From Carrick streets to Shannon shore ,# From Slievenamon to Ballindeary ,# From Longford Pass to Gaillte Mór ,# Come hear The Vow of Tipperary .",en-7289
en,davis-selection---22,Q1520625,Q1016302,From Slievenamon to Ballindeary,"Davis, Thomas Osborne",1814,1845,Slievenamon,52.43,-7.563,mountain,mountain,Ballingeary,51.85,-9.2333333333333,village,village," From Slievenamon to Ballindeary ,# From Longford Pass to Gaillte Mór ,# Come hear The Vow of Tipperary .# Too long we fought for Britain 's cause ,",en-7289
en,davis-selection---22,QXXX,Q2333034,"From Slievenamon to Ballindeary , From Longford Pass to Gaillte Mór","Davis, Thomas Osborne",1814,1845,Longford Pass,52.691861,-7.663861,default,default,Galtymore,52.366,-8.179,mountain,mountain," From Slievenamon to Ballindeary ,# From Longford Pass to Gaillte Mór ,# Come hear The Vow of Tipperary .# Too long we fought for Britain 's cause ,# And of our blood were never chary ;",en-7289
en,devere-legendsofTheSaxonSaints---3,Q19686,Q1540243,from Thames to Stour,"De Vere, Aubrey",1814,1902,River Thames,51.6944444444444,-2.02972222222222,river,river,River Stour,51.313217,1.364409,river,river," Kneeling , himself had raised the earliest sod ,# Made firm the corner stone . Whate'er of gold# Sun - ripened harvests of the royal lands# Yielded from Thames to Stour , or tax and toll# From quays mast - thronged to loud - resounding sea ,# Save what his realm required by famine vexed# At times , or ravage of the Mercian sword ,",en-7799
en,devere-legendsofTheSaxonSaints---11,Q550995,Q503262,From Humber 's bank to Tweed,"De Vere, Aubrey",1814,1902,Humber,53.5425,0.0925,river,river,River Tweed,55.764164,-1.986574,river,river," That welcomed him so joyously ; at once# Within his breast the heart parental yearned ;# He longed to see his children , scattered wide# From Humber 's bank to Tweed , from sea to sea ,# And cried to those around him : ‘ Let us forth ,# And visit all my charge ; and since Carlisle# Remotest sits upon its western bound ,",en-7807
en,devere-legendsofTheSaxonSaints---13,Q586895,Q160642,from Sherburne and from Winbourne flashed To Sarum,"De Vere, Aubrey",1814,1902,Sherborne,50.949167,-2.518333,default,default,Salisbury,51.074,-1.7936,city,city," ( For Kenwalk , of the few reverse makes wise ,# From him had put his youth's precipitance )# That virtuous warfare triumphed . Swift as fire# The news from Sherburne and from Winbourne flashed# To Sarum , Chertsey , Malmsbury . That delight# On earth the nearest to religious joy ,# The rapture of a trampled land set free ,# Swelled every breast : the wounded in their wounds",en-7809
en,devere-legendsofTheSaxonSaints---13,Q535233,Q160642,from Winbourne flashed To Sarum,"De Vere, Aubrey",1814,1902,Wimborne Minster,50.804,-1.978,city,city,Salisbury,51.074,-1.7936,city,city," ( For Kenwalk , of the few reverse makes wise ,# From him had put his youth's precipitance )# That virtuous warfare triumphed . Swift as fire# The news from Sherburne and from Winbourne flashed# To Sarum , Chertsey , Malmsbury . That delight# On earth the nearest to religious joy ,# The rapture of a trampled land set free ,# Swelled every breast : the wounded in their wounds",en-7809
en,devere-mayCarols---46,Q5776,Q430776,From Bethlehem 's crib to Nazareth,"De Vere, Aubrey",1814,1902,Bethlehem,31.704444444444,35.206111111111,city,city,Nazareth,32.702102777778,35.29785,city,city, As ravens haunt the ruined tower :—# O then how sweet in heart to breathe# Those pure Judean gales once more ;# From Bethlehem 's crib to Nazareth# In heart to tread that Syrian shore !# To watch that star - like Infant bring# To one of soul as clear and white,en-7856
en,dobson-collected---14,Q216185,Q2339242,From Charing Cross to Ludgate Hill,"Dobson, Austin Henry",1840,1921,Charing Cross,51.5073,-0.12755,city part,city part,Ludgate Hill,51.5137,-0.101,city part,city part," She 's just some wanton , idle Jade# That makes young Fools forget their Trade ,—# Who should be whipped , if I 'd my Will ,# From Charing Cross to Ludgate Hill .# She 's just ... . ” But he began to stutter ,",en-8410
en,doesticks-nothingToSay---1,Q1346856,Q41843,From Dan to Beersheba — from Dublin to Dennevitz,"Thomson, Mortimer",1831,1875,Dan,33.249,35.652,ancient city,ancient city,Beersheba,31.258888888889,34.797777777778,city,city," From time immemorial , people of fashion# Have been the target of poets and penny wit s ,# And been lampooned without stint or compassion ,# From Dan to Beersheba — from Dublin to Dennevitz ;# And our now - a - day rhymsters , taking the cue ,# Have aimed all their shots at the Fifth Avenue ,# Till the clever author of “ Nothing to Wear , ”",en-8446
en,doesticks-nothingToSay---1,Q1761,Q882375,from Dublin to Dennevitz,"Thomson, Mortimer",1831,1875,Dublin,53.3497222222222,-6.26027777777778,city,city,Dennewitz,51.9697,13.0114,village,village," From time immemorial , people of fashion# Have been the target of poets and penny wit s ,# And been lampooned without stint or compassion ,# From Dan to Beersheba — from Dublin to Dennevitz ;# And our now - a - day rhymsters , taking the cue ,# Have aimed all their shots at the Fifth Avenue ,# Till the clever author of “ Nothing to Wear , ”",en-8446
en,doyle-guardsCameThrough---3,Q735865,Q1030579,From Poelcapelle to Festubert,"Doyle, Arthur Conan",1859,1930,Langemark-Poelkapelle,50.9133,2.9181,region,region,Festubert,50.543333333333,2.7366666666667,city,city," On the deadly curve of the Ypres hell ,# Barring the coast to the last ?# Where are our laddies who died out there ,# From Poelcapelle to Festubert ,# When the days grew short and the poplars bare# In the cold November blast ?# For us their toil and for us their pain ,",en-8623
en,doyle-guardsCameThrough---9,Q1860807,Q2624470,From Helen 's Point to Bembridge Bay,"Doyle, Arthur Conan",1859,1930,St Helens,50.697980555556,-1.1123694444444,village,village,Bembridge,50.6897,-1.0889,village,village," Out in the darkness one far light# Throbs like a pulse , and fades away —# Some signal on the guarded Wight ,# From Helen 's Point to Bembridge Bay .# An eastern wind blows chill and raw ,# Cheerless and black the waters lie ,# And as I gaze athwart the haze ,",en-8629
en,doyle-songsOfAction---4,Q854791,Q52028,From Bhamo south to Kiang - mai,"Doyle, Arthur Conan",1859,1930,Bhamo,24.25256,97.23357,city,city,Chiang Mai,18.788888888889,98.983333333333,city,city," Thou man of Burmah , speak !# Is it traced from Mandalay ,# And down the marches of Cathay ,# From Bhamo south to Kiang - mai ,# And where the buried rubies lie ?# ‘ Not that ! Not that ! ’# Then tell me what I seek :",en-8642
en,doyle-songsOfTheRoad---1,Q217142,Q19682,from Snowdon 's vales To Severn,"Doyle, Arthur Conan",1859,1930,Snowdon,53.068863888889,-4.0755888888889,mountain,mountain,River Severn,52.494444444444,-3.7375,river,river," The land of stream and glen ,# The granite mother that has bred# A breed of granite men !# God save Wales , from Snowdon 's vales# To Severn 's silver strand !# For all the grace of that old race# Still haunts the Celtic land .# And , dear old Ireland , God save you ,",en-8666
en,drinkwater-poems---51,Q170497,Q281749,from Gloucester lay to Stroud,"Drinkwater, John",1882,1937,Gloucester,51.864444444444,-2.2444444444444,city,city,Stroud,51.744166666667,-2.215,city,city," Bred on a hill - top that seemed the most of the world# Until he travelled the valleys , and found what a wonder# Of leagues from Gloucester lay to Stroud or Ciceter ,# John Heritage was a tiler . He split the stone ,# After the frosts , and learnt the laying of tiles ,# And was famous about the shire . And he was friendly",en-8781
en,drinkwater-poems---80,Q7356450,Q767811,From Rodboro ’ to Campden,"Drinkwater, John",1882,1937,Rodborough,51.739,-2.228,city,city,Chipping Campden,52.054,-1.773,city,city," For April’ s in the sky ,# And April is the season# When Sabbath girls are dressed ,# From Rodboro ’ to Campden ,# In all their silken best .# An ankle is a marvel# When first the buds are brown ,",en-8810
en,drinkwater-poems---80,Q2255910,Q170497,From Stow to Gloucester,"Drinkwater, John",1882,1937,Stow,53.3269,-0.6748,village,village,Gloucester,51.864444444444,-2.2444444444444,city,city," An ankle is a marvel# When first the buds are brown ,# And not a lass but knows it# From Stow to Gloucester town .# And not a girl goes walking# Along the Cotswold lanes# But knows men ’ s eyes in April",en-8810
en,earls-balladOfPeace---6,Q2620177,Q492342,From Holy Cross to Fredericksburg,"Earls, Michael",1873,1937,College of the Holy Cross,42.239167,-71.808333,default,college,Fredericksburg,38.301829,-77.470778,city,city," That won at Fontenoy ,# Stood true at Washington 's right hand ,# That were his faith and joy :# From Holy Cross to Fredericksburg# Is many a gallant boy .# Then God be with you , says the Cross ,# And the brave towers looking down ;",en-9364
en,earls-balladOfPeace---21,Q824,Q724,From Oregon to Maine,"Earls, Michael",1873,1937,Oregon,43.9358333333333,-120.575,region,region,Maine,45.5,-69,region,region," Songs of courage loud resound ,# Vowed is Spring to win her ground# Through all our northern country ,# From Oregon to Maine .# All our loyal brave allies# In the Southlands mobilize ,# Faith is sworn to our emprise ,",en-9379
en,earls-balladOfPeace---32,Q41843,Q1346856,from Bersabee to Dan,"Earls, Michael",1873,1937,Beersheba,31.258888888889,34.797777777778,city,city,Dan,33.249,35.652,ancient city,ancient city," Blossom and song of May ?# Maybe it was but yesterday ,# Or a hundred years ago .# The roads from Bersabee to Dan# Are old and quickly tire ,# But to the heart of child or man# Youth is a fairy fire :",en-9390
en,earls-balladOfPeace---32,Q41843,Q1346856,From Bersabee to Dan,"Earls, Michael",1873,1937,Beersheba,31.258888888889,34.797777777778,city,city,Dan,33.249,35.652,ancient city,ancient city," But to the heart of child or man# Youth is a fairy fire :# Our youthful roads , they never tire# From Bersabee to Dan .# Ponce de Leon found no spring ,# But legend 's long , long ruth ;# But the grace of God is a magic thing",en-9390
en,emerson-mayDay---11,Q724,Q422487,from Maine To Powhatan,"Emerson, Ralph Waldo",1803,1882,Maine,45.5,-69,region,region,James River,36.9416666666667,-76.4436111111111,river,river," But for one proper creature ,# Which geographic eye ,# Sweeping the map of Western earth ,# Or the Atlantic coast , from Maine# To Powhatan 's domain ,# Could not descry .# Is't much to ask in all thy huge creation ,# So trivial a part ,—",en-9699
en,field-secondBook---72,Q1715,Q2079,FROM Hanover to Leipzig,"Field, Eugene",1850,1895,Hanover,52.374444444444,9.7386111111111,city,city,Leipzig,51.34,12.375,city,city,"FROM Hanover to Leipzig is but a little way ,# Yet the journey by the so - called schnellest zug consumes a day ;# You start at half - past ten or so , and not till nearly night# Do the double towers of Magdeburg loom up before your sight ;",en-10088
en,field-secondBook---72,Q1715,Q1733,from Hanover to Magdeburg,"Field, Eugene",1850,1895,Hanover,52.374444444444,9.7386111111111,city,city,Magdeburg,52.1316666666667,11.6391666666667,city,city," You start at half - past ten or so , and not till nearly night# Do the double towers of Magdeburg loom up before your sight ;# From thence to Leipzig ‘ s quick enough , — of that I 'll not complain , —# But from Hanover to Magdeburg — confound that schnellest train !# The Germans say that “ schnell ” means fast , and “ schnellest ” faster yet ,—# In all my life no grimmer bit of humor have I met !# Why , thirteen miles an hour ‘ s the greatest speed they ever go ,",en-10088
en,field-songs---16,Q168225,Q151920,From Hebron to Tiberius,"Field, Eugene",1850,1895,Hebron,31.535,35.098611111111,city,city,Tiberias,32.789722222222,35.524722222222,city,city," The traffic which the knavish ply ‘ twixt Jaffa and Jerusalem .# And when , ah , when the bonds fall due , how passing wroth will wax the state# From Nebo's mount to Nazareth will spread the cry “ Repudiate ” !# From Hebron to Tiberius , from Jordan 's banks unto the sea ,# Will rise profuse anathemas against “ that —— monopoly ! ”# And F. M. B . A. shepherd - folk , with Sockless Jerry leading them ,",en-10108
en,flecker-42poems---19,Q7348,Q29,from the Indus to Spain,"Flecker, James Elroy",1884,1915,Indus River,31.2421,81.7684,river,river,Spain,40.2,-3.5,country,country," With the sun or the moon for a lamp , and the spray of the wind in our hair .# From the lands , where the elephants are , to the forts of Merou and Balghar ,# Our steel we have brought and our star to shine on the ruins of Rum .# We have marched from the Indus to Spain , and by God we will go there again ;# We have stood on the shore of the plain where the Waters of Destiny boom .# A mart of destruction we made at Jalula where men were afraid ,# For death was a difficult trade , and the sword was a broker of doom ;",en-10196
en,flecker-42poems---24,Q29,Q25,from Spain And lent their swords to Wales,"Flecker, James Elroy",1884,1915,Spain,40.2,-3.5,country,country,Wales,52.35,-3.6333333333333,country,country," That once was golden corn .# And you may learn of Dyfed 's reign ,# And dream Nemedian tales# Of Kings who sailed in ships from Spain# And lent their swords to Wales .# Listen , for like a golden snake# The Ocean twists and stirs ,# And whispers how the dead men wake",en-10201
en,freeman-poemsNewAndOld---45,Q1433715,Q19686,From Wear to Thames,"Freeman, John",1880,1929,River Wear,54.916111111111,-1.3577777777778,river,river,River Thames,51.6944444444444,-2.02972222222222,river,river," And the eye 's pure delight the rarer ?# Not that the new found Spring is sour ....# The blossom swings on the cherry branch ,# From Wear to Thames I have seen this greenness# Cover the six- months - winter meanness .# And windflowers and yellow gillyflowers# Pierce the astonished earth with light :",en-10503
en,freeman-poemsNewAndOld---175,Q200942,Q99755622,From Swindon out to White Horse Hill,"Freeman, John",1880,1929,Swindon,51.558333333333,-1.7811111111111,city,city,Whitehorse Hill,51.5777777777778,-1.56611111111111,hill,hill,"From Swindon out to White Horse Hill# I walked , in morning rain ,# And saw your shadow lying there .# As clear and plain",en-10633
en,freneau-poems1---20,Q16,Q230,from Canada To Georgia,"Freneau, Philip Morin",1752,1832,Canada,56,-109,country,country,Georgia,42,44,country,country," Like that tall pyramid in Egypt's waste# O'er all the neighbouring piles , they also great .# Why should I name those heroes so well known ,# Who peopled all the rest from Canada# To Georgia 's farthest coasts , West Florida ,# Or Apalachian mountains ? — Yet what streams# Of blood were shed ! what Indian hosts were slain ,# Before the days of peace were quite restored !",en-10684
en,freneau-poems1---20,Q298,Q1247,From Chili to the Caribbean,"Freneau, Philip Morin",1752,1832,Chile,-33,-71,country,country,Caribbean Sea,15,-75,sea,sea," Alone seek vengeance on a vanquished foe .# Gold , fatal gold , was the alluring bait# To Spain 's rapacious tribes — hence rose the wars# From Chili to the Caribbean sea ,# And Montezuma 's Mexican domains :# More blest are we , with whose unenvied soil# Nature decreed no mingling gold to shine ,",en-10684
en,freneau-poems1---21,Q81178,Q82601,From Baffin 's bay to Del Fuego,"Freneau, Philip Morin",1752,1832,Baffin Island,69,-72,island,island,Tierra del Fuego,-54,-70,region,land," In what superior to the brutal race# That fled before them thro ’ the howling wilds ,# Were all those num' rous tawny tribes which swarm'd# From Baffin 's bay to Del Fuego south ,# From California to the Oronoque ?# Far from the reach of fame they liv'd unknown# In listless slumber and inglorious ease ;",en-10685
en,freneau-poems1---21,Q99,Q7103795,From California to the Oronoque,"Freneau, Philip Morin",1752,1832,California,37,-120,region,region,Oronoque,39.7889,-100.025,city,city," That fled before them thro ’ the howling wilds ,# Were all those num' rous tawny tribes which swarm'd# From Baffin 's bay to Del Fuego south ,# From California to the Oronoque ?# Far from the reach of fame they liv'd unknown# In listless slumber and inglorious ease ;# To them fair science never op'd her stores ,",en-10685
en,freneau-poems1---21,Q16,Q230,from Canada To Georgia,"Freneau, Philip Morin",1752,1832,Canada,56,-109,country,country,Georgia,42,44,country,country," Like that tall Pyramid on Memphis ’ stand# O'er all the lesser piles , they also great .# Why should I name those heroes so well known# Who peopled all the rest from Canada# To Georgia 's farthest coasts , West Florida# Or Apalachian mountains ; yet what streams# Of blood were shed ! What Indian hosts were slain# Before the days of peace were quite restor'd .",en-10685
en,freneau-poems1---21,Q96,Q1507,From Mexico to Patagonia,"Freneau, Philip Morin",1752,1832,Mexico,23,-102,country,country,Patagonia,-41.81015,-68.90627,region,region," Whom blood and murder only satisfy 'd .# Behold their doleful regions overflow'd# With gore , and blacken'd with ten thousand deaths# From Mexico to Patagonia far ,# Where howling winds sweep round the southern cape ,# And other suns and other stars arise !# Such is the curse , Eugenio , where the soul",en-10685
en,freneau-poems1---21,Q298,Q1247,From Chili to the Caribbean,"Freneau, Philip Morin",1752,1832,Chile,-33,-71,country,country,Caribbean Sea,15,-75,sea,sea," Seek their revenge but on a vanquish'd foe .# Gold , fatal gold was the alluring bait# To Spain 's rapacious mind , hence rose the wars# From Chili to the Caribbean sea ,# O'er Terra - Firma and La Plata wide .# Peru then sunk in ruins , great before# With pompous cities , monuments superb",en-10685
en,freneau-poems1---21,Q1034291,Q486306,From Cape Breton to Pensacola,"Freneau, Philip Morin",1752,1832,Cape Breton,46.15,-60.1667,region,region,Pensacola,30.4213888888889,-87.2172222222222,city,city," In the short circle of a hundred years# Have rais'd with toil along thy shady shores .# On lake and bay and navigable stream ,# From Cape Breton to Pensacola south ,# Unnnmber'd towns and villages arise .# By commerce nurs'd these embrio marts of trade# May yet awake the envy and obscure",en-10685
en,freneau-poems1---44,Q16,Q230,From Canada to Georgia,"Freneau, Philip Morin",1752,1832,Canada,56,-109,country,country,Georgia,42,44,country,country," But soon , by heaven inspir'd , arose the cry ,# Freedom or death , unite , unite or die .# Now far and wide a manly spirit reigns ,# From Canada to Georgia 's sun burnt plains ;# Few now insult with falsehood 's shameless pen .# Monsters from Tophet , driv'n in shapes of men :# Few pension'd scribblers left the daring head ,",en-10708
en,freneau-poems3---58,Q13712,Q3783,From Tyber to the Amazon,"Freneau, Philip Morin",1752,1832,Tiber,41.740555555556,12.233333333333,river,river,Amazon,0.707777777777778,-50.0894444444444,river,river," By you unfetter'd be all human kind ,# No slaves on earth be known# And man be blest , in friendship join'd ,# From Tyber to the Amazon !",en-10898
en,freneau-poems3---108,Q1952,Q724,From Nova Scotia to the woods of Maine,"Freneau, Philip Morin",1752,1832,Nova Scotia,45,-63,region,region,Maine,45.5,-69,region,region," Disorganizing slaves —# He with bold wit ,# And spirit and spit ,# From Nova Scotia to the woods of Maine ,# True federalism did maintain ;# And through those mighty thriving states ,# Distributed his dainty , blackguard bits .",en-10947
en,freneau-poems3---124,Q1383,Q1509,From Huron 's shores to savage Tennessee,"Freneau, Philip Morin",1752,1832,Lake Huron,44.592584,-82.756293,lake,lake,Tennessee,36,-86,region,region," Remote Sanduskie spreads her eager wings ,# And wild Miami with the concert rings ;# Tiptoe , for flight , stands every hill and tree# From Huron 's shores to savage Tennessee ;# Arthur St. Clair might soon its influence feel ;# But Arthur knows no music — but of steel :# Arthur St. Clair attends , with listening ears ,",en-10963
en,garrett-trenchBallads---23,Q59457,Q1089844,From Xivray to Cantigny,"Garrett, Erwin Clarkson",1879,1954,Xivray-et-Marvoisin,48.864722222222,5.7436111111111,village,village,Cantigny,49.663333333333,2.4922222222222,village,village, And they roar with bellowing zest ;# But one they sing as it were a prayer —# The song they love the best .# From Xivray to Cantigny —# From Soissons to the Meuse —# From the Argonne wilds to the white - clad Vosges# Agleam in the dawn 's first hues —,en-11270
en,garrett-trenchBallads---23,Q167152,Q41986,From Soissons to the Meuse,"Garrett, Erwin Clarkson",1879,1954,Soissons,49.381111111111,3.3225,village,village,Meuse,51.715,4.6677777777778,river,river," But one they sing as it were a prayer —# The song they love the best .# From Xivray to Cantigny —# From Soissons to the Meuse —# From the Argonne wilds to the white - clad Vosges# Agleam in the dawn 's first hues —# They sing a sacred song , for it",en-11270
en,gilbert-ballads---1,Q1011096,Q736439,From Deal to Ramsgate,"Gilbert, William Schwenck",1836,1911,Deal,51.2226,1.4006,city,city,Ramsgate,51.343911111111,1.4040305555556,city,city," From Deal to Ramsgate span ,# That I found alone , on a piece of stone ,# An elderly naval man .# His hair was weedy , his beard was long ,",en-11560
en,gilbert-ballads---21,Q212150,Q179034,From Marathon to Waterloo,"Gilbert, William Schwenck",1836,1911,Marathon,38.155,23.963611111111,city,city,Waterloo,50.716666666667,4.3833333333333,region,region," I 've information vegetable , animal , and mineral ;# I know the kings of England , and I quote the fights historical ,# From Marathon to Waterloo , in order categorical ;# I 'm very well acquainted too with matters mathematical ,# I understand equations , both the simple and quadratical ,# About binomial theorem I 'm teeming with a lot o’ news ,",en-11580
en,gilbert-rebelVerses---8,Q7140795,Q2255910,From Partney down to Stow,"Gilbert, Bernard",1882,1927,Partney,53.194,0.109657,village,village,Stow,53.3269,-0.6748,village,village," Gev’ one another bloody faaces —# A Sunday mornin ’ show !# I fought at all the County Fairs ,# From Partney down to Stow ;# They called me nobbut a ‘ Billinghay Rough , ’# I niver knawed when I 'd ‘ ed enough ,# For I wor made o ’ the proper stuff ,",en-11635
en,graham-misrepresentativeMen---4,Q9427,Q2290461,From Timbuctoo to Rotten Row,"Graham, Harry",1874,1936,Timbuktu,16.773333055556,-2.9994438888889,city,city,Rotten Row,51.503681,-0.166389,city part,city part," From Timbuctoo to Rotten Row ,# Who has not heard of Joan of Arc ,# His tragic tale who does not know ?# And how he put his life to stake ,",en-12118
en,graham-misrepresentativeWomen---4,Q25610,Q138578,From Happy Hampstead to Hoboken,"Graham, Harry",1874,1936,Hampstead,51.5541,-0.1744,city part,city part,Hoboken,40.745,-74.0325,city,city," When Kipling hears her trumpet - note# He longs to don a petticoat .# Her praise is sung by old or young ,# From Happy Hampstead to Hoboken ,# Where'er old England 's mother - tongue# Is ( ungrammatically ) spoken :# In that supremely simple set",en-12131
en,hanson-frontierBallads---2,Q40747,Q422487,From Pierre to the mouth of the James,"Hanson, Joseph Mills",1876,1960,Pierre,44.3683611111111,-100.351138888889,city,city,James River,36.9416666666667,-76.4436111111111,river,river," Three hundred - odd “ empire builders , ”# Gathered in from three hundred - odd claims ,# Far scattered across the wide prairies# From Pierre to the mouth of the James .# Perhaps they seemed little or nothing ,# Our losses , our toil , and our pain ,# The rush of the war ponies , tearing",en-13424
en,hardy-satires---103,Q195413,Q179224,From Solway Frith to Dover Strand,"Hardy, Thomas",1840,1928,Solway Firth,54.75,-3.6666666666667,bay,bay,Dover,51.1275,1.3122222222222,city,city," The style called Perpendicular . -# To Winton and to Westminster# It ranged , and grew still beautifuller :# From Solway Frith to Dover Strand# Its fascinations starred the land ,# Not only on cathedral walls# But upon courts and castle halls ,",en-13963
en,hardy-timesLaughing---1,Q746518,Q7205623,From the Milton Woods to Dole - Hill,"Hardy, Thomas",1840,1928,Milton Abbas,50.815,-2.2766666666667,village,village,Plush,50.82,-2.405,village,village," But the brief warm summer night had slid when , to my swift surprise ,# A red upedging sun , of glory chambered mortals view not ,# Was blazing on my eyes ,# From the Milton Woods to Dole - Hill# All the spacious landscape lighting , and around about my feet# Flinging tall thin tapering shadows from the meanest mound and mole - hill ,# And on trails the ewes had beat .",en-13980
en,hardy-timesLaughing---83,Q1003997,Q3991738,from Judaea north to Ty re,"Hardy, Thomas",1840,1928,Judaea,32.5,34.9,ancient region,ancient region,Tyre,33.269167,35.195833,ancient site,ancient site," “ Some thirty years or more before that noon# I was sub - captain of a company# Drawn from the legion of Calabria ,# That marched up from Judaea north to Ty re .# We had pierced the old flat country of Jezreel ,# The great Esdraelon Plain and fighting - floor# Of Jew with Canaanite , and with the host",en-14062
en,harte-complete---80,Q686818,Q523273,From quaint Schwalbach To the clustering tiles of Bacharach,"Harte, Bret",1836,1902,Schwalbach,49.3066666666667,6.82305555555556,city,city,Bacharach,50.061111111111,7.7694444444444,city,city," From the famed Cat 's Castle of St. Goarshausen ,# To the pictured roofs of Assmannshausen ,# And down the track ,# From quaint Schwalbach# To the clustering tiles of Bacharach ;# From Bingen , hence# To old Coblentz :# From every castellated crag ,",en-14246
en,harte-complete---80,Q285879,Q3104,"From Bingen , hence To old Coblentz","Harte, Bret",1836,1902,Bingen am Rhein,49.966944444444,7.895,city,city,Koblenz,50.359722222222,7.5977777777778,city,city," And down the track ,# From quaint Schwalbach# To the clustering tiles of Bacharach ;# From Bingen , hence# To old Coblentz :# From every castellated crag ,# Where the robber chieftains kept their “ swag , ”# The folk flowed in , and Ober - Cassel",en-14246
en,harte-eastAndWest---9,Q3476563,Q487315,From Pescadero to Monterey,"Harte, Bret",1836,1902,Pescadero,37.255,-122.38138888889,region,region,Monterey,36.60024,-121.89468,city,city,,en-14295
en,hay-pikeCounty---9,Q16990,Q1286,from the lava of AEtna To the ice of the Alps,"Hay, John",1838,1905,Mount Etna,37.7508345148182,14.9932202888121,volcano,volcano,Alps,46.5780555555556,8.615,mountain,mountain," And crosier and crown pass away# Like phantasms that flit o'er the marshes# At the glance of the clean , white day .# And then from the lava of AEtna# To the ice of the Alps let there be# One freedom , one faith without fetters ,",en-14347
en,hay-poems---68,Q79,Q173532,From Egypt to Gebail,"Hay, John",1838,1905,Egypt,27,29,country,country,Byblos,34.116666666667,35.65,city,city," Red horrors on high Gaza 's parapets ?# For never a storm of fatal fight has raged# In Islam 's track of rout and ruin swept# From Egypt to Gebail , but when the ebb# Of battle came I and my host have lain ,# Scarred , scorched , safe somewhere on its fiery shore .# At Marcab 's lingering siege , where day by day",en-14471
en,hofland-aSeasonAtHarrogateln---4,Q535902,Q1840961,From Knaresbro ’ to Plumpton,"Hofland, Barbara",1770,1844,Knaresborough,54.0084,-1.467,city,city,Plumpton,54.727316666667,-2.7818138888889,village,village," When the smile of the lord was more priz'd than his wages ,# When the sire of the land in the heart of each vassal# Found a bulwark more strong than the walls of his castle ——# From Knaresbro ’ to Plumpton our party proceeded# A spot that no trav' ller should pass by unheeded ,# ‘ Tis a miniature landscape redeem'd from the waste# As a species of show - box by nature and taste ,",en-14984
en,holland-mistress---49,Q724,Q824,from Maine to Oregon,"Holland, Josiah Gilbert",1819,1881,Maine,45.5,-69,region,region,Oregon,43.9358333333333,-120.575,region,region," “ To arms ! for freedom and the flag ! ”# And swift , from Maine to Oregon ,# O'er glebe and lake and mountain - crag ,# Hurtled the fierce Euroclydon ,# Men dropped their mallets on the bench ,",en-15039
en,holland-mistress---61,Q959127,Q62,From rock - bound Massachusetts Bay To San Francisco 's,"Holland, Josiah Gilbert",1819,1881,Massachusetts Bay,42.375,-70.749444444444,bay,bay,San Francisco,37.7775,-122.416388888889,city,city," With healing in its dewy balms ,# For pride that pines and hearts that ache ,# From Huron to the land of palms !# From rock - bound Massachusetts Bay# To San Francisco 's Golden Gate ;# From where Itasca 's waters play ,# To those which plunge or palpitate# A thousand happy leagues away ,",en-15051
en,holmes-poeticalWorksComplete---287,Q29,Q23666,From Spain to Britain,"Holmes, Oliver Wendell",1809,1894,Spain,40.2,-3.5,country,country,Great Britain,53.833333333333,-2.4166666666667,country,country," The joy - bells ring ,— the tear - stained cheeks unveil ,# While , as the playwright shifts his pictured scene ,# The royal mourner crowns his second queen .# From Spain to Britain is a goodly stride ,—# Madrid and London long - stretched leagues divide .# What if I send him , “ Uncle S. , says he , ”# To my good cousin whom he calls “ J . B . ” ?",en-15481
en,hood-poeticalWorks---91,Q662059,Q93366,From Cadiz Bay to rough Biscay,"Hood, Thomas",1799,1845,Bay of Cádiz,36.494166666667,-6.2169444444444,bay,bay,Biscay,43.25,-2.9833333333333,region,region," United Spaniards run ,# And with their thronging spears uphold# The Virgin and her Son !# From Cadiz Bay to rough Biscay# Internal discord dwells ,# And Barcelona bears the scars# Of Spanish shot and shells .",en-15639
en,hood-poeticalWorks---153,Q22890,Q1011,From Emerald Isle to Cape de Verd,"Hood, Thomas",1799,1845,Ireland,53.351,-7.921,island,island,Cape Verde,15.3,-23.7,country,country," Green - grocers are not green — nor yet green geese ! ”# The oldest Supercargoes or Old Sailors# Of such a case had never heard ,# From Emerald Isle to Cape de Verd ;# “ Or Greenland ! ” cried the whalers .# All tongues were full of the Green Man , and still# They could not make him out with all their skill ;",en-15700
en,hope-wreath---10,Q812,Q1439,From Florida to Texas,"Hope, James Barron",1829,1887,Florida,28.133333333333,-81.631666666667,region,region,Texas,31,-100,region,region," Straight to embody all that Progress dreams —# Ye who are here from summer - wedded lands —# From Carolina 's woods to Tampa 's sands ,# From Florida to Texas broad and free# Where spreads the prairie , like a dark , green sea —# Ye whose bold fathers from Virginia went# In wilds to pitch brave enterprise 's tent ,",en-15884
en,hope-wreath---35,Q216868,Q370750,From Chesapeake to where Savannah,"Hope, James Barron",1829,1887,Chesapeake Bay,37.2480611111111,-76.1194388888889,bay,bay,Savannah River,34.4437149,-82.855974,river,river," From Chesapeake to where Savannah flows ,# We find the settlers laughing ‘ mid their grapes# And ignorant of snows .# The fragrant uppowock , and golden corn",en-15909
en,housman-ShropshireLady---59,Q142,Q21,From France to England,"Housman, Alfred Edward",1859,1936,France,47,2,country,country,England,53,-1,country,country," From France to England strown ;# Black towers above the Portland light# The felon - quarried stone .# On yonder island , not to rise ,",en-16101
en,howells-daughterOfTheStorage---1,Q43196,Q1342,from Cincinnati to Pittsburg,"Howells, William Dean",1837,1920,Cincinnati,39.1,-84.5125,city,city,Pittsburgh,40.4416666666667,-80,city,city," Left his life on the earth , you may say , for I do n't call it living ,# Setting there homesick at home for the wheel he can never go back to .# Reads the river - news regular ; knows just the stage of the water# Up and down the whole way from Cincinnati to Pittsburg ;# Follows every boat from the time she starts out in the spring - time# Till she lays up in the summer , and then again in the winter ;# Wants to talk all about her and who is her captain and pilot ;",en-16236
en,howells-poems---12,Q2028,Q641,from Verona To fair Venice,"Howells, William Dean",1837,1920,Verona,45.4386111111111,10.9927777777778,city,city,Venice,45.439722222222,12.331944444444,city,city," From the sculptured gothic town ,# Carved from ruin upon ruin ,# And ancienter than renown ;# Through Padua from Verona# To fair Venice , where she stands# With her feet on subject waters ,# Lady of many lands ;# From Venice by sea to Ancona ;",en-16252
en,howells-poems---12,Q641,Q3415,From Venice by sea to Ancona,"Howells, William Dean",1837,1920,Venice,45.439722222222,12.331944444444,city,city,Ancona,43.616666666667,13.516666666667,city,city," To fair Venice , where she stands# With her feet on subject waters ,# Lady of many lands ;# From Venice by sea to Ancona ;# From Ancona to the west ;# Climbing many a gardened hillside# And many a castled crest ;",en-16252
en,howells-poems---50,Q2634,Q641,from Naples to Venice,"Howells, William Dean",1837,1920,Naples,40.833333333333,14.25,city,city,Venice,45.439722222222,12.331944444444,city,city," Passports , policemen , porters , and how he got through his tobacco ,—# Ignorant , handsome , full - bearded , brown , and good - natured as ever :# Annie thinks him perfect , and I well enough for a brother .# Also , a friend of Fred 's came with us from Naples to Venice ;# And , altogether , I think , we are rather agreeable people ,# For we 've been taking our pleasure at all times in perfect good - humor ;# Which is an excellent thing that you 'll understand when you 've travelled ,",en-16290
en,jacob-songsOfAngus---38,Q3071035,Q2619909,From Fringford up to Hethe,"Jacob, Violet",1863,1946,Fringford,51.953,-1.123,village,village,Hethe,51.96,-1.137,village,village," From Fringford up to Hethe ,# Sun on their cloudy silver heads ,# And shadow underneath .# They ripple to the silent airs",en-16789
en,johnson-vanityOfHumanWishes---1,Q29520,Q419,from China to Peru,"Johnson, Samuel",1709,1784,China,35,105,country,country,Peru,-9.4,-76,country,country," Survey Mankind , from China to Peru ;# Remark each anxious Toil , each eager Strife ,# And watch the busy Scenes of crouded Life ;# Then say how Hope and Fear , Desire and Hate ,",en-17040
en,johnson-vanityOfHumanWishes---1,Q794,Q980,From Persia 's Tyrant to Bavaria,"Johnson, Samuel",1709,1784,Iran,32,53,country,country,Bavaria,49.0786111111111,11.3855555555556,region,region," He left the Name , at which the World grew pale ,# To point a Moral , or adorn a Tale .# All Times their Scenes of pompous Woes afford ,# From Persia 's Tyrant to Bavaria 's Lord .# In gay Hostility , and barb'rous Pride ,# With half Mankind embattled at his Side ,# Great Xerxes comes to seize the certain Prey ,",en-17040
en,keats-poems1820---3,Q5753,Q822,From silken Samarcand to cedar'd Lebanon,"Keats, John",1795,1821,Samarkand,39.6547222222222,66.9758333333333,city,city,Lebanon,33.833333,35.766667,country,country," And lucent syrops , tinct with cinnamon ;# Manna and dates , in argosy transferr'd# From Fez ; and spiced dainties , every one ,# From silken Samarcand to cedar'd Lebanon .# These delicates he heap'd with glowing hand# On golden dishes and in baskets bright# Of wreathed silver : sumptuous they stand",en-17230
en,keble-christianYear---82,Q40059,Q2193088,From Jordan banks to Bethphage,"Keble, John",1792,1866,Jordan River,31.761388888889,35.558333333333,river,river,Bethphage,31.777222,35.250778,ancient city,ancient city," He , who on Christ stands waiting day and night ,# Who traceth His holy steps , nor ever ceased ,# From Jordan banks to Bethphage height :# Who hath learned lowliness# From his Lord 's cradle , patience from His Cross ;# Whom poor men 's eyes and hearts consent to bless ;",en-17325
en,kettle-poemsAndParodies---20,Q865849,Q162442,From Birr to Allahabad,"Kettle, Tom",1880,1916,Birr,53.0914,-7.9133,city,city,Prayagraj,25.45,81.85,city,city, “ Iron is God ! ” — and they served him well —# “ Honour a mark for shot and shell . ”# So they loosed the devils out of Hell# From Birr to Allahabad .,en-17505
en,kettle-poemsAndParodies---21,Q83407,Q41983,from Mons to the banks of the Marne,"Kettle, Tom",1880,1916,Mons,50.4549568,3.951958,city,city,Marne,48.816388888889,2.4108333333333,river,river,"But we took them from Mons to the banks of the Marne ,# And helped them back on their red return ;# We can swim the Rhine if the bridges burn ,# And Mike O'Leary ' s the lad !",en-17506
en,kingsley-andromeda---67,Q3138,Q365,From Trier to Coln,"Kingsley, Charles",1819,1875,Trier,49.75565,6.63935,city,city,Cologne,50.942222222222,6.9577777777778,city,city," As horse never took before .# ‘ I have fought my fight , I have lived my life ,# I have drunk my share of wine ;# From Trier to Coln there was never a knight# Led a merrier life than mine .# ‘ I have lived by the saddle for years two score ;# And if I must die on tree ,",en-17662
en,kipling-barrackRoomBallads---15,Q37995,Q185518,from Rangoon to Mandalay,"Kipling, Rudyard",1865,1936,Yangon,16.795,96.16,city,city,Mandalay,21.9830555555556,96.0844444444444,city,city," “ Come you back , you British soldier ; come you back to Mandalay ! ”# Come you back to Mandalay ,# Where the old Flotilla lay :# Ca n't you ‘ ear their paddles chunkin ’ from Rangoon to Mandalay ?# On the road to Mandalay ,# Where the flyin’ - fishes play ,# An ’ the dawn comes up like thunder outer China ‘ crost the Bay !",en-17708
en,kipling-barrackRoomBallads---20,Q456624,Q66568,from Umballa to Cawnpore,"Kipling, Rudyard",1865,1936,Ambala,30.378611111111,76.7725,city,city,Kanpur,26.4725,80.331111111111,city,city," So the orficers goes shootin ’ an ’ the men they plays at cards .# Till it 's best foot first , ...# So ‘ ark an’‘ eed , you rookies , which is always grumblin ’ sore ,# There 's worser things than marchin ’ from Umballa to Cawnpore ;# An ’ if your ‘ eels are blistered an ’ they feels to ‘ urt like ‘ ell ,# You drop some tallow in your socks an ’ that will make ‘ em well .# For it 's best foot first , ...",en-17713
en,kipling-barrackRoomBallads---21,Q865849,Q213026,From Birr to Bareilly,"Kipling, Rudyard",1865,1936,Birr,53.0914,-7.9133,city,city,Bareilly,28.364,79.415,city,city," From Birr to Bareilly , from Leeds to Lahore ,# Hong - Kong and Peshawur ,# Lucknow and Etawah ,# And fifty - five more all endin ’ in “ pore ” .",en-17714
en,kipling-barrackRoomBallads---21,Q39121,Q11739,from Leeds to Lahore,"Kipling, Rudyard",1865,1936,Leeds,53.7975,-1.54361111111111,city,city,Lahore,31.549722222222,74.343611111111,city,city," From Birr to Bareilly , from Leeds to Lahore ,# Hong - Kong and Peshawur ,# Lucknow and Etawah ,# And fifty - five more all endin ’ in “ pore ” .",en-17714
en,kipling-barrackRoomBallads---25,Q1006232,Q2712129,from Woolwich to Bernardmyo,"Kipling, Rudyard",1865,1936,Woolwich,51.4916666666667,0.0666666666666667,city part,city part,Mogok,22.922222222222,96.505277777778,city,city," ‘ E's a sort of a bloomin’ cosmopolouse — soldier an ’ sailor too .# We 've fought ‘ em in trooper , we 've fought ‘ em in dock , and drunk with ‘ em in betweens ,# When they called us the seasick scull'ry - maids , an ’ we called ‘ em the Ass Marines ;# But , when we was down for a double fatigue , from Woolwich to Bernardmyo ,# We sent for the Jollies — ‘ Er Majesty 's Jollies — soldier an’ sailor too !# They think for ‘ emselves , an ’ they steal for ‘ emselves , and they never ask what 's to do ,# But they 're camped an ’ fed an ’ they 're up an ’ fed before our bugle 's blew .",en-17718
en,kipling-barrackRoomBallads---32,Q1195983,Q334,From Kohat to Singapore,"Kipling, Rudyard",1865,1936,Kohat,33.586944444444,71.441388888889,city,city,Singapore,1.3,103.8,country,country," An ’ bore fraternal greetin 's# To the Lodges east an ’ west ,# Accordin ’ as commanded# From Kohat to Singapore ,# But I wish that I might see them# In my Mother - Lodge once more !# I wish that I might see them ,",en-17725
en,kipling-departmentalDitties---17,Q83786,Q83786,From Boileaugunge to Simla Downs,"Kipling, Rudyard",1865,1936,Shimla,31.103333333333,77.172222222222,city,city,Shimla,31.103333333333,77.172222222222,city,city," What knife can cut our love in two ?# By all that lights our daily life# Or works our lifelong woe ,# From Boileaugunge to Simla Downs# And those grim glades below ,# Where , heedless of the flying hoof# And clamour overhead ,",en-17748
en,kipling-departmentalDitties---26,Q1113311,Q854,from Peshawur to Ceylon,"Kipling, Rudyard",1865,1936,Peshawar,34.0144444444444,71.5675,city,city,Sri Lanka,7,81,country,country,,en-17757
en,kipling-departmentalDitties---28,Q289273,Q200718,"from fear , Baron of Luni to Jeysulmeer , Lord of the Desert of Bikaneer","Kipling, Rudyard",1865,1936,Luni River,24.648265,71.267767,river,river,Bikaner,28.018055555556,73.316944444444,city,city," On the drift of the desert sand .# The herald read his titles forth ,# We set the logs aglow :# “ Friend of the English , free from fear ,# Baron of Luni to Jeysulmeer ,# Lord of the Desert of Bikaneer ,# King of the Jungle ,— go ! ”# All night the red flame stabbed the sky# With wavering wind - tossed spears :",en-17759
en,kipling-sevenSeas---43,Q380307,Q17012,From Labrador to Guadeloupe,"Kipling, Rudyard",1865,1936,Labrador,54,-62,region,region,Guadeloupe,16.2595,-61.5605,island,archipelago," Where , cosmopolitanly planned ,# He guards the Redskin 's dry reserve .# His easy unswept hearth he lends# From Labrador to Guadeloupe ;# Till , elbowed out by sloven friends ,# He camps , at sufferance , on the stoop .# Calm - eyed he scoffs at sword and crown ,",en-17830
en,kipling-sevenSeas---52,Q3846,Q826769,from Minden to Maiwand,"Kipling, Rudyard",1865,1936,Minden,52.2883333333333,8.91666666666667,city,city,Maiwand,31.73944444,65.14,village,village," So was them that fought at Waterloo !# All the ‘ ole command , yuss , from Minden to Maiwand ,# They was once dam’ sweeps like you !# Then do not be discouraged , ‘ Eaven is your ‘ elper ,# We 'll learn you not to forget ;",en-17839
en,kipling-verses---25,Q121104,Q173808,from Balkh to Kandahar,"Kipling, Rudyard",1865,1936,Balkh,36.7,67.116666666667,region,region,Kandahar,31,65.5,region,region,,en-17896
en,kipling-verses---27,Q139706,Q1353,From Paniput to Delhi,"Kipling, Rudyard",1865,1936,Panipat,29.3875,76.97,city,city,Delhi,28.666666666667,77.216666666667,city,city," Now in that hour strength left my lord ; he wrenched his mare aside ;# He bound the girl behind him and we slashed and struggled free .# Across the reeling wreck of strife we rode as shadows ride# From Paniput to Delhi town , but not alone were we .# ‘ Twas Lutuf - Ullah Populzai laid horse upon our track ,# A swine - fed reiver of the North that lusted for the maid ;# I might have barred his path awhile , but Scindia called me back ,",en-17898
en,kipling-verses---30,Q195413,Q107393,from Solway Firth to Skye,"Kipling, Rudyard",1865,1936,Solway Firth,54.75,-3.6666666666667,bay,bay,Isle of Skye,57.333333333333,-6.2666666666667,island,island," Their anchors down , by London town , the Three Great Captains lay ;# And one was Admiral of the North from Solway Firth to Skye ,# And one was Lord of the Wessex coast and all the lands thereby ,# And one was Master of the Thames from Limehouse to Blackwall ,# And he was Captain of the Fleet — the bravest of them all .",en-17901
en,kipling-verses---30,Q123741,Q122767,from Limehouse to Blackwall,"Kipling, Rudyard",1865,1936,Limehouse,51.5158,-0.0318,city part,city part,Blackwall,51.5063,-0.0034,city part,city part," Their anchors down , by London town , the Three Great Captains lay ;# And one was Admiral of the North from Solway Firth to Skye ,# And one was Lord of the Wessex coast and all the lands thereby ,# And one was Master of the Thames from Limehouse to Blackwall ,# And he was Captain of the Fleet — the bravest of them all .# Their good guns guarded their great gray sides that were thirty foot in the sheer ,# When there came a certain trading - brig with news of a privateer .",en-17901
en,kipling-verses---77,Q173148,Q133315,from Delos up to Limerick,"Kipling, Rudyard",1865,1936,Delos,37.393333333333,25.271111111111,island,island,Limerick,52.6653,-8.6238,city,city," I , the everlasting Wonder Song of Youth !# With my “ Tinka - tinka - tinka - tinka - tink ! ”# So I draw the world together link by link :# Yea , from Delos up to Limerick and back !",en-17948
en,kipling-works---13,Q191333,Q185453,from Michni to Mooltan,"Kipling, Rudyard",1865,1936,Khyber Pass,34.11,71.111666666667,mountain,mountain pass,Multan,30.1977777777778,71.4711111111111,city,city," “ I think we 've tapped a private line . Hi ! Threes about there ! Trot ! ”# All honour unto Bangs , for ne'er did Jones thereafter know# By word or act official who read off that helio .# But the tale is on the Frontier , and from Michni to Mooltan",en-17995
en,kipling-works---32,Q1497,Q19721,From Mississip to Clyde,"Kipling, Rudyard",1865,1936,Mississippi River,29.1536,-89.2508,river,river,River Clyde,55.937857,-4.672852,river,river," ‘ T was Fultah Fisher 's boarding - house ,# Where sailor - men reside ,# And there were men of all the ports# From Mississip to Clyde ,# And regally they spat and smoked ,# And fearsomely they lied .# They lied about the purple Sea",en-18014
en,kipling-works---54,Q733093,Q855330,From Queenstown Bay to Donegal,"Kipling, Rudyard",1865,1936,Cobh,51.851,-8.2967,city,city,Donegal,54.65,-8.117,city,city," Help for an honorable clan sore trampled in the dirt !# From Queenstown Bay to Donegal , O listen to my song ,# The honorable gentlemen have suffered grievous wrong .# Their noble names were mentioned — O the burning black disgrace ! —# By a brutal Saxon paper in an Irish shooting - case ;",en-18036
en,kipling-yearsBetween---14,Q2116218,Q1117354,"From Barry Wood to Gouzeaucourt , From Boyne to Pilkem Ridge","Kipling, Rudyard",1865,1936,Barry,50.586111,3.543056,default,default,Gouzeaucourt,50.055555555556,3.1241666666667,village,village," For where there are Irish there 's memory undying ,# And when we forget , it is Ireland no more !# Ireland no more !# From Barry Wood to Gouzeaucourt ,# From Boyne to Pilkem Ridge ,# The ancient days come back no more# Than water under the bridge# But the bridge it stands and the water runs",en-18069
en,kipling-yearsBetween---14,Q896037,Q890339,From Boyne to Pilkem Ridge,"Kipling, Rudyard",1865,1936,River Boyne,53.722083333333,-6.2435277777778,river,river,Boezinge,50.8953,2.8575,city,city," And when we forget , it is Ireland no more !# Ireland no more !# From Barry Wood to Gouzeaucourt ,# From Boyne to Pilkem Ridge ,# The ancient days come back no more# Than water under the bridge# But the bridge it stands and the water runs",en-18069
en,kirk-rightOff---15,Q80338,Q185518,"from there he made Bengal , Then journeyed he to Mandalay","Kirk, William Frederick",1877,1927,Bengal,23.9888,88.7311,region,land,Mandalay,21.9830555555556,96.0844444444444,city,city," He put the ball inside his shirt and told the gang “ GOOD NIGHT ! ”# He ran to far - off Labrador , the land of ice and snow ,# And everywhere O' Connor went the ball was sure to go .# From there he went to Canada , from there he made Bengal ,# Then journeyed he to Mandalay , accompanied by that ball .# And then he tried Australia , seeking diamonds in the dirt ,# But all the time he kept that ball he 'd hidden in his shirt .# He did n't like Australia , so he trekked to many a land ,",en-18145
en,kirk-rightOff---15,Q223,Q668,From Greenland 's icy mountains clear to India,"Kirk, William Frederick",1877,1927,Greenland,72,-40,island,island,India,22.8,83,country,country," And then he tried Australia , seeking diamonds in the dirt ,# But all the time he kept that ball he 'd hidden in his shirt .# He did n't like Australia , so he trekked to many a land ,# From Greenland 's icy mountains clear to India 's coral strand .# He sweltered in strange deserts , onward , onward , day by day ,# But always kept that baseball hit so hard by Dan O' Shay .# If you ever go to Sing Sing , which I hope you never will ,",en-18145
en,laidlaw-soldierSongs---35,Q132724,Q207927,From Borodino to the icy brink Of Beresina,"Laidlaw, Alexander Hamilton",1869,1908,Borodino,55.9,94.9,village,village,Berezina River,52.549722222222,30.25,river,river," I , who have vanned the Empire 's fierce advance# In triple continents of fame to drink ,# And bore its backward but still levelled lance# From Borodino to the icy brink# Of Beresina ; thence defiance hurled# To the linked thunders of th’ embattled world .# No bandage bring . Stark - eyed the hero dies .# Do you not know that thus for twenty years",en-18227
en,lampman-amongTheMille---42,Q132564,Q103011,From grey Mycenæ by the pass to Corinth,"Lampman, Archibald",1861,1899,Mycenae,37.730833333333,22.756111111111,ancient city,ancient city,Corinth,37.9386111111111,22.9272222222222,city,city," Spent as I love on foot , our first together ,# When fate and the reluctant sea at last# Had given us safely to dry land ; the tramp# From grey Mycenæ by the pass to Corinth ,# The smooth white road , the soft caressing air ,# Full of the scent of blossoms , the clear sky ,# Strewn lightly with the little tardy clouds ,",en-18310
en,lang-banAndArriere---38,Q68815586,Q30279317,from haunted Glamis To haunted Woodhouselea,"Lang, Andrew",1844,1912,Glamis,56.59544261,-3.003357172,village,village,Woodhouselee,55.84,-3.19,village,village," To stop the boldest breath ,# The boy that inked his copybook ,# And so got ‘ wopped ’ to death !# Call them not shams — from haunted Glamis# To haunted Woodhouselea ,# I mark in hosts the grisly ghosts# I hear the fell Banshie !# I know the spectral dog that howls",en-18527
en,lang-rhymesAlaMode---30,Q100,Q3392,From Boston to the banks of Nile,"Lang, Andrew",1844,1912,Boston,42.3602777777778,-71.0577777777778,city,city,Nile,31.4653,30.3667,river,river," And revel in a “ cultured ” style ,# And follow the subjective Miss# From Boston to the banks of Nile ,# Rejoice in anti-British bile ,# And weep for fickle hero 's woe ,# These twain have shortened many a mile ,",en-18671
en,lang-rhymesAlaMode---39,Q41843,Q1346856,From Beersheba to Dan,"Lang, Andrew",1844,1912,Beersheba,31.258888888889,34.797777777778,city,city,Dan,33.249,35.652,ancient city,ancient city," The peoples Aryan ,# I journeyed in their van ;# The Semites , too , confessed , -# From Beersheba to Dan , -# I am a Merry Jest !# I am an ancient Jest ,# Through all the human clan ,",en-18680
en,lawson-versePopular---4,Q2918297,Q2881464,from Woollahra to Balmain,"Lawson, Henry",1867,1922,Woollahra,-33.8855555555556,151.2413889,city part,city part,Balmain,-33.8483333333333,151.1677778,city part,city part," Oh , there never dawned a morning , in the long and lonely days ,# But I thought I saw the ferries streaming out across the bays —# And as fresh and fair in fancy did the picture rise again# As the sunrise flushed the city from Woollahra to Balmain .# And the sunny water frothing round the liners black and red ,# And the coastal schooners working by the loom of Bradley ’ s Head ;# And the whistles and the siren s that re-echo far and wide —",en-19141
en,lazarus-poems1---50,Q724,Q812,From Maine to Florida,"Lazarus, Emma",1849,1887,Maine,45.5,-69,region,region,Florida,28.133333333333,-81.631666666667,region,region," Were all to follow , we should see# A universal chivalry .# His trust , the People ! They respond# From Maine to Florida , beyond# The sea - walled continent 's broad scope ,# Honor his pledge , confirm his hope .# Hark ! over seas the echo hence ,",en-19252
en,lear-bookOfNonsense---51,Q43,Q142,from Turkey to France,"Lear, Edward",1812,1888,Turkey,39,36,country,country,France,47,2,country,country," The length of whose legs was immense ;# He went with one prance from Turkey to France ,",en-19328
en,leland-songsOfSea---59,Q176,Q2841,from Quebec to Bogotáw,"Leland, Charles Godfrey",1824,1903,Quebec,52,-72,region,region,Bogotá,4.60971,-74.08175,city,city," They drew themselves asunder with aversionary looks .# Sternly gazed the first newcomer on the unindulgent crowd ,# Then in tones which pierced the deepô he solilicussed aloud :—# “ I hev trevelled o’ er this cont ’ nent from Quebec to Bogotáw ,# But setch a set of scallawags as these I never saw .# “ Ye are wealthy , ye are gifted , ye have house and lands and rent ,# Yet unto a suff ’ rin’ mortal ye will not donate a cent ;",en-19784
en,locker-selection---51,Q385060,Q2098078,From Camberwell to Aldgate,"Locker-Lampson, Frederick",1821,1895,Camberwell,51.4736,-0.0912,city part,city part,Aldgate,51.5132,-0.0777,city part,city part," Your town is vile . In Thames 's stream# The crocodiles get up the steam !# Your juggernauts their victims bump# From Camberwell to Aldgate pump !# A year ago , come Candlemas ,# I wooed a plump Feringhee lass ;# United at her idol fane ,",en-20187
en,lowell-complete---128,Q1346856,Q41843,from Dan to Beersheba,"Lowell, James Russell",1819,1891,Dan,33.249,35.652,ancient city,ancient city,Beersheba,31.258888888889,34.797777777778,city,city," The Tollman Debt , who drops his bar across the world 's highway ,# Great Cæsar in mid-march would stop , if Cæsar could not pay ;# Pilgriming 's dearer than it was : men can not travel now# Scot - free from Dan to Beersheba upon a simple vow ;# Nay , as long back as Bess's time ,— when Walsingham went over# Ambassador to Cousin France , at Canterbury and Dover# He was so fleeced by innkeepers that , ere he quitted land ,",en-20856
en,lowell-complete---188,Q724,Q824,From Maine to utmost Oregon,"Lowell, James Russell",1819,1891,Maine,45.5,-69,region,region,Oregon,43.9358333333333,-120.575,region,region," Through mountains , forests , open downs ,# Lakes , railroads , prairies , states , and towns ,# Thy gathering fugue goes rolling on# From Maine to utmost Oregon ;# The factory - wheels in cadence hum ,# From brawling parties concords come ;# All this I hear , or seem to hear ,",en-20916
en,luce-complete---5,Q2302305,Q2418364,from Chilmark to New Town,"Luce, Nancy",1814,1890,Chilmark,41.343055555556,-70.745277777778,city,city,West Tisbury,41.381111111111,-70.675,city,city," And come straight to me and lament my cause ,# And would not go from me ,# Her feelings was so deeply rooted in her heart for me .# They was brought from Chilmark to New Town ,# And remained there one year# For me to get able to take care of them .# And then they was brought to me .",en-21144
en,maccarthy-denisFlorence---15,Q192820,Q936301,From the Shannon 's soft shores to the banks of the Barrow,"MacCarthy, Denis Florence",1817,1882,River Shannon,52.6767,-8.7545,river,river,Barrow,52.242138888889,-6.9688611111111,river,river," That are leaping for ever down Brandon 's brown hills ;# The billows of Bantry , the meadows of Bear ,# The wilds of Evaugh , and the groves of Glancare ,# From the Shannon 's soft shores to the banks of the Barrow ,# All owned the proud sway of the princely MacCaura !# In the house of Miodchuart , by princes surrounded ,# How noble his step when the trumpet was sounded ,",en-21240
en,mackay-byTrench---5,Q36647,Q9427,From Cork to Timbuctoo,"Mackay, Angus",1865,1923,Cork,51.9,-8.4730555555556,city,city,Timbuktu,16.773333055556,-2.9994438888889,city,city," And make him wish he never had# Come here to seek a cure .# “ Your father promised mine to win# From Cork to Timbuctoo ;# If we would throw our Turkey in# Your bloody Pots- dam brew !# “ Besides , he promised on demand",en-21727
en,mackay-byTrench---5,Q545,Q3392,From Baltic to the Nile,"Mackay, Angus",1865,1923,Baltic Sea,58,20,sea,sea,Nile,31.4653,30.3667,river,river," “ Yea Turkey Trot and Tanko tune !# Those dances are the style ,# We hop to their compelling rune# From Baltic to the Nile . ’# “ The Kaiser did n't quite approve# The course the Sultan chose ,# And deemed it time that he should move",en-21727
en,mackay-byTrench---19,Q1973,Q724,From the camps of B. Columbia To the lumber camps of Maine,"Mackay, Angus",1865,1923,British Columbia,54.5,-124.5,region,region,Maine,45.5,-69,region,region," Every lumberjack 's a man .# And you 'll find him ever cheerful ,# In the sunshine or the rain ,# From the camps of B. Columbia# To the lumber camps of Maine .# He may show a rough exterior ,# But his heart is warm within —# Mark him poring o'er that letter ,",en-21741
en,mackay-byTrench---28,Q62,Q5083,from old Frisco we wallowed our way To lovely Seattle,"Mackay, Angus",1865,1923,San Francisco,37.7775,-122.416388888889,city,city,Seattle,47.60621,-122.33207,city,city," After parching so long in the alkali land !# I boarded a schooner that slopped in the bay —# A tub of a ship for Seattle outbound —# And up from old Frisco we wallowed our way# To lovely Seattle , the Queen of the Sound .# And there on a hill , in a beautiful spot ,# Overlooking Lake Union 's low murmuring wave ,# The love of my youth , whom so long I had sought ,",en-21749
en,mackeracher-canadaMyLand---2,Q40191,Q721374,From Hobart Town to Hammerfest,"MacKeracher, William Mackay",1871,1913,Hobart,-42.883333333333,147.31666666667,city,city,Hammerfest,70.66336,23.68209,city,city," As well as any man# Between Vancouver and Brazil ,# Morocco and Japan .# From Hobart Town to Hammerfest ,# From Greenland to the Horn ,# My native land is much the best :# I am Canadian - born .",en-21959
en,mackeracher-canadaMyLand---11,Q1285,Q584,From Apennine to Sacred Isle ; And Rhine,"MacKeracher, William Mackay",1871,1913,Apennine Mountains,43.281667,12.581944,mountain,mountain,Rhine,47.6662,9.1786,river,river," In India Ganges was rever'd ,# In Egypt worshipp'd was the Nile ,# To Romans Tiber was endear'd# From Apennine to Sacred Isle ;# And Rhine and Danube , Thames and Rhone# A people 's votive love have known .# And we to this imposing flood# A cordial homage needs must pay ,",en-21968
en,mackeracher-canadaMyLand---22,Q1930746,Q855330,From Skibbereen town to the Donegal,"MacKeracher, William Mackay",1871,1913,Skibbereen,51.5486,-9.2636,city,city,Donegal,54.65,-8.117,city,city," There 's nothing too good for the Irish .# O'er the whole of it , Nature , at heaven 's command ,# Has scattered her charms with a prodigal hand# From Skibbereen town to the Donegal strand ;# For there 's nothing too good for the Irish .# And it 's many a hero the Irish can claim :# There 's nothing too good for the Irish .",en-21979
en,masters-domesdayBook---26,Q1439,Q241,from Texas clear to Cuba,"Masters, Edgar Lee",1868,1950,Texas,31,-100,region,region,Cuba,22,-79.5,country,country," She 's born in Louisiana in thirty - five ,# Left fatherless at seven — mother takes her# And puts her in the ballet at New Orleans .# She dances then from Texas clear to Cuba ;# Then gives up dancing , studies tragedy ,# And plays Bianca ! Fourteen years of age# Weds Menken , who 's a Jew , divorced from him ;",en-22468
en,masters-domesdayBook---32,Q33959,Q2044,from Nice to Florence,"Masters, Edgar Lee",1868,1950,Nice,43.701944444444,7.2683333333333,city,city,Florence,43.771388888889,11.254166666667,city,city," Walked with the major as Bernard has told .# And this is wrinkled water , dark and far# From Merival , unknown to him . He hears ,# And this alone , she went from Nice to Florence ,# Was ill there in a convent , we shall see .# This is the tale that Irma Leese related",en-22474
en,masters-domesdayBook---34,Q33959,Q38,From Nice to get a glimpse of Italy,"Masters, Edgar Lee",1868,1950,Nice,43.701944444444,7.2683333333333,city,city,Italy,42.5,12.5,country,country," And join my unit , let me have a writing# That I did not desert , was stricken here# And could not leave . For while I stole away# From Nice to get a glimpse of Italy ,# I might have done so in my furlough time ,# And not stayed over it . ” And to Elenor# The nuns said : “ We will help you , but for now",en-22476
en,masters-starvedRock---4,Q82070,Q1524,from Ty re to Athens,"Masters, Edgar Lee",1868,1950,Tyre,33.266666666667,35.2,city,city,Athens,37.9841666666667,23.7280555555556,ancient city,ancient city," Was found at Bethlehem !# For at Bethlehem the groaning world 's desire# For spring , that burned from Egypt up to Ty re ,# And from Ty re to Athens beheld an epiphany of fire :# The flesh fade flower - like while the soul kept breath# Beyond the body's death ,# Even as nature which revives ;",en-22725
en,masters-towardTheGulf---1,Q1297,Q55,From the dock at Chicago to the dock at Holland,"Masters, Edgar Lee",1868,1950,Chicago,41.85003,-87.65005,city,city,Netherlands,52.316666666667,5.55,country,country," “ No life is better than this .# I could live forever ,# And do nothing but run this boat# From the dock at Chicago to the dock at Holland# And back again . ”# One time I went to Grand Haven# On the Alabama with Charley Shippey .",en-22767
en,masters-towardTheGulf---4,Q771,Q1204,From Massachusetts to Illinois,"Masters, Edgar Lee",1868,1950,Massachusetts,42.3,-71.8,region,region,Illinois,40.0002777777778,-89.2502777777778,region,region," ( The pictures of noble ancestors ,# Showing what strains of gentle blood# Flow in the third generation ) —# From Massachusetts to Illinois ....# Long ago it was over for them ,# Massachusetts has done its part ,# She raised the seed",en-22770
en,masters-towardTheGulf---6,Q5330799,Q17107717,From Eastmanville to Nunica,"Masters, Edgar Lee",1868,1950,Eastmanville,43.0167,-85.9564,village,village,Nunica,43.07972222,-86.06722222,city,city," Hanging ungathered in frosted orchards along the Grand River ,# I take the road that winds by the resting fields and wander# From Eastmanville to Nunica down to the Villa Crossing .# I look for old men to talk with , men as old as the orchards ,# Men to tell me of ancient days , of those who built and planted ,# Lichen gray , branch broken , bent and sighing ,",en-22772
en,masters-towardTheGulf---21,Q82070,Q334,from Ty re to Singapore,"Masters, Edgar Lee",1868,1950,Tyre,33.266666666667,35.2,city,city,Singapore,1.3,103.8,country,country," The lords and captains greatly err ,# Thinking that Samson is no more ,# Blind , but with ever - growing hair ,# He grinds from Ty re to Singapore ,# While yet Delilah plays the whore .# So it hath been , and yet will be ,# The captains , drunken at the feast",en-22787
en,masters-towardTheGulf---32,Q19709,Q2281103,from Avon clear to Kenilworth,"Masters, Edgar Lee",1868,1950,River Avon,51.9964,-2.1636,river,river,Kenilworth,52.341,-1.566,city,city," In spirit and in memory with you .# Do you remember that delightful Inn# At Chester and the Roman wall , and how# We walked from Avon clear to Kenilworth ?# And afterward when you and I came down# To London , I forsook the murky town ,# And left you to quaint ways and crowded places ,",en-22798
en,masters-towardTheGulf---44,Q180294,Q69354,from Jaffa There to Montreaux,"Masters, Edgar Lee",1868,1950,Jaffa,32.052222222222,34.753055555556,city part,city part,Montreux,46.435,6.9125,region,region," She was done with the bishop , that 's the reason .# Be still and let me answer . Here 's the story :# We found out later that the bishop 's trunk# And kit of tools had been returned from Jaffa# There to Montreaux , were there that very day ,# Which means the bishop never meant to go# To Palestine at all , but meant to meet# This woman in Montreaux and live with her .",en-22810
en,mcintyre-poems---10,Q182343,Q291233,From Niagara to Hamilton,"McIntyre, James",1827,1906,Niagara River,42.8842,-78.9142,river,river,Churchill River,53.349444444444,-60.1775,river,river," And the lands around its beaches ,# They are famed for grapes and peaches ,# ‘ Mong choicest fruits you ramble on# From Niagara to Hamilton .# Ontario North is land of pines ,# A land of lakes and rocks and mines ,# And beneath dark pine tree shade ,",en-22937
en,mcintyre-poems---12,Q40435,Q5492,from Buffalo to Lake Erie,"McIntyre, James",1827,1906,Buffalo,42.8863888888889,-78.8780555555556,city,city,Lake Erie,42.25,-80.9997222222222,lake,lake," While there did float great thick ice cakes ,# That then a gale did quickly bring# Them all down from the upper lakes .# And from Buffalo to Lake Erie ,# Across the entrance to river ,# It was a scene of icebergs dreary ,# Those who saw will remember ever .",en-22939
en,mcintyre-poems---58,Q487564,Q16,"from Herkimer county , To Canada","McIntyre, James",1827,1906,Herkimer County,43.41,-74.96,region,region,Canada,56,-109,country,country," Since Farrington went to Norwich ,# And the system first there began# Of making cheese on factory plan ;# He came from Herkimer county ,# To Canada he was a bounty ;# Norwich village moved but slow ,# Till railways made it quickly grow ,# And industries here now take root ,",en-22985
en,mcintyre-poems---117,Q1360927,Q19721,From Moray Frith to Frith of Clyde,"McIntyre, James",1827,1906,Moray Firth,57.75,-3.5,bay,bay,River Clyde,55.937857,-4.672852,river,river," From Moray Frith to Frith of Clyde ,# McDonald from his sea girt isle ,# And Campbell from his broad Argyle .# But chiefly here you have come forth",en-23044
en,meredith-poems2---64,Q12431,Q1262,from peaks of Pyrenees To Graians,"Meredith, George",1828,1909,Pyrenees,42.666666666667,1,mountain,mountain,Graian Alps,45.5,7.16666667,mountain,mountain," This was a day that knew not age .# Since flew the vapoury twos and threes# From western pile to eastern rack ;# As on from peaks of Pyrenees# To Graians ; youngness ruled the track .# When songful beams were shut in caves ,# And rainy drapery swept across ;# When the ranked clouds were downy waves ,",en-23517
en,meredith-poems3---25,Q203950,Q193724,from Trafalger To darken Austerlitz,"Meredith, George",1828,1909,Cape Trafalgar,36.183333333333,-6.0333333333333,region,land,Slavkov u Brna,49.153275386094,16.876504369244,city,ciity," Brought his last gift from o'er the grave !# Uprose the soul of him a star# On that brave day of Ocean days :# It rolled the smoke from Trafalger# To darken Austerlitz ablaze .# Are we the men of old , its light# Will point us under every sky# The path he took ; and must we fight ,",en-23560
en,miller-areWomenPeople---15,Q724,Q173,from Maine to Alabama,"Miller, Alice Duer",1874,1942,Maine,45.5,-69,region,region,Alabama,32.7,-86.7,region,state," That takes a lot of time .# Or , if the suffrage doctrine fails to charm her ,# There are the Antis — rather in her line —# Guarding the Home from Maine to Alabama",en-23816
en,moody-gloucesterMoors---3,Q986634,Q49470032,"from Oswego to Sault Sainte - Marie , And on to where the Pictured Rocks","Moody, William Vaughn",1869,1910,Sault Ste. Marie,46.496944444444,-84.345555555556,city,city,Pictured Rocks,46.533333333333,-86.488333333333,default,cliff," Spying the arbutus , spring 's dear recluse ;# Hill lads at dawn shall hearken the wild goose# Go honking northward over Tennessee ;# West from Oswego to Sault Sainte - Marie ,# And on to where the Pictured Rocks are hung ,# And yonder where , gigantic , willful , young ,# Chicago sitteth at the northwest gates ,# With restless violent hands and casual tongue",en-24168
en,moody-gloucesterMoors---3,Q1017583,Q986634,"from Oswego to Sault Sainte - Marie , And on to where the Pictured Rocks","Moody, William Vaughn",1869,1910,Oswego,43.454722,-76.506667,default,default,Sault Ste. Marie,46.496944444444,-84.345555555556,city,city," Spying the arbutus , spring 's dear recluse ;# Hill lads at dawn shall hearken the wild goose# Go honking northward over Tennessee ;# West from Oswego to Sault Sainte - Marie ,# And on to where the Pictured Rocks are hung ,# And yonder where , gigantic , willful , young ,# Chicago sitteth at the northwest gates ,# With restless violent hands and casual tongue",en-24168
en,moore-complete---544,Q745295,Q635058,From Maina 's rills To Thracia,"Moore, Thomas",1779,1852,Mani Peninsula,36.559,22.4303,region,land,Thracia,42.5,22.5,ancient region,ancient region," To plant his Crescent there ?# No — by our fathers , no , boy ,# No , by the Cross , we show —# From Maina 's rills# To Thracia 's hills# All Greece re-echoes “ No ! ”# Like pleasant thoughts that o'er the mind# A minute come and go again ,",en-24736
en,moore-cornishCatches---17,Q5303081,Q1024896,from Downderry to Looe,"Moore, Bernard",1873,1953,Downderry,50.3618,-4.3701,village,village,Looe,50.3535,-4.454,city,city,Ole Sammy took fish from Downderry to Looe ;# Jest the darnedest thing that Ole Sammy could do ;# An ’ nobody knawed what Ole Sammy was thinkin ’# For when he got there the fish was a stinkin ’ .,en-24824
en,moore-cornishCatches---17,Q1024896,Q5303081,from Looe to Downderry,"Moore, Bernard",1873,1953,Looe,50.3535,-4.454,city,city,Downderry,50.3618,-4.3701,village,village," To pay for the fish when they 'd had such a airin ’ !# An ’ any regreater deserve to be stranded# For carryin ’ fish to the port where they 'm landed !# So Sammy went homeways from Looe to Downderry ,# An ’ on to Torpoint an ’ acrost by the ferry ,# An ’ up along Plymouth , remarkable flish ,# He selled out to wance all his basket of fish .",en-24824
en,moore-cornishCatches---17,Q5303081,Q2041269,"from Looe to Downderry , An ’ on to Torpoint","Moore, Bernard",1873,1953,Downderry,50.3618,-4.3701,village,village,Torpoint,50.376,-4.205,city,city," To pay for the fish when they 'd had such a airin ’ !# An ’ any regreater deserve to be stranded# For carryin ’ fish to the port where they 'm landed !# So Sammy went homeways from Looe to Downderry ,# An ’ on to Torpoint an ’ acrost by the ferry ,# An ’ up along Plymouth , remarkable flish ,# He selled out to wance all his basket of fish .# ‘ Tis sartin that ‘ tis , an ’ can n't be no ‘ tisser ,",en-24824
en,moore-cornishCatches---17,Q7289328,Q602760,from the Rame to the Lizzer,"Moore, Bernard",1873,1953,Rame,50.3246,-4.2133,village,village,The Lizard,50.033333333333,-5.1833333333333,region,land," An ’ up along Plymouth , remarkable flish ,# He selled out to wance all his basket of fish .# ‘ Tis sartin that ‘ tis , an ’ can n't be no ‘ tisser ,# Us knaws fish an ’ fish from the Rame to the Lizzer ;# What 's hansun for Devon for us doesn ’ do ,",en-24824
en,moore-cornishCatches---42,Q23154,Q155,from Bristol to Brazil,"Moore, Bernard",1873,1953,Bristol,51.4536111111111,-2.5975,city,city,Brazil,-14,-53,country,country," The steamer pounds proudly far away ,# But I 'd sooner be ascudding in a ten - knot breeze# In my little lug and mizzen in the bay .# The schooner sings the wind 's song from Bristol to Brazil ,# The steamer knows the whole World 's way ,# But I can see a cottage on a windy hill# From my little lug and mizzen in the bay .",en-24849
en,morley-songsForLittleHouse---49,Q6454,Q1963,from Calais to Khartoum,"Morley, Christopher",1890,1957,Calais,50.9475,1.8555555555556,city,city,Khartoum,15.60308,32.52654,city,city," Servant of England , soldier to the core ,# What does it matter where his body fall ?# What does it matter where they build the tomb ?# Five million men , from Calais to Khartoum ,",en-25004
en,morris-earthlyParadise---9,Q29520,Q38,From Cathay to the head of Italy,"Morris, William",1834,1896,China,35,105,country,country,Italy,42.5,12.5,country,country," “ But take the loathsome head up in thine hands ,# And kiss it , and be master presently# Of twice the wealth that is in all the lands ,# From Cathay to the head of Italy ;# And master also , if it pleaseth thee ,# Of all thou praisest as so fresh and bright ,# Of what thou callest crown of all delight .",en-25044
en,morris-selection---8,Q229,Q481514,From sunny Cyprus to the headland blue Of Lilybaeum,"Morris, William",1834,1896,Cyprus,35,33,country,country,Marsala,37.7980555555556,12.4341666666667,city,city," If Butes lived or died ; but old tales tell# That while the tumbling waves he breasted well ,# Venus beheld him , as unseen she drew# From sunny Cyprus to the headland blue# Of Lilybaeum , where her temple is ;# She , with a mind his sun - burnt brows to kiss ,# E'en as his feet were dropping nigh the beach ,# And ere his hand the deadly hands could reach ,",en-25248
en,murray-hame---36,Q318306,Q5465,From Quilimane to Cape Town,"Murray, Charles",1864,1941,Quelimane,-17.876388888889,36.887222222222,city,city,Cape Town,-33.9252777777778,18.4238888888889,city,city," They plead in childish whispers the Lord on high will be# A comfort to the auld wife — their granny o'er the sea .# Scotland our Mither — since first we left your side ,# From Quilimane to Cape Town we 've wandered far an ’ wide ;# Yet aye from mining camp an ’ town , from koppie an ’ karoo ,",en-25513
en,nesbit-alphabetOfHistory---8,Q135744,Q1297,from Galveston to Chicago,"Nesbit, Wilbur Dick",1871,1927,Galveston,29.3013889,-94.7977778,city,city,Chicago,41.85003,-87.65005,city,city, Stood calmly in the spotlight and corralled the wreathing bays .# Since then there is no villain of the art of good Iago —# At least we have n't seen an actor who approached him yet ;# The villains we have noticed from Galveston to Chicago,en-25710
en,nesbit-alphabetOfHistory---14,Q42462,Q467664,from York to Butte,"Nesbit, Wilbur Dick",1871,1927,York,53.95,-1.0833333333333,city,city,Butte,46.006388888889,-112.52972222222,city,city," O . Khayyam 's volume resting by “ Lucille , ”# Bound in Limp Leather , with each Edge uncut ,# To show the Literary Sense we feel ?# And is there any town from York to Butte# Wherein some Maiden fair do n't Elocute# Through Khayyam 's easy - speaking poetry ,# With Musical Accomp' niment to suit ?",en-25716
en,newbolt-poems---38,Q917319,Q8745,from Torres Vedras to golden Vigo Bar,"Newbolt, Henry John",1862,1938,Torres Vedras,39.083333333333,-9.2666666666667,city,city,Vigo,42.235833333333,-8.7266666666667,city,city," Far off , far off , the tumult faded and died away ,# And all alone the sea - wind came singing up the Bay .# “ I came by Cape St. Vincent , I came by Trafalgar ,# I swept from Torres Vedras to golden Vigo Bar ,# I saw the beacons blazing that fired the world with light# When down their ancient highway your fathers passed to fight .# “ O race of tireless fighters , flushed with a youth renewed ,",en-26108
en,newbolt-poems---104,Q1757559,Q7230184,From Bratton to Porlock Bay,"Newbolt, Henry John",1862,1938,Bratton,51.27,-2.12,village,village,Porlock Bay,51.2193,-3.60508,bay,bay,,en-26174
en,newbolt-poems---116,Q23156,Q17252,from Devon to Thibet,"Newbolt, Henry John",1862,1938,Devon,50.7,-3.8,region,region,Tibet,29.65,91.1,mountain,mountain," The Hundred Kingdoms and the Rivers Three ,# Beyond the rampart of Himalayan snows ,# And up the road that only Rumour knows ,# Unchecked , old friend , from Devon to Thibet ,# Friendship and Memory dog your footsteps yet .# Let not the scornful ask me what avails# So small a pack to follow mighty trails :",en-26185
en,noyes-collectedPoems1---7,Q7687213,Q11437728,from Tashiro To Mount Daimugenzan,"Noyes, Alfred",1880,1958,Tashiro,40.2701388888889,140.446861111111,region,region,Mount Daimugen,35.256111111111,138.16166666667,mountain,mountain," I ’ the San-ju - san - jen Do ,# They filled a little lacquer tray# With powders in a row ,# Dry dust of flowers from Tashiro# To Mount Daimugenzan ,# Dry little heaps of dust , but O# They breathed of old Japan .# Then knights in blue and gold array",en-26449
en,noyes-collectedPoems1---157,Q812895,Q2292191,From Beachy Head to Skiddaw,"Noyes, Alfred",1880,1958,Beachy Head,50.7375,0.2475,cape,cape,Skiddaw,54.651388888889,-3.1477777777778,mountain,mountain," Right over against us , whence his panoplies# Might suddenly whelm our isle . But all night long ,# On many a mountain , many a guardian height ,# From Beachy Head to Skiddaw , little groups# Of seamen , torch and battle - lanthorn nigh ,# Watched by the brooding unlit beacons , piled# Of sun - dried gorse , funereal peat , rough logs ,",en-26599
en,noyes-collectedPoems1---161,Q991055,Q23298,From Milford Haven to the Downs of Kent,"Noyes, Alfred",1880,1958,Milford Haven,51.714180555556,-5.0427388888889,city,city,Kent,51.19,0.73,region,region," As to the coasts with pike and musket streamed# The trained bands , horse and foot , from every town# And every hamlet . All the shaggy hills# From Milford Haven to the Downs of Kent ,# And up to Humber , gleamed with many a hedge# Of pikes between the beacon 's crimson glares ;# While in red London forty thousand men ,",en-26603
en,noyes-collectedPoems1---161,Q23298,Q550995,"From Milford Haven to the Downs of Kent , And up to Humber","Noyes, Alfred",1880,1958,Kent,51.19,0.73,region,region,Humber,53.5425,0.0925,river,river," As to the coasts with pike and musket streamed# The trained bands , horse and foot , from every town# And every hamlet . All the shaggy hills# From Milford Haven to the Downs of Kent ,# And up to Humber , gleamed with many a hedge# Of pikes between the beacon 's crimson glares ;# While in red London forty thousand men ,# In case the Invader should prevail , drew swords",en-26603
en,noyes-collectedPoems1---162,Q7114777,Q1783560,from Owers to Spithead,"Noyes, Alfred",1880,1958,Ower,50.95,-1.54,village,village,Spithead,50.7514,-1.13667,strait (water),strait (water)," Thrust close to Howard 's , and outstretched iron arm ,# Under the stars Drake pointed down the coast# Where the red beacons flared . “ The shoals , ” he hissed ,# “ The shoals from Owers to Spithead and the net# Of channels yonder in Portsmouth Roads . At dawn# They 'll lie to leeward of the Invincible Fleet ! ”# Swiftly , in mighty sweeping lines Drake set",en-26604
en,noyes-collectedPoems1---162,Q2292191,Q427283,From Skiddaw to Helvellyn,"Noyes, Alfred",1880,1958,Skiddaw,54.651388888889,-3.1477777777778,mountain,mountain,Helvellyn,54.527230555556,-3.0160527777778,mountain,mountain," And glittering steeps , echoing , re-echoing ,# Calling , answering , as with the herald winds# That blow the golden trumpets of the morning# From Skiddaw to Helvellyn . In the midst# The great San Martin surged with heaven - wide press# Of proudly billowing sail ; and yet once more# Slowly , solemnly , like another dawn",en-26604
en,noyes-collectedPoems2---79,Q84,Q130191,from London town To Norwich,"Noyes, Alfred",1880,1958,London,51.507222222222,-0.1275,city,city,Norwich,52.6286111111111,1.29277777777778,city,city," And , in the front of all , the motley fool# Cross - legged upon the rushes .# O , I knew him ,—# Will Kemp , the player , who danced from London town# To Norwich in nine days and was proclaimed# Freeman of Marchaunt Venturers and hedge - king# Of English morrice - dancery for ever !# His nine - days ’ wonder , through the countryside",en-26683
en,noyes-collectedPoems2---80,Q7355468,Q2568918,from Rockland on to Hingham,"Noyes, Alfred",1880,1958,Rockland St Mary,52.585138888889,1.4117694444444,village,village,Hingham,52.5791,0.98283888888889,city,city," They pealed like distant marriage - bells ! And up came William Bee# With Georgie Sprat , my overseer , and Thomas Slye , my tabourer ,# “ Farewell , ” she laughed , and vanished with a Suffolk courtesie .# I leapt away to Rockland , and from Rockland on to Hingham ,# From Hingham on to Norwich , sirs ! I hardly heard a - while# The throngs that followed after , with their shouting and their laughter ,# For a shadow danced beside me , my companion of a mile !",en-26684
en,noyes-collectedPoems2---80,Q2568918,Q130191,From Hingham on to Norwich,"Noyes, Alfred",1880,1958,Hingham,52.5791,0.98283888888889,city,city,Norwich,52.6286111111111,1.29277777777778,city,city," With Georgie Sprat , my overseer , and Thomas Slye , my tabourer ,# “ Farewell , ” she laughed , and vanished with a Suffolk courtesie .# I leapt away to Rockland , and from Rockland on to Hingham ,# From Hingham on to Norwich , sirs ! I hardly heard a - while# The throngs that followed after , with their shouting and their laughter ,# For a shadow danced beside me , my companion of a mile !# At Norwich , by St. Giles his gate , I entered , and the Mayor in state ,",en-26684
en,noyes-collectedPoems2---80,Q130191,Q42462,from Norwich up to York,"Noyes, Alfred",1880,1958,Norwich,52.6286111111111,1.29277777777778,city,city,York,53.95,-1.0833333333333,city,city," With five good angels in my hand that I might drink while I could stand !# They gave me golden angels ! What I lacked they could not give .# They made Will Kemp , thenceforward , sirs , Freeman of Marchaunt Venturers !# They hoped that I would dance again from Norwich up to York ;# Then they asked me , all together , had I met with right May weather ,# And they praised my heels of feather , and my heart , my heart of cork .# As I came home by Sudbury , by little red -roofed Sudbury ,",en-26684
en,owen-battleOfBaysby---23,Q1134899,Q179224,from Delagoa Bay To Dover,"Seaman, Owen",1861,1936,Maputo Bay,-25.983333333333,32.7,bay,bay,Dover,51.1275,1.3122222222222,city,city," Excuse you .# But if your words are more than wanton play# And you would like to meet the old sea - rover ,# Name any course from Delagoa Bay# To Dover .# Meanwhile observe a proper reticence ;# We ask no more ; there never was a rumour# Of asking Hohenzollerns for a sense",en-26897
en,page-coastOfBohemia---15,Q82601,Q123377,From Del Fuego 's beetling coast To sleety Hebrides,"Page, Thomas Nelson",1853,1922,Tierra del Fuego,-54,-70,region,land,Hebrides,58,-7,island,archipelago," Round every Spanish keel ,# Piled Spanish decks with Spanish dead ,# The noblest of Castile .# From Del Fuego 's beetling coast# To sleety Hebrides# He hounded down the Spanish host# And swept the flaming seas .# He fought till on Spain 's inmost lakes",en-27093
en,palgrave-visionOfEngland---14,Q29520,Q12544,From Cathaya westward it stole to Byzance,"Palgrave, Francis Turner",1824,1897,China,35,105,country,country,Byzantine Empire,41.01527778,28.98472222,country,country," Crawl'd out a plague - mist and sheeted the plain ,# A hydra of hell and of night .# — Whence upon men has that horror past ?# From Cathaya westward it stole to Byzance ,—# The City of Flowers ,— the vineyards of France ; —# O'er the salt - sea ramparts of England , last ,# Reeking and rank , a serpent 's breath :—",en-27155
en,palgrave-visionOfEngland---40,Q5089,Q584,from Ganges to Rhine,"Palgrave, Francis Turner",1824,1897,Ganges,30.1451,78.5974,river,river,Rhine,47.6662,9.1786,river,river," Fit forerunner of him , whose crowning stroke ,# Rousing his Guards on the Flandrian plain ,# Unvassall'd Europe from despot yoke !# He who from Ganges to Rhine# Traced o'er the world his red line# Irresistible ; while in the breast# Reign'd devotedness utter , and self for England suppress'd !",en-27181
en,palgrave-visionOfEngland---44,Q14294,Q14299,From Tagus back by Douro to Garonne,"Palgrave, Francis Turner",1824,1897,Tagus River,38.8525,-9.0137,river,river,Douro,41.14,-8.66,river,river," Supreme o'er Fortune and her idle star .# For not by might but mind , by skill , not chance ,# He headed stubborn France# From Tagus back by Douro to Garonne ;# And on the last , worst , field ,# The crown of all his hundred victories won ,# World - calming Waterloo ! — Then , laying by",en-27185
en,palgrave-visionOfEngland---44,Q14299,Q5077,From Tagus back by Douro to Garonne,"Palgrave, Francis Turner",1824,1897,Douro,41.14,-8.66,river,river,Garonne,45.0386,-0.6111,river,river," Supreme o'er Fortune and her idle star .# For not by might but mind , by skill , not chance ,# He headed stubborn France# From Tagus back by Douro to Garonne ;# And on the last , worst , field ,# The crown of all his hundred victories won ,# World - calming Waterloo ! — Then , laying by",en-27185
en,paterson-saltsbushBill---36,Q40059,Q85,from Jordan to Cairo,"Paterson, Andrew Barton",1864,1941,Jordan River,31.761388888889,35.558333333333,river,river,Cairo,30.0444444444444,31.2358333333333,city,city," When the water rolled softly o'er every galoot of ‘ em .# The Jews were so glad when old Pharaoh was “ had ”# That they sounded their timbrels and capered like mad .# You see he was hated from Jordan to Cairo —# Whence comes the expression “ to buck against faro ” .# For forty long years , ‘ midst perils and fears# In deserts with never a tramline to follow by ,",en-27650
en,presland-deluge---21,Q23792,Q21,from Palestine To assure me England,"Presland, John",1885,1975,Palestine,31.625321,35.145264,region,region,England,53,-1,country,country," “ How came you hither ? ” said he ;# “ No choice of mine , but by rule divine , ”# — Said Richard — “ I came by sea ,# “ Travelling in haste from Palestine# To assure me England 's throne ;# But a storm arose , and my fears suppose# That I was saved alone . ”# “ Now bind his hands , ” cried Leopold ,",en-27984
en,procter-legendsAndLyrics1---28,Q23792,Q12994,"from far Palestine , And given to Bruges","Procter, Adelaide Anne",1825,1864,Palestine,31.625321,35.145264,region,region,Bruges,51.2088888888889,3.22416666666667,city,city," How the gilt dragon , glaring fiercely down# From the great belfry , watching all the town ,# Was brought , a trophy of the wars divine ,# By a Crusader from far Palestine ,# And given to Bruges ; and how Ghent arose ,# And how they struggled long as deadly foes ,# Till Ghent , one night , by a brave soldier 's skill ,# Stole the great dragon ; and she keeps it still .",en-28053
en,rice-songSurf---63,Q3392,Q584,from Nile to Rhine,"Rice, Cale Young",1872,1943,Nile,31.4653,30.3667,river,river,Rhine,47.6662,9.1786,river,river," To- morrow would forget the cross — and all !# They knew not Rome , before its sign ,# Bending her brow bound with the nations ’ threne ,# Would sweep all lands from Nile to Rhine# In servitude unto the Nazarene .# Nor knew that millions would forsake# Ancestral shrines great with the glow of time ,",en-28636
en,riley-greenFields---11,Q2471,Q5753,From Sana on to Samarcand,"Riley, James Whitcomb",1849,1916,Sanaa,15.35,44.2,city,city,Samarkand,39.6547222222222,66.9758333333333,city,city," Than ever cantered wild and free# Across the plains of Araby .# Go search the level desert - land# From Sana on to Samarcand —# Wherever Persian prince has been# Or Dervish , Sheik or Bedouin ,# And I defy you there to point",en-28905
en,rogers-poems---40,Q51,Q797,"From the ANTARCTICK , from the Land of Fire To where ALASKA","Rogers, Samuel",1763,1855,Antarctica,-90,0,default,default,Alaska,64,-150,region,land," Like thunder , or the distant din of war !# Mountains and seas fled backward as he pass'd# O'er the great globe , by not a cloud o'ercast# From the ANTARCTICK , from the Land of Fire# To where ALASKA 'S wintry wilds retire ;# From mines of gold , and giant - sons of earth ,# To grotts of ice , and tribes of pigmy birth# Who freeze alive , nor , dead , in dust repose ,",en-29712
en,rogers-poems---40,Q82601,Q797,"From the ANTARCTICK , from the Land of Fire To where ALASKA","Rogers, Samuel",1763,1855,Tierra del Fuego,-54,-70,region,land,Alaska,64,-150,region,land," Like thunder , or the distant din of war !# Mountains and seas fled backward as he pass'd# O'er the great globe , by not a cloud o'ercast# From the ANTARCTICK , from the Land of Fire# To where ALASKA 'S wintry wilds retire ;# From mines of gold , and giant - sons of earth ,# To grotts of ice , and tribes of pigmy birth# Who freeze alive , nor , dead , in dust repose ,",en-29712
en,rogers-poems---40,Q82601,Q797,from the Land of Fire To where ALASKA,"Rogers, Samuel",1763,1855,Tierra del Fuego,-54,-70,region,land,Alaska,64,-150,region,land," Like thunder , or the distant din of war !# Mountains and seas fled backward as he pass'd# O'er the great globe , by not a cloud o'ercast# From the ANTARCTICK , from the Land of Fire# To where ALASKA 'S wintry wilds retire ;# From mines of gold , and giant - sons of earth ,# To grotts of ice , and tribes of pigmy birth# Who freeze alive , nor , dead , in dust repose ,",en-29712
en,sackvilleWest-orchardAndVineyard---39,Q15,Q48,from Africa to Asia,"Sackville-West, Victoria Mary",1892,1962,Africa,21.09375,7.1881,continent,continent,Asia,43.6811111111111,87.3311111111111,continent,continent," That chains her anger to an irksome orbit .# I ’ ll dry the seas and bring the unknown lands# To light , that on unchristened continents# Man stray dry - foot from Africa to Asia .# Oh , what new rivers then , what deep , deep lakes ,# What caverns and what cliffs , what strange ravines ,# What deserts , what denuded leagues of plain ,",en-30552
en,sackvilleWest-orchardAndVineyard---45,Q649,Q29520,from Moscow through to China,"Sackville-West, Victoria Mary",1892,1962,Moscow,55.755833333333,37.617777777778,city,city,China,35,105,country,country," That wandered with their flocks and herds , and trafficked with the train of Kurds ;# They stirred the ghost of Tamerlane , who swept that way with Tartar hordes ,# The ghosts of dead barbarian lords , the Asiatic hurricane ;# They crossed the mighty road that runs from Moscow through to China ’ s wall ,# And trod the path of nomad Huns and knew Siberia ’ s white pall# When fields of Persian asphodel were visions of a distant day# And boundless snow around them lay , and noiseless snow for ever fell ,",en-30558
en,sackvilleWest-orchardAndVineyard---48,Q23148,Q67479626,From Cornish Lizard to the Kentish Nore,"Sackville-West, Victoria Mary",1892,1962,Cornwall,50.3,-4.9,region,historic region,Kent,51.2489089239,0.674513689133,region,region," I with the kestrels shared the cleanly day ,# The candid day ; wind - shaven , brindled turf ;# Tall cliffs ; and long sea - line of marbled surf# From Cornish Lizard to the Kentish Nore# Lipping the bulwarks of the English shore ,# While many a lovely ship below sailed by# On unknown errand , kempt and leisurely ;",en-30561
en,sassoon-counterAttack---25,Q102728,Q143665,From Ypres to Frise,"Sassoon, Siegfried",1886,1967,Ypres,50.8508333333333,2.885,city,city,Frise,49.941388888889,2.8183333333333,village,village," Out of the gloom they gather about my bed .# They whisper to my heart ; their thoughts are mine .# “ Why are you here with all your watches ended ?# From Ypres to Frise we sought you in the Line . ”# In bitter safety I awake , unfriended ;# And while the dawn begins with slashing rain# I think of the Battalion in the mud .",en-30900
en,scollard-spraysOfShamrock---39,Q163584,Q184469,From Derry to Kerry,"Scollard, Clinton",1860,1932,Derry,54.991666666667,-7.3416666666667,city,city,County Kerry,52.166666666667,-9.75,region,region," And under Beenaman the surge of the sea ,# The heathery slopes that are haunts for the bee# Where Carraghmore raises its brows !# From Derry to Kerry the leagues they are long# For a foot - weary rover to wend ,# But I take the far track with a snatch of a song ,# And a ready forgetting of aught that is wrong ,",en-31044
en,scollard-spraysOfShamrock---45,Q1413986,Q166232,From Feale Water to Kenmare,"Scollard, Clinton",1860,1932,River Feale,52.48294,-9.68903,river,river,Kenmare,51.879962,-9.583597,city,city,,en-31050
en,scott-ladyOfTheLake---2,Q503262,Q19720,From Tweed to Spey,"Scott, Walter",1771,1832,River Tweed,55.764164,-1.986574,river,river,River Spey,57.674187,-3.098504,river,river," All melodies to thee are known# That harp has rung or pipe has blown ,# In Lowland vale or Highland glen ,# From Tweed to Spey — what marvel , then ,# At times unbidden notes should rise ,# Confusedly bound in memory 's ties ,# Entangling , as they rush along ,",en-31060
en,service-balladsOfBohemian---4,Q241021,Q186115,From Montrouge to the Martyr's Hill,"Service, Robert William",1874,1958,Montrouge,48.816388888889,2.3211111111111,city,city,Montmartre,48.886944444444,2.3411111111111,city part,city part," A dappled flood upon the floor .# I rise and through the window stare ...# Ye gods ! how marvelously fair !# From Montrouge to the Martyr's Hill ,# A silver city rapt and still ;# Dim , drowsy deeps of opal haze ,# And spire and dome in diamond blaze ;",en-31351
en,service-balladsOfBohemian---15,Q130978,Q142,From Yucatan to France,"Service, Robert William",1874,1958,Yucatan Peninsula,19.5511111111111,-89.2963888888889,region,land,France,47,2,country,country," Of sailors dancing heel and toe# With wenches black and brown ;# And though it 's all an ocean far# From Yucatan to France ,# I 'll bet beside the old bazaar# They dance and dance and dance .# I think of Monte Carlo , where",en-31362
en,service-rhymesOfRedCross---6,Q83407,Q102728,from Mons to Wipers,"Service, Robert William",1874,1958,Mons,50.4549568,3.951958,city,city,Ypres,50.8508333333333,2.885,city,city,"Tramp , tramp , the grim road , the road from Mons to Wipers# ( I 've ‘ ammered out this ditty with me bruised and bleedin ’ feet ) ;# Tramp , tramp , the dim road — we did n't ‘ ave no pipers ,# And bellies that was ‘ oller was the drums we ‘ ad to beat .",en-31455
en,service-rhymesOfRedCross---26,Q45240,Q724,from Monte Carlo to Maine,"Service, Robert William",1874,1958,Monte Carlo,43.738942,7.425237,city,city,Maine,45.5,-69,region,region," ‘ Ave been — let me whisper it ‘ oarsely — a gambler ‘ alf of me days ;# A gambler , you ‘ ear — a gambler . It makes me wishful to weep ,# And yet ‘ ow it 's true , my brethren ! — I 'd rather gamble than sleep .# I 've gambled the ‘ ole world over , from Monte Carlo to Maine ;# From Dawson City to Dover , from San Francisco to Spain .# Cards ! They ‘ ave been me ruin . They 've taken me pride and me pelf ,# And when I 'd no one to play with — why , I 'd go and I 'd play by meself .",en-31475
en,service-rhymesOfRedCross---26,Q372324,Q179224,From Dawson City to Dover,"Service, Robert William",1874,1958,Dawson City,64.066666666667,-139.42916666667,city,city,Dover,51.1275,1.3122222222222,city,city," A gambler , you ‘ ear — a gambler . It makes me wishful to weep ,# And yet ‘ ow it 's true , my brethren ! — I 'd rather gamble than sleep .# I 've gambled the ‘ ole world over , from Monte Carlo to Maine ;# From Dawson City to Dover , from San Francisco to Spain .# Cards ! They ‘ ave been me ruin . They 've taken me pride and me pelf ,# And when I 'd no one to play with — why , I 'd go and I 'd play by meself .# And Sam ‘ e would sit and watch me , as I shuffled a greasy deck ,",en-31475
en,service-rhymesOfRedCross---26,Q62,Q29,from San Francisco to Spain,"Service, Robert William",1874,1958,San Francisco,37.7775,-122.416388888889,city,city,Spain,40.2,-3.5,country,country," A gambler , you ‘ ear — a gambler . It makes me wishful to weep ,# And yet ‘ ow it 's true , my brethren ! — I 'd rather gamble than sleep .# I 've gambled the ‘ ole world over , from Monte Carlo to Maine ;# From Dawson City to Dover , from San Francisco to Spain .# Cards ! They ‘ ave been me ruin . They 've taken me pride and me pelf ,# And when I 'd no one to play with — why , I 'd go and I 'd play by meself .# And Sam ‘ e would sit and watch me , as I shuffled a greasy deck ,",en-31475
en,service-rhymesOfRollingStone---33,Q1546553,Q60067,From Koyokuk to Kuskoquim,"Service, Robert William",1874,1958,Koyukuk River,64.9233,-157.5539,river,river,Kuskokwim River,60.083055555556,-162.33388888889,river,river," For “ barb - wire ” was the brand of “ hooch ” to which he most inclined .# They knew him far ; his igloos are on Kittiegazuit strand .# They knew him well , the tribes who dwell within the Barren Land .# From Koyokuk to Kuskoquim his fame was everywhere ;# And he did love , all life above , that little Julie Claire ,# The lithe , white slave - girl he had bought for seven hundred skins ,# And taken to his wickiup to make his moccasins .",en-31533
en,shanks-poems---15,Q2497835,Q7620330,From Amberley to Storrington,"Shanks, Edward",1892,1953,Amberley,50.908480555556,-0.53403888888889,village,village,Storrington,50.9178,-0.45459,village,village,"From Amberley to Storrington ,# From Storrington to Amberley ,# From Amberley to Washington# You can not see or smell the sea .",en-31802
en,shanks-poems---15,Q7620330,Q2497835,From Storrington to Amberley,"Shanks, Edward",1892,1953,Storrington,50.9178,-0.45459,village,village,Amberley,50.908480555556,-0.53403888888889,village,village," From Storrington to Amberley ,# From Amberley to Washington# You can not see or smell the sea .# But why the devil should you wish",en-31802
en,shelley-peterbell---7,Q19709,Q19714,from Avon to Trent,"Shelley, Percy Bysshe",1792,1822,River Avon,51.9964,-2.1636,river,river,River Trent,53.7,-0.7,river,river," Flit up from Hell with pure intent !# Slash them at Manchester ,# Glasgow , Leeds , and Chester ;# Drench all with blood from Avon to Trent .# ‘ Let thy body - guard yeomen# Hew down babes and women ,# And laugh with bold triumph till Heaven be rent !",en-31986
en,shelley-works3---100,Q5456,Q130135,From the Andes to Atlas,"Shelley, Percy Bysshe",1792,1822,Andes,-32.65333333,-70.01166667,mountain,mountain,Atlas Mountains,31.0619444444444,-7.91611111111111,mountain,mountain," And , like passions made still by the presence of Love ,# Beneath the clear surface reflecting it slide# Tremulous with soft influence ; extending its tide# From the Andes to Atlas , round mountain and isle ,# Round sea - birds and wrecks , paved with Heaven 's azure smile ,# The wide world of waters is vibrating . Where# Is the ship ? On the verge of the wave where it lay",en-32088
en,shelley-works3---103,Q189387,Q2257429,From Pithecusa to Pelorus,"Shelley, Percy Bysshe",1792,1822,Ischia,40.7311111111111,13.8955555555556,volcano,volcano,Faro Point,38.26472222,15.65083333,default,point," Vesuvius wakens Aetna , and the cold# Snow - crags by its reply are cloven in sunder :# O'er the lit waves every Aeolian isle# From Pithecusa to Pelorus# Howls , and leaps , and glares in chorus :# They cry ,‘ Be dim ; ye lamps of Heaven suspended o'er us ! ’# Her chains are threads of gold , she need but smile",en-32091
en,smith-rejectedAddresses---8,Q26328,Q2886632,"From Knightsbridge , Pancras , Camden Town , To Redriffe","Smith, Horace",1779,1849,Knightsbridge,51.5017,-0.1621,default,default,Rotherhithe,51.4989,-0.0426,city part,city part," Appeared to slumber in the light .# From Henry 's chapel , Rufus ’ hall ,# To Savoy , Temple , and St. Paul ;# From Knightsbridge , Pancras , Camden Town ,# To Redriffe , Shadwell , Horsleydown ,# No voice was heard , no eye unclosed ,# But all in deepest sleep reposed .# They might have thought , who gazed around",en-32404
en,smith-rejectedAddresses---8,Q2065416,Q2886632,"From Knightsbridge , Pancras , Camden Town , To Redriffe","Smith, Horace",1779,1849,St Pancras,51.5262,-0.1178,city part,city part,Rotherhithe,51.4989,-0.0426,city part,city part," Appeared to slumber in the light .# From Henry 's chapel , Rufus ’ hall ,# To Savoy , Temple , and St. Paul ;# From Knightsbridge , Pancras , Camden Town ,# To Redriffe , Shadwell , Horsleydown ,# No voice was heard , no eye unclosed ,# But all in deepest sleep reposed .# They might have thought , who gazed around",en-32404
en,smith-rejectedAddresses---8,Q149836,Q2886632,"From Knightsbridge , Pancras , Camden Town , To Redriffe","Smith, Horace",1779,1849,Camden Town,51.541,-0.1433,city part,city part,Rotherhithe,51.4989,-0.0426,city part,city part," Appeared to slumber in the light .# From Henry 's chapel , Rufus ’ hall ,# To Savoy , Temple , and St. Paul ;# From Knightsbridge , Pancras , Camden Town ,# To Redriffe , Shadwell , Horsleydown ,# No voice was heard , no eye unclosed ,# But all in deepest sleep reposed .# They might have thought , who gazed around",en-32404
en,stead-songsOfPrairie---14,Q2702410,Q11769,from Cape Race to Behring Sea,"Stead, Robert J. C.",1880,1959,Cape Race,46.65873056,-53.07285278,cape,cape,Bering Strait,65.75,-168.976944444444,strait (water),strait (water)," ( There 's a brand - new cowboy hat upon his dome ) .# He has come from home and kindred to the land beyond the sea ,# To the far - famed land of plenty , to the country of the free ,# But he can n't forget he owns it from Cape Race to Behring Sea —# He is coming just as Caesar would to Rome .# When his pile is getting slender he 'll go looking for a job ,# ( And he thinks he ought to get it , do n't - cher - know )",en-32719
en,stephens-reincarnations---11,Q84,Q2090978,From London back to Beltra,"Stephens, James",1882,1950,London,51.507222222222,-0.1275,city,city,Beltra,54.2194,-8.6175,village,village," Inside that ship !# The lusty steps you took !# The ways and journeys you knew how to wend# From London back to Beltra ,# And this end !# You who could swim so well !# What time you sported in the lifting tides",en-32850
en,stoddardJ-poems---20,Q14294,Q584,From the Tagus to the Rhine,"Stoddard, John Lawson",1850,1931,Tagus River,38.8525,-9.0137,river,river,Rhine,47.6662,9.1786,river,river," For their future is as doubtful ,# As their love for him intense ;# By the Nile and on the Danube ,# From the Tagus to the Rhine ,# There is mourning among millions# For the man they deem divine .# Now the sunset glow is fading ,",en-33309
en,stoddardJ-poems---36,Q794,Q17,from Persia to Japan,"Stoddard, John Lawson",1850,1931,Iran,32,53,country,country,Japan,35,136,country,country," Hence , since it seemed so probable that none of us would fight ,# Why should you even hesitate to prove that Might makes Right ?# And yet perhaps it had been well , before you formed your plan ,# To study Asia 's history from Persia to Japan ;# For though the sleeping Orient , like grain before the blast ,# May bow its head , it rights itself when once the storm is past .# How often has the Occident invaded our domains",en-33325
en,stoddardJ-poems---36,Q5684,Q79,from Babylon to Egypt,"Stoddard, John Lawson",1850,1931,Babylon,32.5425,44.4211111111111,ancient city,ancient city,Egypt,27,29,country,country," Seems India exceptional ? Fools , judge not by a day !# The horologe of centuries moves slowly in Cathay .# The brilliant son of Macedon saw , crushed and pale with fear ,# The vanquished East from Babylon to Egypt and Cashmere ;# But though the conquered Orient lay helpless , as his slave ,# Of Alexander 's influence how much survived his grave ?# Of Rome 's prodigious armaments , to Asian conquests led ,",en-33325
en,stoddardJ-poems---36,Q1490,Q1854,from Tokyo to Saigon,"Stoddard, John Lawson",1850,1931,Tokyo,35.6894444444444,139.691666666667,city,city,Ho Chi Minh City,10.7755555555556,106.701944444444,city,city," While round the world our influence through you has slowly crept .# The coming century 's great deeds lie not at Europe 's doors ;# A grander stage awaits mankind ,— the vast Pacific 's shores ;# And we not only skirt that sea from Tokyo to Saigon ,# Our coastline fronts the western world from Syria to Ceylon !# Again shall we supply to you the part of life you need ;# Again your slaves of strenuous toil shall live at slower speed ;",en-33325
en,stoddardJ-poems---36,Q858,Q854,from Syria to Ceylon,"Stoddard, John Lawson",1850,1931,Syria,35.216667,38.583333,country,country,Sri Lanka,7,81,country,country," The coming century 's great deeds lie not at Europe 's doors ;# A grander stage awaits mankind ,— the vast Pacific 's shores ;# And we not only skirt that sea from Tokyo to Saigon ,# Our coastline fronts the western world from Syria to Ceylon !# Again shall we supply to you the part of life you need ;# Again your slaves of strenuous toil shall live at slower speed ;# Once more , as pilgrims to a shrine , your chiefs shall come to me ,",en-33325
en,stuart-gobolinks---9,Q130978,Q215646,From Yucatan to Yeddo,"Paine, Albert Bigelow",1861,1937,Yucatan Peninsula,19.5511111111111,-89.2963888888889,region,land,Edo,35.6838888888889,139.774444444444,city,city," On wings of purple , brown , and gold# He drifts across the meadow .# His harmless flight you may behold# From Yucatan to Yeddo .",en-33512
en,stuart-songsOfSilent---44,Q90,Q667205,from Paris ; We sent to Worth,"Phelps, Elizabeth Stuart",1844,1911,Paris,48.8566666666667,2.35222222222222,city,city,Worth,53.4675,10.411111111111,village,village," Aged five ;# “ I ‘ ve tumbled up my over -dress ,# Sure as I ‘ m alive !# My dress came from Paris ;# We sent to Worth for it ;# Mother says she calls it# Such a fit ! ”# Quick there piped another",en-33639
en,swift-poems---42,Q41,Q23666,from Greece to Britain,"Swift, Jonathan",1667,1745,Greece,38.5,23,country,country,Great Britain,53.833333333333,-2.4166666666667,country,country," That mix'd with Acheloüs spring ,# The horned flood , as poets sing ,# Who , with an English beauty smitten ,# Ran under ground from Greece to Britain ;# The genial virtue with him brought ,# And gave the nymph a plenteous draught ;# Then fled , and left his horn behind ,",en-33736
en,swift-poems---105,Q1761,Q84,From Dublin soon to London,"Swift, Jonathan",1667,1745,Dublin,53.3497222222222,-6.26027777777778,city,city,London,51.507222222222,-0.1275,city,city," He might have lived these twenty years ;# For , when we open'd him , we found ,# That all his vital parts were sound . ”# From Dublin soon to London spread ,# ‘ Tis told at court ,“ the Dean is dead . ”# Kind Lady Suffolk , in the spleen ,# Runs laughing up to tell the queen .",en-33798
en,swinburne-atalanta---1,Q12898802,Q750313,From Arcadia to Calydon,"Swinburne, Algernon Charles",1837,1909,Arcadia,37.6,22.2,region,historic region,Calydon,38.372548,21.533275,ancient city,ancient city," Unsandaled , unshod ,# Overbold , overfleet ,# I had swum not nor trod# From Arcadia to Calydon northward , a blast of the envy of God .# Unto each man his fate ;# Unto each as he saith# In whose fingers the weight",en-33879
en,swinburne-studiesInSongs---2,Q690347,Q79,From radiant Calpe to revealed Masar,"Swinburne, Algernon Charles",1837,1909,Rock of Gibraltar,36.125833333333,-5.3430555555556,default,rock,Egypt,27,29,country,country," But winged and edged as elder warriors ’ are ;# Then rose a light that showed# Across the midsea road# From radiant Calpe to revealed Masar# The way of war and love and fate# Between the goals of fear and fortune , hope and hate .# Mine own twice banished fathers ’ harbour - land ,",en-34389
en,swinburne-studiesInSongs---2,Q130135,Q668,From utmost Atlas even to extremest Ind,"Swinburne, Algernon Charles",1837,1909,Atlas Mountains,31.0619444444444,-7.91611111111111,mountain,mountain,India,22.8,83,country,country," Leaps to the lifting breeze that bids it leap ,# Large - hearted , and its thickening mane be thinned# By the strong god 's breath moving on the deep# From utmost Atlas even to extremest Ind# That shakes the plain where no men sow nor reap ,# So , moved with wrath toward men that ruled and sinned# And pity toward all tears he saw men weep ,",en-34389
en,thackeray-ballads---63,Q648,Q12892,from Lille . To Antwerp,"Thackeray, William Makepeace",1811,1863,Lille,50.631944444444,3.0575,city,city,Antwerp,51.2211111111111,4.39972222222222,city,city," I never thought my twenty pounds# Some rascal knave would dare to steal ;# I gayly passed the Belgic bounds# At Quiévrain , twenty miles from Lille .# To Antwerp town I hasten'd post ,# And as I took my evening meal# I felt my pouch , — my purse was lost ,# O Heaven ! Why came I not by Lille ?",en-35110
en,thomas-latePoems---68,Q79848,Q1425428,From Southampton to Newcastle,"Thomas, Edward",1878,1917,Southampton,50.9066666666667,-1.40444444444444,city,city,Newcastle upon Tyne,54.977777777778,-1.6133333333333,city,city," His mind was running on the work he had done# Since he left Christchurch in the New Forest , one# Spring in the ‘ seventies ,— navvying on dock and line# From Southampton to Newcastle - on - Tyne ,—# In ‘ seventy - four a year of soldiering# With the Berkshires ,— hoeing and harvesting# In half the shires where corn and couch will grow .",en-35285
en,thomas-poems---33,Q134672,Q39121,from Exeter to Leeds,"Thomas, Edward",1878,1917,Exeter,50.7255555555556,-3.52694444444444,city,city,Leeds,53.7975,-1.54361111111111,city,city," The rose campion Bridget - in - her - bravery ;# And in a tender mood he , as I guess ,# Christened one flower Love - in - idleness ,# And while he walked from Exeter to Leeds# One April called all cuckoo - flowers Milkmaids .# From him old herbal Gerard learnt , as a boy ,# To name wild clematis the Traveller 's - joy .",en-35320
en,whitman-leavesOfGrass---73,Q134514,Q83318,from Suez to Bab- el - mandeb,"Whitman, Walt",1819,1892,Suez,29.966666666667,32.533333333333,city,city,Bab-el-Mandeb,12.583333333333,43.333333333333,strait (water),strait (water)," You other Jews waiting in all lands for your Messiah !# You thoughtful Armenian pondering by some stream of the Euphrates ! you peering amid the ruins of Nineveh ! you ascending mount Ararat !# You foot - worn pilgrim welcoming the far - away sparkle of the minarets of Mecca !# You sheiks along the stretch from Suez to Bab- el - mandeb ruling your families and tribes !# You olive - grower tending your fruit on fields of Nazareth , Damascus , or lake Tiberias !# You Thibet trader on the wide inland or bargaining in the shops of Lassa !# You Japanese man or woman ! you liver in Madagascar , Ceylon , Sumatra , Borneo !",en-36749
en,whitman-leavesOfGrass---81,Q4558,Q1544388,From the Cascade range to the Wahsatch,"Whitman, Walt",1819,1892,Cascade Range,46.8505,-121.76,mountain,mountain,Wasatch Range,39.821388888889,-111.75972222222,mountain,mountain," Such words combined from the redwood - tree , as of voices ecstatic , ancient and rustling ,# The century - lasting , unseen dryads , singing , withdrawing ,# All their recesses of forests and mountains leaving ,# From the Cascade range to the Wahsatch , or Idaho far , or Utah ,# To the deities of the modern henceforth yielding ,# The chorus and indications , the vistas of coming humanity , the settlements , features all ,# In the Mendocino woods I caught .",en-36757
en,whitman-leavesOfGrass---81,Q604141,Q1261,from Puget sound to Colorado,"Whitman, Walt",1819,1892,Puget Sound,47.8331,-122.435,bay,bay,Colorado,39,-105.5,region,region," In the Mendocino woods I caught .# The flashing and golden pageant of California ,# The sudden and gorgeous drama , the sunny and ample lands ,# The long and varied stretch from Puget sound to Colorado south ,# Lands bathed in sweeter , rarer , healthier air , valleys and mountain cliffs ,# The fields of Nature long prepared and fallow , the silent , cyclic chemistry ,# The slow and steady ages plodding , the unoccupied surface ripening , the rich ores forming beneath ;",en-36757
en,whitney-elias---5,Q5089,Q13712,From Ganges on to Tiber,"Whitney, Orson Ferguson",1855,1931,Ganges,30.1451,78.5974,river,river,Tiber,41.740555555556,12.233333333333,river,river," From Scythian snows to hot Hamitic sands ,# From Ganges on to Tiber and the Thames .# Where goeth forth , unwittingly the tool# Of Truth Eterne , a pathway to prepare ,# The law and legion of imperial Rome ,",en-37021
en,whittier-antislavery1---6,Q230,Q724,from Georgia to Maine,"Whittier, John Greenleaf",1807,1892,Georgia,42,44,country,country,Maine,45.5,-69,region,region," How blithely she rides to the hunting of men !# Oh , goodly and grand is our hunting to see ,# In this “ land of the brave and this home of the free . ”# Priest , warrior , and statesman , from Georgia to Maine ,# All mounting the saddle , all grasping the rein ;# Right merrily hunting the black man , whose sin# Is the curl of his hair and the hue of his skin !",en-37287
en,whittier-antislavery1---12,Q1393,Q5492,From the Delaware 's marge to the Lake of the West,"Whittier, John Greenleaf",1807,1892,Delaware,39,-75.5,region,region,Lake Erie,42.25,-80.9997222222222,lake,lake," No , never ! one voice , like the sound in the cloud ,# When the roar of the storm waxes loud and more loud ,# Wherever the foot of the freeman hath pressed# From the Delaware 's marge to the Lake of the West ,# On the South - going breezes shall deepen and grow# Till the land it sweeps over shall tremble below !# The voice of a people , uprisen , awake ,",en-37293
en,whittier-antislavery1---16,Q179444,Q596106,From broad Potomac to the far Sabine,"Whittier, John Greenleaf",1807,1892,Potomac River,38,-76.335,river,river,Sabine River,29.9855,-93.7904,river,river," And when that truth its perfect work hath done ,# And rich with blessings o'er our land hath gone ;# When not a slave beneath his yoke shall pine ,# From broad Potomac to the far Sabine# When unto angel lips at last is given# The silver trump of Jubilee in Heaven ;# And from Virginia 's plains , Kentucky's shades ,",en-37297
en,whittier-antislavery1---17,Q3140,Q686021,From Hudson 's frowning palisades To Alleghany's,"Whittier, John Greenleaf",1807,1892,Hudson River,40.6001,-74.042,river,river,Allegheny River,40.4433333333333,-80.014444444444507,river,river," The strengthening light of freedom shines ,# Rhode Island 's Narragansett Bay ,# And Vermont 's snow - hung pines !# From Hudson 's frowning palisades# To Alleghany's laurelled crest ,# O'er lakes and prairies , streams and glades ,# It shines upon the West .# Speed on the light to those who dwell",en-37298
en,whittier-antislavery1---20,Q326295,Q49149,from Plymouth's rocky bound To where Nantucket,"Whittier, John Greenleaf",1807,1892,Plymouth,41.9586111111111,-70.6677777777778,city,city,Nantucket,41.276756,-70.090889,island,island," And up from bench and loom and wheel her young mechanics sprang !# The voice of free , broad Middlesex , of thousands as of one ,# The shaft of Bunker calling to that of Lexington ;# From Norfolk 's ancient villages , from Plymouth's rocky bound# To where Nantucket feels the arms of ocean close her round ;# From rich and rural Worcester , where through the calm repose# Of cultured vales and fringing woods the gentle Nashua flows ,# To where Wachuset 's wintry blasts the mountain larches stir ,",en-37301
en,whittier-antislavery2---20,Q129705,Q838143,"From slumberous Timpanogos , to Gila","Whittier, John Greenleaf",1807,1892,Mount Timpanogos,40.390836111111,-111.64594444444,mountain,mountain,Gila River,32.7205,-114.5575,river,river," The circles of our empire touch the western ocean 's strand ;# From slumberous Timpanogos , to Gila , wild and free ,# Flowing down from Nuevo - Leon to California 's sea ;# And from the mountains of the east , to Santa Rosa 's shore ,# The eagles of Mexitli shall beat the air no more .",en-37322
en,whittier-antislavery2---20,Q15282,Q99,from Nuevo - Leon to California,"Whittier, John Greenleaf",1807,1892,Nuevo León,25.566666666667,-99.970555555556,region,region,California,37,-120,region,region," The circles of our empire touch the western ocean 's strand ;# From slumberous Timpanogos , to Gila , wild and free ,# Flowing down from Nuevo - Leon to California 's sea ;# And from the mountains of the east , to Santa Rosa 's shore ,# The eagles of Mexitli shall beat the air no more .# O Vale of Rio Bravo ! Let thy simple children weep ;",en-37322
en,whittier-mountainPictures---14,Q4736866,Q34903434,From Alton Bay to Sandwich Dome,"Whittier, John Greenleaf",1807,1892,Alton Bay,43.47,-71.234166666667,city,city,Sandwich Dome,43.90063,-71.49813,mountain,mountain,"From Alton Bay to Sandwich Dome ,# From Mad to Saco river ,# For patriarchs of the primal wood# We sought with vain endeavor .",en-37381
en,whittier-mountainPictures---14,Q6726033,Q2210898,From Mad to Saco river,"Whittier, John Greenleaf",1807,1892,Mad River,43.3873,-71.0673,river,river,Saco River,43.4611,-70.3769,river,river," From Mad to Saco river ,# For patriarchs of the primal wood# We sought with vain endeavor .# And then we said : “ The giants old",en-37381
en,whittier-occasionalPoems---21,Q894570,Q16952948,from Neck to Boston Stone,"Whittier, John Greenleaf",1807,1892,Boston Neck,42.34394444,-71.06597222,region,land,Boston Stone,42.36185,-71.0567,default,point," Shall not wealth be staked for thine ?# Woe to thee , when men shall search# Vainly for the Old South Church ;# When from Neck to Boston Stone ,# All thy pride of place is gone ;# When from Bay and railroad car ,# Stretched before them wide and far ,",en-37569
en,whittier-songsOfLabor---7,Q233,Q220,From Malta 's temples to the gates of Rome,"Whittier, John Greenleaf",1807,1892,Malta,35.8833333333333,14.5,country,country,Rome,41.893055555556,12.482777777778,city,city," And Stamboul from the sea# Lifts her tall minarets over burial - grounds# Black with the cypress - tree .# From Malta 's temples to the gates of Rome ,# Following the track of Paul ,# And where the Alps gird round the Switzer 's home# Their vast , eternal wall ;",en-37986
en,whittier-songsOfLabor---13,Q13712,Q1653,From Tiber 's hills to Danube,"Whittier, John Greenleaf",1807,1892,Tiber,41.740555555556,12.233333333333,river,river,Danube,48.0951111111111,8.15488888888889,river,river, From Tiber 's hills to Danube 's plains ! ”# So say her kings and priests ; so say# The lying prophets of our day .# Go lay to earth a listening ear ;,en-37992
en,wilde-ballad1---99,Q23666,Q34589,From Britain 's isles to far Euphrates,"Wilde, Oscar",1854,1900,Great Britain,53.833333333333,-2.4166666666667,country,country,Euphrates,31.0043,47.442,river,river," Two thousand years have passed since thou didst see# Caesar ride forth to royal victory .# Mighty thy name when Rome 's lean eagles flew# From Britain 's isles to far Euphrates blue ;# And of the peoples thou wast noble queen ,# Till in thy streets the Goth and Hun were seen .# Discrowned by man , deserted by the sea ,",en-39270
en,wilkinson-epicOfPaul---7,Q185318,Q45829,From Carmel round to Ptolemais,"Wilkinson, William Cleaver",1833,1920,Mount Carmel,32.72062,35.03145,mountain,mountain,Ptolemais,32.706947370528,20.9529202521255,ancient city,ancient city," A halo from the childhood of the Lord .# From horn to horn across a crescent bay ,# Embosomed by its arc of shore that curved# From Carmel round to Ptolemais north ,# Faring , they could , well inland gazing , catch# A glimpse that vanished of the shapely cone# Of Tabor soaring in his Syrian blue .",en-39336
en,wilkinson-epicOfPaul---12,Q858,Q220,from Syria to Rome,"Wilkinson, William Cleaver",1833,1920,Syria,35.216667,38.583333,country,country,Rome,41.893055555556,12.482777777778,city,city," Instead had plotted and led on in guile# Against these gentle people to their woe .# Last , and but late , during this selfsame voyage# Of theirs from Syria to Rome , on board# That other vessel whence they came to us ,# He sought , with midnight bribe and treachery ,# To compass violent death for Paul , a man ,",en-39341
en,wilkinson-epicOfPaul---21,Q79,Q38,From Egypt to the shores of Italy,"Wilkinson, William Cleaver",1833,1920,Egypt,27,29,country,country,Italy,42.5,12.5,country,country, By stress of weather hindered in her way# From Egypt to the shores of Italy —# Refitted now was ready to pursue# Her destined voyage to Puteoli .# The master 's thought had been to put to sea,en-39350
en,wilkinson-epicOfSaul---3,Q134287,Q1218,from Tarsus to Jerusalem,"Wilkinson, William Cleaver",1833,1920,Tarsus,36.916666666667,34.9,city,city,Jerusalem,31.7788888888889,35.2255555555556,city,city," Declared , he yet in private , of that strife ,# Still future , everywhere to speak abstained ,# Abiding even unto his sister dumb .# Rachel from Tarsus to Jerusalem# Had borne her brother company , her heart# One heart with his to cheer him toward the goal# Of his high purpose , which she knew , to be",en-39355
en,wilson-santaFe---1,Q2817296,Q65089632,From Fort Dodge to San Miguel,"Wilson, Joseph Robert",1866,NA,Fort Dodge,37.7306,-99.9347,castle/fort,fort,San Miguel del Vado,35.364,-105.451,city,city," With the hot sun beating down# On whitened bones a bleaching .# Stretching all along the trail ,# From Fort Dodge to San Miguel ,# From caravans forgotten ,# Where none lived to tell the tale .# Oh ! the tide of misery ,",en-39530
en,wordsworth-works2---48,Q142,Q21,From France to sheltering England,"Wordsworth, William",1770,1850,France,47,2,country,country,England,53,-1,country,country," “ Oh ! how I love thee ! — we will stay# Together here this one half day .# My sister 's child , who bears my name ,# From France to sheltering England came ;# She with her mother crossed the sea ;# The babe and mother near me dwell :# Yet does my yearning heart to thee",en-39947
en,wordsworth-works4---42,Q503262,Q216373,from Tweed to Tyne,"Wordsworth, William",1770,1850,River Tweed,55.764164,-1.986574,river,river,River Tyne,55.0119,-1.4158,river,river," And Durham , the time - honoured Durham , did hear ,# And the towers of Saint Cuthbert were stirred by the shout !# Now was the North in arms :— they shine# In warlike trim from Tweed to Tyne ,# At Percy's voice : and Neville sees# His Followers gathering in from Tees ,# From Were , and all the little rills",en-40083
en,wordsworth-works7---31,Q19686,Q216373,from Thames to Tyne,"Wordsworth, William",1770,1850,River Thames,51.6944444444444,-2.02972222222222,river,river,River Tyne,55.0119,-1.4158,river,river," But of the lights that cherish household cares# And festive gladness , burns not one that dares# To twinkle after that dull stroke of thine ,# Emblem and instrument , from Thames to Tyne ,# Of force that daunts , and cunning that ensnares !# Yet as the terrors of the lordly bell ,# That quench , from hut to palace , lamps and fires ,",en-40160
fr,ANG4,Q2634,Q133274,De Naples à le Kremlin,"ANGOT, Albert",1865,NA,Naples,40.833333333333,14.25,city,city,Moscow Kremlin,55.7516666666667,37.6177777777778,city part,city part," « Vous évoquiez de le sein de les vieilles pyramides# « Les siècles de le vieil univers .# « Ce n’ était point pour moi que votre humeur guerrière# « De Naples à le Kremlin promenait l’ aigle fière# « Avec Lannes et Masséna ;# « Ce n’ était point pour voir cette affreuse mêlée# « Qui souille de Sedan la fatale vallée ,",fr-112
fr,ANO34,Q90,Q5089,de Paris jusqu' à le Gange,[anonymous],NA,NA,Paris,48.8566666666667,2.35222222222222,city,city,Ganges,30.1451,78.5974,river,river," Voloit de Paris jusqu' à le Gange ,# Est plus déchu que l'on ne dit .# Il s' endette de le pain qu' il mange ;# Et Catin , pour gagner de quoi",fr-158
fr,ARV12,Q13498,Q641,De Tarente à Venise,"ARVERS, Félix",1806,1850,Taranto,40.4711111111111,17.2430555555556,city,city,Venice,45.439722222222,12.331944444444,city,city," Pour l' éternité de l' enfer !# O vous , bandits , larrons d' Italie ou d' Espagne ,# Hôtes dés grands chemins , qui courez la campagne# De Tarente à Venise , et de Rome à le Simplon ;# Et vous , concitoyens , voleurs de ma patrie .# Qui , les cheveux rasés et l' épaule flétrie .# Ramiez dans Brest ou dans Toulon !",fr-318
fr,ARV12,Q220,Q69194,de Rome à le Simplon,"ARVERS, Félix",1806,1850,Rome,41.893055555556,12.482777777778,city,city,Simplon,46.2,8.05,city,city," Pour l' éternité de l' enfer !# O vous , bandits , larrons d' Italie ou d' Espagne ,# Hôtes dés grands chemins , qui courez la campagne# De Tarente à Venise , et de Rome à le Simplon ;# Et vous , concitoyens , voleurs de ma patrie .# Qui , les cheveux rasés et l' épaule flétrie .# Ramiez dans Brest ou dans Toulon !",fr-318
fr,ARV14,Q159987,Q13522657,De l' Artois jusqu' à le Roussillon,"ARVERS, Félix",1806,1850,Artois,50.5,2.5,region,region,Roussillon,42.5,2.75,region,region," « Les astres ont parlé : qui sait entendre , entende !# Ils ont nommé ce vieux Gaspard de Châtillon :# Ils veulent qu' en un jour ma vengeance s' étende# De l' Artois jusqu' à le Roussillon .# Les pieux défenseurs de la foi chancelante# D' une guerre déjà trop lente# Ont assez couru les hasards :",fr-320
fr,BAN20,Q27,Q48,de l' Irlande à l' Asie,"BANVILLE, Théodore",1823,1891,Republic of Ireland,53,-8,country,country,Asia,43.6811111111111,87.3311111111111,continent,continent," S' illuminait de neige et d' iris prismatiques ,# Et , comme la lumière , un doux parfum éclos# Semblait briller de même et rayonner à flots .# Chaque climat lointain , de l' Irlande à l' Asie ,# Avait donné son luxe ou bien sa fantaisie :# Qui ses surtouts d' argent , qui son oiseau vermeil ,# Qui ses fruits veloutés à le baiser de le soleil .",fr-360
fr,BAN34,Q229,Q207239,de les flots vint de Cypre à Cythère,"BANVILLE, Théodore",1823,1891,Cyprus,35,33,country,country,Kythira,36.2575,22.9975,island,island," Sur l' épaule de les flots vint de Cypre à Cythère ,# Et que ses pieds polis , en caressant la terre ,# À chacun de ses pas laissèrent un trésor .# L' oiseau vermeil , qui chante en prenant son essor ,",fr-374
fr,BAN120,Q233733,Q207239,De Ferney jusqu' à Cythère,"BANVILLE, Théodore",1823,1891,Ferney-Voltaire,46.255833333333,6.1080555555556,city,city,Kythira,36.2575,22.9975,island,island," Qui veut , dans son monastère ,# Jeter Pindare à l' égout ?# Un tout petit pamphlétaire .# De Ferney jusqu' à Cythère ,# On rit de voir jusqu' à le bout# Un tout petit pamphlétaire",fr-464
fr,BAN138,Q56761602,Q1141295,de Leuctres à Thespies,"BANVILLE, Théodore",1823,1891,Leuctra,38.2567,23.1717,village,village,Thespiae,38.2935,23.1549,ancient city,ancient city," Sur le chemin qui va de Leuctres à Thespies ,# Un antre affreux s' ouvrait , sinistre , horrible à voir .# De les buissons monstrueux tombaient de son flanc noir# Hérissés et touffus comme une chevelure ,",fr-482
fr,BAN169,Q235297,Q6593,de Tréguier jusqu' à Vannes,"BANVILLE, Théodore",1823,1891,Tréguier,48.785,-3.2325,village,village,Vannes,47.655,-2.7616666666667,city,city," Sur la lande où sont les fleurs d' or .# Heureux qui resta pur en ces âges profanes !# Longtemps les jeunes paysannes# Répéteront tes vers , de Tréguier jusqu' à Vannes !# Ton poëme , génie ailé ,# Volera sur le Scorf et sur le doux Éllé ,# À les voix de leurs brises mêlé .",fr-513
fr,BAN537,Q41183,Q956,"d' Alep et d' Ispahan , À le Chinois que Pékin","BANVILLE, Théodore",1823,1891,Aleppo,36.2,37.16,city,city,Beijing,39.90403,116.407526,city,city," Bref , à tous les autres aussi .# À le Russe , à le Valaque , à le Persan ,# À le Lapon courbé dans sa hutte ,# À les gens d' Alep et d' Ispahan ,# À le Chinois que Pékin députe ,# À le Tova peint en gomme-gutte ,# À le Montmartrois , de froid transi ,# Qui demeure sur une butte ,",fr-877
fr,BAN537,Q1367759,Q956,"d' Alep et d' Ispahan , À le Chinois que Pékin","BANVILLE, Théodore",1823,1891,Isfahan Province,32.6577,51.6692,region,region,Beijing,39.90403,116.407526,city,city," Bref , à tous les autres aussi .# À le Russe , à le Valaque , à le Persan ,# À le Lapon courbé dans sa hutte ,# À les gens d' Alep et d' Ispahan ,# À le Chinois que Pékin députe ,# À le Tova peint en gomme-gutte ,# À le Montmartrois , de froid transi ,# Qui demeure sur une butte ,",fr-877
fr,BAN551,Q19686,Q10965,De la Tamise jusqu' à l' Èbre,"BANVILLE, Théodore",1823,1891,River Thames,51.6944444444444,-2.02972222222222,river,river,Ebro,40.728527124206,0.86929321289062,river,river," Je chanterai , car c' est mon plan ,# Le Petit-Crevé , dont j' accorde# La découverte à Roqueplan .# De la Tamise jusqu' à l' Èbre ,# On voit bâiller son pâle Ennui :# Comme crevé , l' Œil que célèbre# Hervé — n' est rien auprès de lui .",fr-891
fr,BAN645,Q845909,Q325946,"de la Scythie Fort connu , comme à Landerneau","BANVILLE, Théodore",1823,1891,Scythia,44.94278,34.12056,region,historic region,Landerneau,48.450833333333,-4.2494444444444,city,city," Mon maître , à le fond de la Scythie# Fort connu , comme à Landerneau ,# Aimait l' araignée et l' ortie .# Et pourquoi ? Parce qu' on les hait .# Pour moi , j' aime , épris de chimères ,",fr-984
fr,BEA6,Q9427,Q259203,"De Tombouctou , jusqu’ à le Raincy","BEAUCLAIR, Henri",1860,1919,Timbuktu,16.773333055556,-2.9994438888889,city,city,Le Raincy,48.899166666667,2.5230555555556,city,city," Ne sut point garder sa parole .# Il en sera toujours ainsi ,# Tant que le monde sera monde .# De Tombouctou , jusqu’ à le Raincy ,# Il en sera toujours ainsi .# Tant que Cupidon , beau prince , y# Piquera la brune et la blonde !",fr-1459
fr,BOI9,Q90,Q419,De Paris à le Pérou,"BOILEAU-DESPRÉAUX, Nicolas",1636,1711,Paris,48.8566666666667,2.35222222222222,city,city,Peru,-9.4,-76,country,country," Qui marchent sur la terre , ou nagent dans la mer ,# De Paris à le Pérou , de le Japon jusqu' à Rome ,# Le plus sot animal , à mon avis , c' est l' homme .# « Quoi ? dira -t-on d' abord , un ver , une fourmi ,# Un insecte rampant qui ne vit qu' à demi ,",fr-1722
fr,BOI9,Q17,Q220,de le Japon jusqu' à Rome,"BOILEAU-DESPRÉAUX, Nicolas",1636,1711,Japan,35,136,country,country,Rome,41.893055555556,12.482777777778,city,city," Qui marchent sur la terre , ou nagent dans la mer ,# De Paris à le Pérou , de le Japon jusqu' à Rome ,# Le plus sot animal , à mon avis , c' est l' homme .# « Quoi ? dira -t-on d' abord , un ver , une fourmi ,# Un insecte rampant qui ne vit qu' à demi ,",fr-1722
fr,BOI22,Q10965,Q5089,de l' Èbre jusqu' à le Gange,"BOILEAU-DESPRÉAUX, Nicolas",1636,1711,Ebro,40.728527124206,0.86929321289062,river,river,Ganges,30.1451,78.5974,river,river," Seignelay , c' est en vain qu' un ridicule auteur ,# Prêt à porter ton nom de l' Èbre jusqu' à le Gange ,# Croit te prendre à les filets d' une sotte louange ;# Aussitôt ton esprit , prompt à se révolter ,# S' échappe , et rompt le piège où l'on veut l' arrêter .",fr-1735
fr,BOI36,Q208267,Q12631,"De leur enceinte fameuse La Sambre , unie à la Meuse","BOILEAU-DESPRÉAUX, Nicolas",1636,1711,Sambre,50.4619,4.8708,river,river,Meuse,48.965555555556,5.3777777777778,region,region," Qui sur ces rocs sourcilleux ,# Ont , compagnons de fortune ,# Bâti ces murs orgueilleux ?# De leur enceinte fameuse# La Sambre , unie à la Meuse ,# Défend le fatal abord ;# Et par cent bouches horribles ,# L' airain sur ces monts terribles",fr-1749
fr,BOI36,Q171009,Q90,"de la Drave soumise , Jusqu' à Paris","BOILEAU-DESPRÉAUX, Nicolas",1636,1711,Drava,45.543888888889,18.926666666667,river,river,Paris,48.8566666666667,2.35222222222222,city,city," Où sont ces chefs pleins d' audace ,# Jadis si prompts à marcher ,# Qui devaient , de la Tamise ,# Et de la Drave soumise ,# Jusqu' à Paris nous chercher ?# Cependant , l' effroi redouble# Sur les remparts de Namur ;# Son gouverneur , qui se trouble ,",fr-1749
fr,BOI60,Q90,Q1353,De Paris à Delhi,"BOILEAU-DESPRÉAUX, Nicolas",1636,1711,Paris,48.8566666666667,2.35222222222222,city,city,Delhi,28.666666666667,77.216666666667,city,city,"De Paris à Delhi , de le couchant à l' aurore ,# Ce fameux voyageur courut plus d' une fois ;# De l' Inde et de l' Hydaspe il fréquenta les rois ;# Et sur les bords de le Gange on le révère encore .",fr-1773
fr,BOU1,Q1548355,Q34925,De le quartier de Suburre à le mont Capitolin,"BOUILHET, Louis",1821,1869,Suburra,41.896667,12.496667,city part,city part,Capitoline Hill,41.893333333333,12.483055555556,city part,city part," De le quartier de Suburre à le mont Capitolin ,# Le cothurne à la grecque et la toge de lin ,# Le plus beau fut Paulus ; c' est ainsi que se nomme# Le héros de ces vers , et je vous dirai comme",fr-1850
fr,BOU1,Q1548355,Q34925,de Suburre à le mont Capitolin,"BOUILHET, Louis",1821,1869,Suburra,41.896667,12.496667,city part,city part,Capitoline Hill,41.893333333333,12.483055555556,city part,city part," De le quartier de Suburre à le mont Capitolin ,# Le cothurne à la grecque et la toge de lin ,# Le plus beau fut Paulus ; c' est ainsi que se nomme# Le héros de ces vers , et je vous dirai comme",fr-1850
fr,BRB40,Q84,Q17,de Londre à le Japon,"BARBIER, Auguste",1805,1882,London,51.507222222222,-0.1275,city,city,Japan,35,136,country,country," Mais une autre femelle à le visage éhonté ,# Un enfant de l' orgueil , l' ardente vanité ,# Ce monstre qui chez nous sous mille formes brille ,# Et de Londre à le Japon pousse mainte famille# À sans cesse lutter de luxe et de splendeur ,# À le prix de la fortune et souvent de l' honneur .# Ah ! Par elle mon père a vu son opulence",fr-2010
fr,BRI11,Q235297,Q6593,de Tréguier jusqu' à Vannes,"BRIZEUX, Auguste",1803,1858,Tréguier,48.785,-3.2325,village,village,Vannes,47.655,-2.7616666666667,city,city," Ravi sa dure écorce à plus d' un houx sauvage ,# Et sur les chênes verts , de rameaux en rameaux ,# Visité dans leurs nids les petits de les oiseaux .# En Armorique enfin , de Tréguier jusqu' à Vannes ,# Il est dans nos cantons de jeunes paysannes ,# Habitantes de les bois ou bien de le bord de les mers ,# Toutes belles ; leurs dents sont blanches , leurs yeux clairs ;",fr-2047
fr,BRI25,Q202368,Q235382,de Morlaix et deux à Kemperlé,"BRIZEUX, Auguste",1803,1858,Morlaix,48.5775,-3.8277777777778,city,city,Quimperlé,47.872777777778,-3.5497222222222,city,city," Elles venaient souvent me voir à le presbytère :# Le nom qu' elles portaient alors , je dois le taire ,# Toutes trois aujourd'hui marchent le front voilé ,# Une près de Morlaix et deux à Kemperlé ;# Mais je sais qu' en leur cloître elles me sont fidèles ,# Elles ont prié Dieu pour moi qui parle d' elles .# Chez mon ancien curé , l' été , d' un lieu voisin ,",fr-2061
fr,BRI26,Q71661,Q235382,De Lo'- Christ à Kemperlé,"BRIZEUX, Auguste",1803,1858,Inzinzac-Lochrist,47.843611111111,-3.2669444444444,village,village,Quimperlé,47.872777777778,-3.5497222222222,city,city," Lorsqu' elle entra , blonde enfant ,# À le couvent .# Non ! Dans toute la Cornouaille ,# De Lo'- Christ à Kemperlé# Sur l' Ellé ,# Il n' est œil noir qui la vaille ,# Cœur plus aimant que le sien ,",fr-2062
fr,BRI89,Q913286,Q82670,"de le Mugnoné , de Florence à Fiésole","BRIZEUX, Auguste",1803,1858,Mugnone,43.790094,11.196478,river,river,Fiesole,43.8,11.3,city,city," Où plane comme un dieu l’ héritier d’ Occismor ,# Durement retombé de les sphères idéales ,# Pourra -t-il respirer encor ?# Le long de le Mugnoné , de Florence à Fiésole# je m’ en vais , attachant mes yeux sur chaque saule ;# Je passe le torrent , sur son lit desséché# Je m’ incline , et sans voir je reste ainsi penché ;",fr-2125
fr,BRI89,Q2044,Q82670,"de le Mugnoné , de Florence à Fiésole","BRIZEUX, Auguste",1803,1858,Florence,43.771388888889,11.254166666667,city,city,Fiesole,43.8,11.3,city,city," Où plane comme un dieu l’ héritier d’ Occismor ,# Durement retombé de les sphères idéales ,# Pourra -t-il respirer encor ?# Le long de le Mugnoné , de Florence à Fiésole# je m’ en vais , attachant mes yeux sur chaque saule ;# Je passe le torrent , sur son lit desséché# Je m’ incline , et sans voir je reste ainsi penché ;",fr-2125
fr,BRI89,Q913286,Q2044,"de le Mugnoné , de Fiésole à Florence","BRIZEUX, Auguste",1803,1858,Mugnone,43.790094,11.196478,river,river,Florence,43.771388888889,11.254166666667,city,city," Me voici dans Fiésole ; et le soir , à le retour ,# Mon cœur qui se souvient s’ emplit encor d’ amour :# Longtemps il reviendra , dans ses jours de souffrance ,# Le long de le Mugnoné , de Fiésole à Florence .# « On revient sans ennui par un si doux chemin ,# Disait le prince , errant sous de les berceaux de roses ;# Et les choses d’ hier plairont encor demain ,",fr-2125
fr,BRI89,Q82670,Q2044,"de le Mugnoné , de Fiésole à Florence","BRIZEUX, Auguste",1803,1858,Fiesole,43.8,11.3,city,city,Florence,43.771388888889,11.254166666667,city,city," Me voici dans Fiésole ; et le soir , à le retour ,# Mon cœur qui se souvient s’ emplit encor d’ amour :# Longtemps il reviendra , dans ses jours de souffrance ,# Le long de le Mugnoné , de Fiésole à Florence .# « On revient sans ennui par un si doux chemin ,# Disait le prince , errant sous de les berceaux de roses ;# Et les choses d’ hier plairont encor demain ,",fr-2125
fr,BRJ55,Q1653,Q40855,De le Danube à le Dniéper,"BARBIER, Jules",1825,1901,Danube,48.0951111111111,8.15488888888889,river,river,Dnieper,46.4964,32.2872,river,river," Menace de tout embraser !# L' Europe voit surgir une race hardie ,# Qui semble prête à l' écraser !# De le Danube à le Dniéper , de la Tamise à le Tibre ,# Courent de les oscillations ;# La chûte de la France emporte l' équilibre# Qui soutenait les nations !",fr-2242
fr,BRJ55,Q19686,Q13712,de la Tamise à le Tibre,"BARBIER, Jules",1825,1901,River Thames,51.6944444444444,-2.02972222222222,river,river,Tiber,41.740555555556,12.233333333333,river,river," Menace de tout embraser !# L' Europe voit surgir une race hardie ,# Qui semble prête à l' écraser !# De le Danube à le Dniéper , de la Tamise à le Tibre ,# Courent de les oscillations ;# La chûte de la France emporte l' équilibre# Qui soutenait les nations !",fr-2242
fr,CAM24,Q1469,Q187843,de la Loire à les Vosges,"CAMP, Aimé",1812,1899,Loire,47.27,-2.1844444444444,river,river,Vosges Mountains,48,7,mountain,mountain," Notre foi , notre amour , c’ est la sainte Patrie ,# Découvrant à nos yeux sa mamelle meurtrie ,# Qui nous a nourris de son lait .# Honte à qui songe à soi , quand de la Loire à les Vosges ,# Nos plus belles cités ne sont plus que de les bauges# Où se vautre le sanglier ;# Quand un royal brigand a son lit dans Versaille ,",fr-2735
fr,CHE78,Q41,Q183150,"de la Grèce , à Colchos","CHÉNIER, André",1762,1794,Greece,38.5,23,country,country,Colchis,42.26666667,42,ancient region,ancient region," L' océan éternel où bouillonne la vie .# Ainsi , quand de l' Euxin la déesse étonnée# Vit de le premier vaisseau son onde sillonnée ,# À les héros de la Grèce , à Colchos appelés ,# Orphée expédiait les mystères sacrés# Dont sa mère immortelle avait daigné l' instruire .# Près de la poupe assis , appuyé sur sa lyre ,",fr-2914
fr,CHE80,Q130135,Q822,De l' Atlas à le Liban,"CHÉNIER, André",1762,1794,Atlas Mountains,31.0619444444444,-7.91611111111111,mountain,mountain,Lebanon,33.833333,35.766667,country,country," Parcoure l' ancien monde et traverse les mers :# Rome antique partout , Rome , Rome immortelle ,# Vit et respire , et tout semble vivre par elle .# De l' Atlas à le Liban , de l' Euphrate à le Bétis ,# De le Tage à le Rhin glacé , de l' Elbe à le Tanaïs ,# Et de les flots de l' Euxin à ceux de l' Hyrcanie ,# Partout elle a gravé le sceau de son génie .",fr-2916
fr,CHE80,Q34589,Q14309,de l' Euphrate à le Bétis,"CHÉNIER, André",1762,1794,Euphrates,31.0043,47.442,river,river,Guadalquivir,36.7913,-6.3567,river,river," Parcoure l' ancien monde et traverse les mers :# Rome antique partout , Rome , Rome immortelle ,# Vit et respire , et tout semble vivre par elle .# De l' Atlas à le Liban , de l' Euphrate à le Bétis ,# De le Tage à le Rhin glacé , de l' Elbe à le Tanaïs ,# Et de les flots de l' Euxin à ceux de l' Hyrcanie ,# Partout elle a gravé le sceau de son génie .",fr-2916
fr,CHE80,Q14309,Q584,"de l' Euphrate à le Bétis , De le Tage à le Rhin","CHÉNIER, André",1762,1794,Guadalquivir,36.7913,-6.3567,river,river,Rhine,47.6662,9.1786,river,river," Parcoure l' ancien monde et traverse les mers :# Rome antique partout , Rome , Rome immortelle ,# Vit et respire , et tout semble vivre par elle .# De l' Atlas à le Liban , de l' Euphrate à le Bétis ,# De le Tage à le Rhin glacé , de l' Elbe à le Tanaïs ,# Et de les flots de l' Euxin à ceux de l' Hyrcanie ,# Partout elle a gravé le sceau de son génie .# Partout de longs chemins , de les temples , de les cités ,",fr-2916
fr,CHE80,Q1644,Q1229,de l' Elbe à le Tanaïs,"CHÉNIER, André",1762,1794,Elbe,50.8875,14.2330555555556,river,river,Don,47.0864,39.2386,river,river," Rome antique partout , Rome , Rome immortelle ,# Vit et respire , et tout semble vivre par elle .# De l' Atlas à le Liban , de l' Euphrate à le Bétis ,# De le Tage à le Rhin glacé , de l' Elbe à le Tanaïs ,# Et de les flots de l' Euxin à ceux de l' Hyrcanie ,# Partout elle a gravé le sceau de son génie .# Partout de longs chemins , de les temples , de les cités ,",fr-2916
fr,CHF7,Q597,Q148,de Lisbonne à la Chine,"CHAMFORT, Sébastien-Roch-Nicolas",1741,1794,Lisbon,38.708042,-9.139016,city,city,People's Republic of China,35.8447222222222,103.451944444444,country,country," Le fléau le plus destructeur .# Quand ce globe a craint sa ruine ,# Quand de les feux voisins de les enfers# Grondaient de Lisbonne à la Chine# Et soulevaient le sein de les mers ,# Les assassinats de la guerre# Désolaient , saccageaient la terre ;",fr-2940
fr,CHF36,Q15682,Q1461,de Cadix à Manille,"CHAMFORT, Sébastien-Roch-Nicolas",1741,1794,Cádiz,36.535,-6.2975,city,city,Manila,14.5958333333333,120.977222222222,city,city," Dont le livret , lu dans chaque famille ,# D’ un jacobin vu , revu , paraphé ,# Va sur les mers , pieuse pacotille ,# Charmer , ravir , de Cadix à Manille ,# Ses heureux saints qui prennent leur café .# Vous conviendrez que maintenant l’ Espagne# Avec honneur peut ouvrir la campagne ,",fr-2968
fr,CRB48,Q195958,Q17812,De Tolose à le Guadalété,"CORBIÈRE, Tristan",1845,1875,Toulouzette,43.755833333333,-0.68611111111111,village,village,Guadalete,36.578888888889,-6.2415361111111,river,river," — Par Saint-Joseph ! Senor , que faites-vous ici ? —# — Mais … pas grand' chose et toi , merci .# — C' est pour votre plaisir ? … — Je damne les alcades# De Tolose à le Guadalété !# — Il est un violon , là-bas sous les arcades …# — ça : n' as-tu jamais arrêté# Musset … musset pour sérénade ?",fr-3482
fr,CRB70,Q6582,Q9427,De Carcassonne à Tombouctou,"CORBIÈRE, Tristan",1845,1875,Carcassonne,43.215833333333,2.3513888888889,castle/fort,castle,Timbuktu,16.773333055556,-2.9994438888889,city,city," Et le mal de le pays me ronge …# De le pays que je n' ai pas vu .# Que les moutons suivent leur route ,# De Carcassonne à Tombouctou …# — Moi , ma route me suit . Sans doute# Elle me suivra n' importe où .# Mon pavillon sur moi frissonne ,",fr-3504
fr,CRO168,Q1479,Q6555,de Bordeaux à Narbonne,"CROS, Charles",1842,1888,Bordeaux,44.837777777778,-0.57944444444444,city,city,Narbonne,43.184722222222,3.0036111111111,city,city,,fr-3703
fr,CRO168,Q1479,Q6555,de le canal de Bordeaux à Narbonne,"CROS, Charles",1842,1888,Bordeaux,44.837777777778,-0.57944444444444,city,city,Narbonne,43.184722222222,3.0036111111111,city,city," Toulouse triomphale héberge l' univers# Sous ses palais de brique et ses peupliers verts .# Et la flûte soupire et la harpe résonne# Sur les bords de le canal de Bordeaux à Narbonne .# Je chante , ô ma Patrie , en de les vers doux et lents ,# La ceinture d' azur attachée à tes flancs .# De l' Océan , voici venir en sens inverse",fr-3703
fr,DAN13,Q10305,Q162615,De Saragosse à Carthagène,"DANTIN, Louis",1865,1945,Zaragoza,41.65,-0.88333333333333,region,region,Cartagena,37.6,-0.98194444444444,city,city," Guère# À le sol indolent où Madrid# Rit .# De Saragosse à Carthagène# Gêne !# Pour le troupier , pour le marin ,# Rien !",fr-3717
fr,DAU19,Q1851236,Q330564,de le Temple à la Madeleine,"DAUDET, Alphonse",1840,1897,Boulevard du Temple,48.863288888889,2.3665083333333,city part,city part,La Madeleine,48.87,2.32444444444444,city part,city part," Le rire à les dents , l’ amour à les lèvres .# Ce jour -là , jour inusité .# Il faisait un vrai temps d’ été ,# Et de le Temple à la Madeleine# La vieille Lutèce était pleine# De soleil et d’ activité .# Ce fut Sarah qui , la première ,",fr-3754
fr,DLP26,Q1471,Q1469,de la Seine à la Loire,"DELPIT, Albert",1849,1893,Seine,49.434722222222,0.1175,river,river,Loire,47.27,-2.1844444444444,river,river," Que pour sentir qu' il doit être suivi par d' autres !# Paris doit imiter Orléans : il le faut !# Le premier pas est fait ; eh bien ! montons plus haut !# Orléans , Tours , Paris : de la Seine à la Loire ,# France !",fr-4408
fr,DLP29,Q184371,Q22690,De Sedan qu' on trahit à Metz,"DELPIT, Albert",1849,1893,Sedan,49.701944444444,4.9402777777778,city,city,Metz,49.119722222222,6.1769444444444,city,city, Fais couler de la ville à le pays de le labour# Le sang de Woerth après le sang de Wissembourg !# Fais tomber cet espoir qui toujours se redonne# De Sedan qu' on trahit à Metz qu' on abandonne !# Va toujours ! viens cerner Paris entre ses forts ;# Fais-lui comme ceinture un vaste champ de morts# Tombés pour son orgueil et pour sa délivrance ;,fr-4411
fr,DUC67,Q5089,Q6514,De le Gange à l' Hellespont,"DUCROS, Alexandre",1830,1906,Ganges,30.1451,78.5974,river,river,Dardanelles,40.2,26.4,strait (water),strait (water)," Chacun gardait ses morts , craignant qu' en d' autres lieux ,# On ne sut protéger leurs restes précieux ,# Et non pas seulement de le temps où Rome libre ,# De le Gange à l' Hellespont faisait régner le Tibre ?# Non , je n' en parle pas , mais de le temps détesté ,# Où Rome dans les fers pleurait sa liberté .# On prenait à ses fils et leurs biens et leur vie ,",fr-5686
fr,DUN1,Q519640,Q1060595,de Rosbach à Valmy,"DUNESME, Henri",1845,1927,Braunsbedra,51.283333333333,11.9,city,city,Valmy,49.084444444444,4.7736111111111,village,village," La haine , grandissant après chaque défaite ,# De le vaincu frémissant relèvera la tête .# L' univers , emporté par un vent ennemi ,# Roulera sans repos de Rosbach à Valmy ,# D' Auwerstædt à Sedan , jusqu' à le jour où par terre# Le dernier de les vainqueurs périra de misère .# Est -ce ce que tu veux ?",fr-5771
fr,DUN1,Q552165,Q184371,D' Auwerstædt à Sedan,"DUNESME, Henri",1845,1927,Auerstedt,51.099444444444,11.5875,village,village,Sedan,49.701944444444,4.9402777777778,city,city," De le vaincu frémissant relèvera la tête .# L' univers , emporté par un vent ennemi ,# Roulera sans repos de Rosbach à Valmy ,# D' Auwerstædt à Sedan , jusqu' à le jour où par terre# Le dernier de les vainqueurs périra de misère .# Est -ce ce que tu veux ?# Ce sont de sots propos .",fr-5771
fr,FLE14,Q173695,Q3561,d' Épinal à Alger,"FLEURET, Fernand",1883,1945,Épinal,48.173611111111,6.4516666666667,city,city,Algiers,36.776388888889,3.0586111111111,city,city," Fantassins , venus d' Épinal à Alger ,# Dont les pieds , fouleurs de sables étrangers ,# N' ont plus les ronds de bois de les jours de revue .# Les bombes font de les nuages ronds et délicats .",fr-5874
fr,GAU14,Q85,Q216,de le Caire à Wilna,"GAUTIER, Théophile",1811,1872,Cairo,30.0444444444444,31.2358333333333,city,city,Vilnius,54.6872222222222,25.28,city,city," Si leurs mains tremblent , c' est sans doute# De le froid de la Bérésina ;# Et s' ils boitent , c' est que la route# Est longue de le Caire à Wilna ;# S' ils sont perclus , c' est qu' à la guerre# Les drapeaux étaient leurs seuls draps ;# Et si leur manche ne va guère ,",fr-6046
fr,GAU116,Q20,Q135028,De la Norwége à la Nubie,"GAUTIER, Théophile",1811,1872,Norway,65,11,country,country,Nubia,18.9508,32.2558,region,region," Enfant léger de l' Arabie ,# A la crinière longue , à l' œil étincelant ,# Et , comme l' hippogriffe , en une heure volant# De la Norwége à la Nubie ;# Je veux un kiosque rouge , à les minarets dorés ,# À les minces colonnes d' albâtre ,# À les fantasques arceaux , d' œufs pendant décorés ,",fr-6148
fr,GAU279,Q525811,Q47476,de le Généralife A l' Alhambra,"GAUTIER, Théophile",1811,1872,Generalife,37.176944444444,-3.5852777777778,palace,palace,Alhambra,37.17634,-3.58821,palace,palace," De loin Grenade et l' Alhambra :# « Hier , dit-il , j' étais calife ;# Comme un dieu vivant adoré ,# Je passais de le Généralife# A l' Alhambra peint et doré !# J' avais , loin de les regards profanes ,# De les bassins à les flots diaphanes# Où se baignaient trois cents sultanes ;",fr-6310
fr,GAU295,Q1075988,Q217925,de le Louvre À le Champ-de-Mars,"GAUTIER, Théophile",1811,1872,Louvre Palace,48.861028,2.335886,palace,palace,Champ de Mars,48.85613,2.29803,city part,city part," A tous les carrefours , sous le pavé sublime ,# Gisent les saints martyrs morts pour la liberté !# Une terre jetée à la hâte les couvre .# Ceux-ci , gardiens muets , sont restés près de le Louvre# À le Champ-de-Mars lointain , ceux -là sont en exil ,# Le reste dort couché dans la fange de les halles ,# Et la foule enrouée , à les clameurs triviales ,# Étourdit leur sommeil avec son vain babil .",fr-6326
fr,GAU323,Q5684,Q100,de Babylone à Boston,"GAUTIER, Théophile",1811,1872,Babylon,32.5425,44.4211111111111,ancient city,ancient city,Boston,42.3602777777778,-71.0577777777778,city,city," À les locomotives Crampton ,# De l' Iliade à l' Oncle Tom ,# De Paul de Kock à Mélanchthon ,# Et de Babylone à Boston .# Dans le bruit , comment saura -t-on# Si l'on parle basque ou teuton ,# Haut-allemand ou bas-breton ?",fr-6353
fr,GRS3,Q1741,Q64,de Vienne à Berlin,"GRANDSARD, Charles",NA,NA,Vienna,48.2083333333333,16.3725,city,city,Berlin,52.516666666667,13.383333333333,city,city," Contemplèrent leurs bataillons ?# Que l' empire germain , si fier de son histoire ,# S' écroula d' un seul bloc à le vent de leurs drapeaux ,# Que de Vienne à Berlin , portés par la victoire ,# Ils allaient , allaient sans repos ?# Qu' après Madrid , plus tard , Grenade l' Andalouse ,# À le bruit de leurs tambours tressaillit et vibra ,",fr-6483
fr,HER60,Q208081,Q192438,de le Néthou jusqu' à Bègle,"HEREDIA, José-Maria",1842,1905,Aneto,42.6309916666667,0.656686111111111,mountain,mountain,Bègles,44.807777777778,-0.54888888888889,city,city," Moraines dont le vent , de le Néthou jusqu' à Bègle ,# Arrache , brûle et tord le froment et le seigle ,# Cols abrupts , lacs , forêts pleines d' ombre et de nids !# Antres sourds , noirs vallons que les anciens bannis ,",fr-6802
fr,HER85,Q199910,Q688660,de le Magdalena jusqu' à le Darien,"HEREDIA, José-Maria",1842,1905,Magdalena Department,10.1833333333333,-74.2333333333333,region,region,Darién Province,8.4083333333333,-77.915,region,region," Qu' un nom , un titre vain de comte ou de marquis .# Toi , tu fondas , orgueil de le sang dont je naquis ,# Dans la mer caraïbe une Carthage neuve ,# Et de le Magdalena jusqu' à le Darien qu' abreuve# L' Atrato , le sol rouge à la croix fut conquis .# Assise sur son île où l' océan déferle ,# Malgré les siècles , l' homme et la foudre et les vents ,",fr-6827
fr,HER108,Q1500472,Q168986,De le Raz jusqu' à Penmarcʼh,"HEREDIA, José-Maria",1842,1905,Pointe du Raz,48.040277777778,-4.7411111111111,cape,cape,Penmarch,47.812222222222,-4.3377777777778,city,city," De le Raz jusqu' à Penmarcʼh la côte entière fume ,# Et seuls , contre le vent qui rebrousse leur plume ,# À travers la tempête errent les goëlands .# L' une après l' autre , avec de furieux élans ,",fr-6850
fr,HER120,Q10965,Q14305,de l' Èbre Jusques à le Guadiana,"HEREDIA, José-Maria",1842,1905,Ebro,40.728527124206,0.86929321289062,river,river,Guadiana,37.1685,-7.3959,river,river," Il revient de la guerre , et partout devant lui ,# Sur son genet rapide et rayé comme un zèbre# Le cavalier berbère en blasphémant a fui .# Il a tout pris , pillé , rasé , brûlé , de l' Èbre# Jusques à le Guadiana qui roule un sable d' or ,# Et de l' Algarbe en feu monte un long cri funèbre .# Il revient tout chargé de butin , plus encor# De gloire , ramenant cinq rois de Morérie .",fr-6862
fr,HRV46,Q5687,Q126982,de Jéricho jusqu' à Génésareth,"HERVÉ, Henriette",NA,NA,Jericho,31.856111111111,35.463055555556,city,city,Sea of Galilee,32.818906,35.590033,lake,lake," Il faisait doux , ce printemps -là , dans la soirée ,# L' air embaumait le thyn , la lavande et l' aneth …# Je revenais de les puits en suivant la grand' route# Qui va de Jéricho jusqu' à Génésareth ,# Et tu m'as arrêtée … et j' ai frissonné toute ,# Et le vent soulevait mes longs voiles épars …# Puis tout s' est effacé devant ton clair-regard",fr-6958
fr,HUG523,Q1075988,Q217925,De le Louvre à le Champ-de-Mars,"HUGO, Victor",1802,1885,Louvre Palace,48.861028,2.335886,palace,palace,Champ de Mars,48.85613,2.29803,city part,city part," Le soir , je revenais ; et dans toute la ville ,# Les passants , éclatant en strophes , en refrains ,# Ayant leurs doux instincts de liberté pour freins ,# De le Louvre à le Champ-de-Mars , de Chaillot à la Grève ,# Fourmillaient ; et , pendant que mon esprit , qui rêve# Dans la sereine nuit de les penseurs étoilés ,# Et dresse ses rameaux à leurs lueurs mêlés ,",fr-7089
fr,HUG527,Q192483,Q782278,de Lemnos à Lépante,"HUGO, Victor",1802,1885,Lemnos,39.916666666667,25.25,island,island,Nafpaktos,38.391666666667,21.8275,city,city," Cache ta gorge impure et ta laideur cynique ,# O sirène ridée et dont l' hymne s' est tu !# Où donc êtes-vous , âme ? étoile , où donc es -tu ?# L' île qu' on adorait de Lemnos à Lépante ,# Où se tordait d' amour la chimère rampante ,# Où la brise baisait les arbres frémissants ,# Où l' ombre disait : J' aime ! où l' herbe avait de les sens ,",fr-7093
fr,HUG576,Q2887644,Q1479,"de Bastan , Le second , à Bordeaux","HUGO, Victor",1802,1885,Bastan,42.883333333333,-0.016666666666667,river,river,Bordeaux,44.837777777778,-0.57944444444444,city,city," Ils ont , pour recevoir sûrement de les secours ,# Si quelque insensé vient heurter leurs citadelles ,# Trois souterrains creusés par les turcs infidèles ,# Et qui vont , le premier , dans le val de Bastan ,# Le second , à Bordeaux , le dernier , chez Satan .# L' empereur , souriant , reprit d' un air tranquille :# — Duc , tu ne m' as pas dit le nom de cette ville ?# — C' est Narbonne .",fr-7142
fr,HUG577,Q791134,Q1410,D' Avis à Gibraltar,"HUGO, Victor",1802,1885,Avis,39.05,-7.8833333333333,city,city,Gibraltar,36.14,-5.35,region,land," S' écria Jabias , c' est vous qu' ainsi je vois !# Quoi ! c' est vous qui n' avez qu' à vous mettre en campagne ,# Et qu' à dire : — Partons ! pour donner à l' Espagne ,# D' Avis à Gibraltar , d' Algarve à Cadafal ,# O grand Cid , le frisson à le clairon triomphal ,# Et pour faire accourir au-dessus de vos tentes ,# Ailes à le vent , l' essaim de les victoires chantantes !",fr-7143
fr,HUG581,Q22801,Q68124,d' Altorf à Chaux-de-Fonds,"HUGO, Victor",1802,1885,Altorf,48.522222222222,7.5283333333333,village,village,La Chaux-de-Fonds,47.099627777778,6.8295583333333,city,city," Arracha la statue , et porta la colonne# De le munster de Strasbourg à le pont de Wasselonne ,# Et là , fier , la jeta dans les étangs profonds ;# On vante Éviradnus d' Altorf à Chaux-de-Fonds ;# Quand il songe et s' accoude , on dirait Charlemagne ;# Rôdant , tout hérissé , de le bois à la montagne ,# Velu , fauve , il a l' air d' un loup qui serait bon ;",fr-7147
fr,HUG582,Q22647,Q5715,de Troie à Memphis,"HUGO, Victor",1802,1885,Troy,39.9575,26.238888888889,ancient city,ancient city,Memphis,29.85412,31.25934,ancient city,ancient city," On les contemple , on trouve admirable leur antre ;# Mais sitôt qu' ils sont morts , ils deviennent hideux ,# Et n' ont plus que les vers pour ramper autour d' eux .# Oh ! de Troie à Memphis , et d' Ecbatane à Tarse ,# La grande catastrophe éternelle est éparse# Avec Pyrrhus le grand , avec Psamméticus !# Les rois vainqueurs sont morts plus que les rois vaincus ,",fr-7148
fr,HUG582,Q696193,Q134287,d' Ecbatane à Tarse,"HUGO, Victor",1802,1885,Ecbatana,34.8065,48.516247,ancient city,ancient city,Tarsus,36.916666666667,34.9,city,city," On les contemple , on trouve admirable leur antre ;# Mais sitôt qu' ils sont morts , ils deviennent hideux ,# Et n' ont plus que les vers pour ramper autour d' eux .# Oh ! de Troie à Memphis , et d' Ecbatane à Tarse ,# La grande catastrophe éternelle est éparse# Avec Pyrrhus le grand , avec Psamméticus !# Les rois vainqueurs sont morts plus que les rois vaincus ,",fr-7148
fr,HUG589,Q5089,Q589347,de le Gange à le Pausilippe,"HUGO, Victor",1802,1885,Ganges,30.1451,78.5974,river,river,Posillipo,40.80555556,14.20333333,city part,city part," Qui pourrait délier ce faisceau dans son poing ?# N' est -il pas le seigneur qu' on ne contredit point ?# N' est -il pas l' héritier de César ? le Philippe# Dont l' ombre immense va de le Gange à le Pausilippe ?# Tout n' est -il pas fini quand il a dit : je veux !# N' est -ce pas lui qui tient la victoire à les cheveux ?# N' est -ce pas lui qui lance en avant cette flotte ,",fr-7155
fr,HUG592,Q909357,Q845855,de les cols de le Malpas roulent jusqu' à Sallanches,"HUGO, Victor",1802,1885,Malpas,46.826388888889,6.2894444444444,village,village,Sallanches,45.936388888889,6.6319444444444,city,city," Gloire à les hallebardiers splendides ! ces piquiers# Sont une rude pièce à les royaux échiquiers ;# On sent que ces gaillards sortent de les avalanches# Qui de les cols de le Malpas roulent jusqu' à Sallanches ;# En guerre , à le feu , ce sont de les tigres pour l' élan ;# A Schoenbrunn , chacun d' eux a l' air d' un chambellan ;# Auprès de leur cocarde ils piquent une rose ;",fr-7158
fr,HUG784,Q5699,Q82070,d' Ur à Tyr,"HUGO, Victor",1802,1885,Ur,30.962222,46.104444,ancient city,ancient city,Tyre,33.266666666667,35.2,city,city," Je marchais , étant juge et prince , à la clarté# De Chémos , de Dagon , de Bel et d' Astarté ,# Et ce sont là les quatre étoiles qui sont reines .# J' ai creusé d' Ur à Tyr de les routes souterraines .# Chémos m' a dit : Reprends Nébo sur Israël .# Et je n' ai jamais fait que ce que veut le ciel .# Maintenant , dans ce puits , je ferme la paupière .",fr-7172
fr,HUG787,Q6514,Q243456,de l' Hellespont va se briser à Cumes,"HUGO, Victor",1802,1885,Dardanelles,40.2,26.4,strait (water),strait (water),Cumae,40.848611,14.053611,ancient city,ancient city," Fait fuir éperdument la flottante Délos ;# Ils ont bouleversé la mer , troublé ses flots ,# Et dispersé si loin devant eux les écumes# Que l' eau de l' Hellespont va se briser à Cumes ,# Je sais cela . Je sais aussi qu' on peut mourir .# Ce n' est point pour l' Hadès , trop pressé de s' ouvrir ,# Que la nature , source et principe de les choses ,",fr-7174
fr,HUG787,Q173096,Q34374,de l' Eubée à la Crète,"HUGO, Victor",1802,1885,Euboea,38.5,24,island,island,Crete,35.309722222222,24.893333333333,island,island," Qu' il faut faire durer le plus longtemps qu' on peut .# Tâchons de faire à le fil de les Parques un tel nœud# Que leur fatal rouet déconcerté s' arrête .# Ici nous couvrons tout , de l' Eubée à la Crète ;# C' est donc ici qu' il faut frapper ce roi , contraint# De confier sa flotte à le détroit qui l' étreint ;# Nous sommes peu nombreux , mais profitons de l' ombre ,",fr-7174
fr,HUG789,Q101583,Q1160195,de Thèbe à Mantinée,"HUGO, Victor",1802,1885,Thebes,25.720555555556,32.610277777778,ancient city,ancient city,Mantineia,37.616666666667,22.383333333333,ancient city,ancient city," Alors pour écouter nous nous sommes assis ;# Et ce grand bruit venait de le côté d' Éleusis ;# Or Éleusis était alors abandonnée ,# Et tout était désert de Thèbe à Mantinée# A cause de le ravage horrible de les persans .# Les champs sans laboureurs , les routes sans passants# Attristaient le regard depuis plus d' une année .",fr-7176
fr,HUG792,Q14294,Q613574,De le Tage à l' Almonacid,"HUGO, Victor",1802,1885,Tagus River,38.8525,-9.0137,river,river,Almonacid de Toledo,39.755,-3.8544444444444,city,city," La longueur de mon épée# En est la mesure , ô roi !# Ce pays ne connaît guère ,# De le Tage à l' Almonacid ,# D' autre musique de guerre# Que le vieux clairon de le Cid .# Mon nom prend toute l' Espagne ,",fr-7178
fr,HUG804,Q6681413,Q917870,de Lorne à Knapdala,"HUGO, Victor",1802,1885,Lorne,56.4167,-5.46667,region,region,Knapdale,55.916666666667,-5.5208333333333,region,land," L' éclair n' entendrait pas Dieu lui criant : Arrête !# Arriver , c' est la loi de le sort .# Il s' écoula# Une semaine . Puis de Lorne à Knapdala ,# Douze sonneurs de cor en dalmatiques rouges# Firent savoir à tous , à les manants dans leurs bouges ,# À le prêtre en son église , à le baron dans sa tour ,",fr-7189
fr,HUG810,Q134674,Q23047,De Bayonne à Cahors,"HUGO, Victor",1802,1885,Bayonne,43.4925,-1.4763888888889,city,city,Cahors,44.4475,1.4405555555556,city,city," Le patrice Constance en quatre cent dix-neuf ,# Reçut de Rome en fief la troisième Aquitaine .# Aujourd'hui Gaïffer en est le capitaine .# De Bayonne à Cahors son pouvoir est subi ;# Les huit peuples qui sont à l' orient d' Alby ,# Les quatorze qui sont entre Loire et Garonne ,# Sont comme les fleurons de sa fière couronne ;",fr-7195
fr,HUG810,Q3542400,Q861715,de le Tursan à le Marsan,"HUGO, Victor",1802,1885,Tursan,43.694687,-0.32626,region,historic region,Marsan,43.656388888889,0.72222222222222,city,city," Les huit peuples qui sont à l' orient d' Alby ,# Les quatorze qui sont entre Loire et Garonne ,# Sont comme les fleurons de sa fière couronne ;# Auch lui paie un tribut ; de le Tursan à le Marsan# Il reçoit un mouton de chaque paysan ;# Le Roc-Ferrat , ce mont où l'on trouve l' opale ,# Saint-Sever sur l' Adour , Aire l' épiscopale ,",fr-7195
fr,HUG811,Q31424,Q10965,de le Llobregat à l' Èbre,"HUGO, Victor",1802,1885,Llobregat,41.302248,2.131948,river,river,Ebro,40.728527124206,0.86929321289062,river,river," Dans ce jaillissement d' étincelles qui sortent# De le rude atelier , plein de les souffles de l' autan ,# Où l'on forge le sceptre énorme de Satan .# Or dans ce même temps , de le Llobregat à l' Èbre ,# De le Tage à le Cil , un nom , Masferrer , est célèbre ;# C' est un homme de les rocs et de les bois , qui vit seul ;# Il prend l' ombre de les monts tragiques pour linceul ;",fr-7196
fr,HUG811,Q14294,Q14556,De le Tage à le Cil,"HUGO, Victor",1802,1885,Tagus River,38.8525,-9.0137,river,river,Sil,42.4538,-7.7306,river,river," De le rude atelier , plein de les souffles de l' autan ,# Où l'on forge le sceptre énorme de Satan .# Or dans ce même temps , de le Llobregat à l' Èbre ,# De le Tage à le Cil , un nom , Masferrer , est célèbre ;# C' est un homme de les rocs et de les bois , qui vit seul ;# Il prend l' ombre de les monts tragiques pour linceul ;# Avant d' être avec l' arbre , il était avec l' homme ;",fr-7196
fr,HUG865,Q5715,Q64,De Memphis à Berlin,"HUGO, Victor",1802,1885,Memphis,29.85412,31.25934,ancient city,ancient city,Berlin,52.516666666667,13.383333333333,city,city," Non ! non ! non ! ce n' est point pour cela que nos pères# Ont fait cette conquête altière , l' avenir !# Qu' ils poussaient leurs chevaux et les faisaient hennir# De Memphis à Berlin , de l' Èbre à la Thuringe !# Non ! j' ai les droits de l' homme et non les droits de le singe .# Je comprends qu' on se penche avec fraternité# Vers les êtres qui sont hors de l' humanité ,",fr-7250
fr,HUG865,Q10965,Q1205,de l' Èbre à la Thuringe,"HUGO, Victor",1802,1885,Ebro,40.728527124206,0.86929321289062,river,river,Thuringia,51,11,region,region," Non ! non ! non ! ce n' est point pour cela que nos pères# Ont fait cette conquête altière , l' avenir !# Qu' ils poussaient leurs chevaux et les faisaient hennir# De Memphis à Berlin , de l' Èbre à la Thuringe !# Non ! j' ai les droits de l' homme et non les droits de le singe .# Je comprends qu' on se penche avec fraternité# Vers les êtres qui sont hors de l' humanité ,",fr-7250
fr,HUG872,Q2634,Q11925,de Naple à les Grisons,"HUGO, Victor",1802,1885,Naples,40.833333333333,14.25,city,city,Grisons,46.75,9.5,region,region," S' en montre curieux et qu' on se soit enquis# De quels Guadalquivits et de quelles Navarres# Sortent ces catalans et ces almogavares .# Partout l' étranger vient et de Naple à les Grisons# Montre sa pique à le bord de nos noirs horizons .# Chocs , alertes , assauts , invasions soudaines ;# Ils viennent de Nubie , ils viennent de les Ardennes .",fr-7257
fr,HUG872,Q52174,Q209064,d' Otrante à le mont Ventoux,"HUGO, Victor",1802,1885,Otranto,40.147825,18.485933,city,city,Mont Ventoux,44.166666666667,5.2833333333333,mountain,mountain," Se dressera , le front dans la nuée , ayant# De les jaillissements d' aube à les cils de ses paupières# Tout luira ; le tocsin sonnera dans les pierres ;# Tout frémira , de le cap d' Otrante à le mont Ventoux ;# L' Italie , ô tyrans , sortira de vous tous .# De votre monstrueuse et cynique mêlée# Elle s' évadera , la belle échevelée ,",fr-7257
fr,HUG893,Q200201,Q15682,d' Irun à Cadiz,"HUGO, Victor",1802,1885,Irun,43.337806,-1.788806,city,city,Cádiz,36.535,-6.2975,city,city," Prie et songe , et n' est pas épouvanté de voir# Son crucifix jeter l' ombre de les guillotines .# Cet autre , torche à le poing , dans les cités mutines ,# Se rue , et brûle et pille , et d' Irun à Cadiz# Règne , et fait fusiller un prisonnier sur dix ,# Et dit : Je n' en fais pas fusiller davantage ,# Étant civilisé ; puis il reprend : Le Tage",fr-7278
fr,HUG899,Q794,Q123377,de la Perse Jusqu' à les Hébrides,"HUGO, Victor",1802,1885,Iran,32,53,country,country,Hebrides,58,-7,island,archipelago," Rien n' arrête et ne dirige# Mon formidable quadrige ,# Que les typhons# Traînent , et qui , de la Perse# Jusqu' à les Hébrides , disperse# Ses bruits profonds .# Je suis la vaste mêlée ,# Reptile , étant l' onde , ailée ,",fr-7284
fr,HUG110,Q80985,Q1903,de Fez à Catane,"HUGO, Victor",1802,1885,Fez,34.0433333333333,-5.00333333333333,city,city,Catania,37.502669444444,15.087269444444,city,city," Nous recrutions pour le sérail# Dans tous les moûtiers de le rivage .# En mer , les hardis écumeurs !# Nous allions de Fez à Catane …# Dans la galère capitane# Nous étions quatre-vingts rameurs .# On signale un couvent à terre .",fr-7293
fr,HUG132,Q6839,Q173699,De Figuère à Setuval,"HUGO, Victor",1802,1885,Figueres,42.266666666667,2.95,city,city,Setúbal,38.5243055555556,-8.89261111111111,city,city," Les sept infants de Lara .# Pour le trouver en campagne ,# Il traverserait l' Espagne# De Figuère à Setuval .# L' un de les deux mourrait sans doute .# En ce moment sur la route# Il passe un homme à cheval .",fr-7315
fr,HUG132,Q2609855,Q15696,d' Albe à Zamore,"HUGO, Victor",1802,1885,Albe,42.0804801331573,13.4085813364249,city,city,Zamora,41.503333333333,-5.7555555555556,city,city," De le moins , c' est à mon baptême# Ce qu' un prêtre déclara .# J' attends sous ce sycomore :# J' ai cherché d' Albe à Zamore# Ce Mudarra le bâtard ,# Le fils de la renégate ,# Qui commande une frégate",fr-7315
fr,HUG140,Q23406,Q7355,De la mer Rouge à le fleuve Jaune,"HUGO, Victor",1802,1885,Red Sea,22,38,sea,sea,Yellow River,36.1241944444444,116.097666666667,river,river," Tu gouvernes , seigneur , l' empire de le milieu ,# De la mer Rouge à le fleuve Jaune .# Les rois de les nations , vers ta face tournés ,# Pavent , silencieux , de leurs fronts prosternés# Le chemin qui mène à ton trône .",fr-7323
fr,HUG142,Q2634,Q72414,De Naple à Portici,"HUGO, Victor",1802,1885,Naples,40.833333333333,14.25,city,city,Portici,40.819722222222,14.341111111111,city,city," Toujours Napoléon , éblouissant et sombre ,# Sur le seuil de le siècle est debout .# Ainsi , quand de le Vésuve explorant le domaine ,# De Naple à Portici l' étranger se promène ,# Lorsqu' il trouble , rêveur , de ses pas importuns ,# Ischia , de ses fleurs embaumant l' onde heureuse# Dont le bruit , comme un chant de sultane amoureuse ,",fr-7325
fr,HUG615,Q490670,Q207239,D' Ems à Cythère,"HUGO, Victor",1802,1885,Bad Ems,50.338055555556,7.7105555555556,city,city,Kythira,36.2575,22.9975,island,island," Balbutiant son quos ego ,# Tremble à le moment où sa main sonne# À la porte de Camargo .# D' Ems à Cythère , quel fou rire# Si Hafiz , fumant son chibouck ,# Prétendait griser Sylvanire# Avec de le vin de peau de bouc !",fr-7343
fr,HUG632,Q207239,Q1026315,De Cythère à Gretna-Green,"HUGO, Victor",1802,1885,Kythira,36.2575,22.9975,island,island,Gretna Green,55.006388888889,-3.0625,village,village," La mousse de les prés exhale# Avril , qui chante drinn drinn ,# Et met une succursale# De Cythère à Gretna-Green .# Avril , dont la fraîche embûche# A nos vices pour claqueurs ,# De ses petits doigts épluche",fr-7360
fr,HUG646,Q11769,Q48365,De Behring à Magellan,"HUGO, Victor",1802,1885,Bering Strait,65.75,-168.976944444444,strait (water),strait (water),Strait of Magellan,-54,-71,strait (water),strait (water)," Et de donner à la houle# Un si gigantesque élan# Que , d' un seul bond , elle roule# De Behring à Magellan .# Emplir de fureur les bêtes# Et le tonnerre de bruit ;# Gonfler le cou de les tempêtes",fr-7374
fr,HUG29,Q641203,Q101081,De l' Armorique à la Provence,"HUGO, Victor",1802,1885,Armorica,48.16666667,-1,region,region,Provence,44,6,region,region," Séjours de joie ou de souffrance ,# Vieux monuments d' un peuple enfant !# Restes , sur qui le temps s' avance !# De l' Armorique à la Provence ,# Vous que l' honneur eut pour abri !# Arceaux tombés ! voûtes brisées !# Vestiges de les races passées !",fr-7418
fr,HUG39,Q133274,Q28471,De le Kremlin à l' Escurial,"HUGO, Victor",1802,1885,Moscow Kremlin,55.7516666666667,37.6177777777778,city part,city part,Royal Monastery of San Lorenzo de El Escorial,40.589167,-4.147778,palace,palace," Ait déjà dévoré de les rois .# Et lorsque mes neveux , dans leur fortune altière ,# Domineront l' Europe entière ,# De le Kremlin à l' Escurial ,# Ils viendront tour à tour dormir dans ces lieux sombres ,# Afin que je sommeille , escorté de leurs ombres ,# Dans mon linceul impérial ! »",fr-7428
fr,HUG41,Q85,Q34925,De le Caire à le Capitole,"HUGO, Victor",1802,1885,Cairo,30.0444444444444,31.2358333333333,city,city,Capitoline Hill,41.893333333333,12.483055555556,city part,city part," Il vit périr Moreau ; Byron , nouveau Rhiga .# Il vit de les cieux vengés tomber avec sa foudre# Cet aigle dont le vol douze ans se fatigua# De le Caire à le Capitole et de le Tage à le Volga !# — "" Qu' importe ? dit la foule . Ah ! laissons les tempêtes# Naître , grossir , tonner sur ces sublimes têtes ;# Pourvu que chaque jour amène son festin ,",fr-7430
fr,HUG41,Q14294,Q626,de le Tage à le Volga,"HUGO, Victor",1802,1885,Tagus River,38.8525,-9.0137,river,river,Volga,45.695,47.8975,river,river," Il vit périr Moreau ; Byron , nouveau Rhiga .# Il vit de les cieux vengés tomber avec sa foudre# Cet aigle dont le vol douze ans se fatigua# De le Caire à le Capitole et de le Tage à le Volga !# — "" Qu' importe ? dit la foule . Ah ! laissons les tempêtes# Naître , grossir , tonner sur ces sublimes têtes ;# Pourvu que chaque jour amène son festin ,",fr-7430
fr,HUG43,Q1741,Q133274,"de les Pyramides , À Vienne , à le vieux Kremlin","HUGO, Victor",1802,1885,Vienna,48.2083333333333,16.3725,city,city,Moscow Kremlin,55.7516666666667,37.6177777777778,city part,city part," Et comment donc lit -il ces pages triomphales# Que tu déroules dans les cieux ?# Est -ce un langage obscur à ses regards timides ?# Eh ! qu' il s' en fasse instruire à le pied de les Pyramides ,# À Vienne , à le vieux Kremlin , à le morne Escurial !# Qu' il en parle à ces Rois , cour dorée et nombreuse ,# Qui naguère peuplait d' une tente poudreuse# Le vestibule impérial !",fr-7432
fr,HUG46,Q18869,Q130321,De le Caucase à l' Athos,"HUGO, Victor",1802,1885,Caucasus,42.261111111111,44.121111111111,region,land,Mount Athos,40.1583333333333,24.3272222222222,mountain,mountain," Que ta voix s' élève , pareille# À la rumeur d' une cité !# L' Aigle est l' oiseau de le Dieu qu' avant tous on adore .# De le Caucase à l' Athos l' Aigle planant dans l' air ,# Roi de le feu qui féconde et de le feu qui dévore ,# Contemple le soleil et vole sur l' éclair !# La Colombe descend de le ciel qui la salue .",fr-7435
fr,HUG93,Q12191,Q476288,de Nante à Mortagne,"HUGO, Victor",1802,1885,Nantes,47.217222222222,-1.5538888888889,city,city,Mortagne-au-Perche,48.520277777778,0.54722222222222,city,city," A , pour les combats meurtriers ,# Convoqué de Nante à Mortagne ,# Dans la plaine et sur la montagne ,# L' arrière-ban de ses guerriers .# « Ce sont de les barons dont les armes",fr-7482
fr,HUG100,Q8810,Q8717,"de les filles à Grenade , Il en est à Séville","HUGO, Victor",1802,1885,Granada,37.178055555556,-3.6008333333333,city,city,Seville,37.383333333333,-5.9833333333333,city,city," Les collines et les halliers . —# Enfants , voici de les bœufs qui passent ,# Cachez vos rouges tabliers !# Il est de les filles à Grenade ,# Il en est à Séville aussi ,# Qui , pour la moindre sérénade ,# À l' amour demandent merci ;# Il en est que d' abord embrassent ,",fr-7489
fr,HUG686,Q41137,Q216068,D' Ophir à Chanaan et d' Assur à Saba,"HUGO, Victor",1802,1885,Assyrian Empire,36,43.3,default,default,Sheba,15.348333,44.206389,ancient region,ancient region," Jean et Luc en Judée et dans l' Inde Épicure# Entendirent un cri d' inquiétude obscure ;# La terre tressaillit quand l' Olympe tomba ;# D' Ophir à Chanaan et d' Assur à Saba ,# Comme un socle en ployant fait ployer la colonne ,# Tout l' Orient pencha quand croula Babylone ;# La même horreur sacrée est dans l' homme aujourd'hui ,",fr-7500
fr,HUG739,Q14294,Q1644,de le Tage à l' Elbe,"HUGO, Victor",1802,1885,Tagus River,38.8525,-9.0137,river,river,Elbe,50.8875,14.2330555555556,river,river," Tandis que tu montais dans ta voie étoilée ,# Les hommes t' admiraient , même dans tes revers ;# Parfois tu t' envolais planant ; et l' univers ,# Vingt ans , de le Tage à l' Elbe et de le Nil à l' Adige ,# Fut la face éblouie , et tu fus le prodige ;# Et tout disparaissait , — Histoire , souviens -t'en , —# Même le chef géant , sous le peuple titan .",fr-7553
fr,HUG739,Q3392,Q13696,de le Nil à l' Adige,"HUGO, Victor",1802,1885,Nile,31.4653,30.3667,river,river,Adige,45.1596,12.3311,river,river," Tandis que tu montais dans ta voie étoilée ,# Les hommes t' admiraient , même dans tes revers ;# Parfois tu t' envolais planant ; et l' univers ,# Vingt ans , de le Tage à l' Elbe et de le Nil à l' Adige ,# Fut la face éblouie , et tu fus le prodige ;# Et tout disparaissait , — Histoire , souviens -t'en , —# Même le chef géant , sous le peuple titan .",fr-7553
fr,HUG744,Q90,Q2879070,de Paris à Cayenne,"HUGO, Victor",1802,1885,Paris,48.8566666666667,2.35222222222222,city,city,Cayenne's Prison,4.944444,-52.316667,default,prison," Le vent c' est le despote . En ces obscurs combats ,# S' il faut frapper , frappez en haut , et non en bas .# Si Rigault fut chacal , on a tort d' être hyène .# Quoi ! jeter un faubourg de Paris à Cayenne !# Quoi ! tous ces égarés , en faire de les forçats !# Non ! je hais l' Ile-aux-Pins et j' exècre Mazas .# Johannard est cruel et Serisier infâme .",fr-7558
fr,HUG761,Q845310,Q85,"de Caprera , Songe à Kléber à le Caire","HUGO, Victor",1802,1885,Caprera,41.2,9.4666666666667,island,island,Cairo,30.0444444444444,31.2358333333333,city,city," Mais quand il faut courir à le gouffre , aller à le large ,# Pousser toute une armée à le feu , sonner la charge ,# J' aime mieux un petit tambour comme Barra .# Songe à Garibaldi qui vint de Caprera ,# Songe à Kléber à le Caire , à Manin dans Venise ,# Et calme-toi . Paris formidable agonise# Parce que tu manquas , non de cœur , mais de foi .# L' amère histoire un jour dira ceci de toi :",fr-7575
fr,HUG915,Q204430,Q4043,d' Avranche à Fougère,"HUGO, Victor",1802,1885,Avranches,48.684444444444,-1.3569444444444,city,city,Fougères,48.351666666667,-1.2,city,city," Les voix qu' on entend sont désespérées .# Je ne sais plus quand , je ne sais plus où ,# Maître Yvon soufflait dans son biniou .# Le coche qui va d' Avranche à Fougère# Fait claquer son fouet comme un vif éclair ;# Voici le moment où flottent dans l' air# Tous ces bruits confus que l' ombre exagère .",fr-7689
fr,HUG955,Q101583,Q5680,de les cirons tomber Thèbe à les cent portes Et Ninive,"HUGO, Victor",1802,1885,Thebes,25.720555555556,32.610277777778,ancient city,ancient city,Nineveh,36.366667,43.15,ancient city,ancient city," Nous vous laissons bruire , et contre Babylone# Insurger Lilliput .# Pas plus qu' on ne verrait sous l' assaut de les cloportes# Et l' effort de les cirons tomber Thèbe à les cent portes# Et Ninive à les cent tours ,# Pas plus qu' on ne verrait se dissiper le Pinde ,# Ou l' Olympe , ou l' immense Himalaya de l' Inde# Sous un vol de vautour ,",fr-7728
fr,HUG185,Q1686757,Q819568,de Jemmape à Montmirail,"HUGO, Victor",1802,1885,Jemappes,50.448422,3.8894392,city,city,Montmirail,48.870833333333,3.5405555555556,city,city," Chemin victorieux , prodigieux travail ,# Qui , de France parti pour enserrer la terre ,# En passant par Moscou , Cadix , Rome et le Caire ,# Va de Jemmape à Montmirail .# Vous êtes les enfants de les belliqueux lycées !# Là vous applaudissiez nos victoires passées ;# Tous vos jeux s' ombrageaient de les plis d' un étendard",fr-7754
fr,HUG185,Q192184,Q160506,De Sainte-Hélène à Saint-Denis,"HUGO, Victor",1802,1885,"Saint Helena, Ascension and Tristan da Cunha",-15.9245,-5.7181,island,island,Saint-Denis,48.935555555556,2.3538888888889,city,city," L' exil et les tombeaux dans mes chants sont bénis ;# Et tandis que d' un règne on salûra l' aurore ,# Ma poésie en deuil ira long-temps encore# De Sainte-Hélène à Saint-Denis "" !# Mais que la leçon reste , éternelle et fatale ,# A ces nains , étrangers sur la terre natale ,# Qui font régner les rois pour leurs ambitions ;",fr-7754
fr,HUG317,Q548,Q851323,De la Vistule à le Tanaro,"HUGO, Victor",1802,1885,Vistula,54.3641,18.9522,river,river,Tanaro,45.006,8.769,river,river," Fauve et joyeuse , s' accroupit .# Elle rit ; son repaire est orné d' amulettes ;# Elle marche sur de les squelettes ,# De la Vistule à le Tanaro ;# Elle a ses petits qu' elle couve .# Qui la nourrit ? qui porte à manger à la louve ?# C' est l' évêque , c' est le bourreau .",fr-7857
fr,HUG317,Q545,Q16990,De le lac Baltique à le mont Etna,"HUGO, Victor",1802,1885,Baltic Sea,58,20,sea,sea,Mount Etna,37.7508345148182,14.9932202888121,volcano,volcano," J' entends sourdre un vague tocsin .# Les Césars , oubliant qu' il est de les gémonies ,# S' endorment dans les symphonies# De le lac Baltique à le mont Etna ;# Les peuples sont dans la nuit noire ;# Dormez , rois ; le clairon dit à les tyrans : victoire !# Et l' orgue leur chante : hosanna !",fr-7857
fr,HUG330,Q90,Q210205,de Paris à Pesth,"HUGO, Victor",1802,1885,Paris,48.8566666666667,2.35222222222222,city,city,Pest,47.5,19.1,city,city," Les Haynau , les Bomba , rôdent , la gueule ouverte ,# Autour de le genre humain qui , pâle et garrotté ,# Lutte pour la justice et pour la vérité ;# Et de Paris à Pesth , de le Tibre à les monts Carpathes ,# Sur nos débris sanglants rampent ces mille-pattes .# De le lourd dictionnaire où Beauzée et Batteux# Ont versé les trésors de leur bon sens goutteux ,",fr-7870
fr,HUG330,Q13712,Q1288,de le Tibre à les monts Carpathes,"HUGO, Victor",1802,1885,Tiber,41.740555555556,12.233333333333,river,river,Carpathian Mountains,47,25.5,mountain,mountain," Les Haynau , les Bomba , rôdent , la gueule ouverte ,# Autour de le genre humain qui , pâle et garrotté ,# Lutte pour la justice et pour la vérité ;# Et de Paris à Pesth , de le Tibre à les monts Carpathes ,# Sur nos débris sanglants rampent ces mille-pattes .# De le lourd dictionnaire où Beauzée et Batteux# Ont versé les trésors de leur bon sens goutteux ,",fr-7870
fr,HUG361,Q13712,Q643,de le Tibre à le Pô,"HUGO, Victor",1802,1885,Tiber,41.740555555556,12.233333333333,river,river,Po,44.97,12.546944444444,river,river," Habitent ce repaire ;# Tu t' en vas ! de quel droit ? étant plus renard qu' eux ,# Et plus qu' elle vipère !# Quand l' Italie en deuil dressa , de le Tibre à le Pô ,# Son drapeau magnifique ,# Quand ce grand peuple , après s' être couché troupeau ,# Se leva république ,",fr-7901
fr,HUG401,Q1865480,Q2720548,de la Bastille à le Roule,"HUGO, Victor",1802,1885,Bastille,48.853333,2.369167,castle/fort,fort,Quartier du Faubourg-du-Roule,48.87472222,2.30222222,city part,city part," Je le prendrai , j’ irai le saisir dans son trou ,# Et je rapporterai sur mon poing ce hibou .# On verra sous mes pieds fondre le czar qui croule .# Paris m’ admirera de la Bastille à le Roule ;# On me battra de les mains à le fond de les vieux faubourgs ;# Les gamins marqueront le pas à mes tambours# La porte Saint-Denis tirera de les fusées ;",fr-7940
fr,HUG1014,Q5089,Q3783,de le Gange à l’ Amazone,"HUGO, Victor",1802,1885,Ganges,30.1451,78.5974,river,river,Amazon,0.707777777777778,-50.0894444444444,river,river," La migraine se plaît sous les couronnes d’ or ;# Malgré l’ huissier de garde à le fond de le corridor ,# Elle entre . Trop d’ azote et pas assez d’ ozone ,# C’ est assez pour qu’ allant de le Gange à l’ Amazone ,# Le choléra-morbus s’ abatte à plomb sur vous ;# L’ effrayant typhus passe , il rend les hommes fous ,# Vous êtes empereur , mais gare tout de même .",fr-7986
fr,HUG1150,Q42810,Q183557,de le Havre à Dieppe,"HUGO, Victor",1802,1885,Le Havre,49.494166666667,0.10805555555556,city,city,Dieppe,49.925,1.075,city,city," Est tombé . Les enfants qui font un bruit charmant# Vont jouer là , vers l' heure où le soleil se montre ,# Et quand on va de le Havre à Dieppe on le rencontre .# Quelque pâtre accroupi sur le bord de le chemin# Vous y mène , ou vous suit en vous tendant la main .# Le hameau voisin mêle à les branches ses fumées ,",fr-8107
fr,HUG1203,Q5089,Q824,de le Gange à l' Orégon,"HUGO, Victor",1802,1885,Ganges,30.1451,78.5974,river,river,Oregon,43.9358333333333,-120.575,region,region," Civilisation de le Gange à l' Orégon ,# De les Andes à le Thibet , de le Nil à les Cordillères ,# Comment l' entendez-vous , ô noires fourmilières ?# De toute votre terre interrogez l' écho .",fr-8160
fr,HUG1203,Q5456,Q17252,De les Andes à le Thibet,"HUGO, Victor",1802,1885,Andes,-32.65333333,-70.01166667,mountain,mountain,Tibet,29.65,91.1,mountain,mountain," Civilisation de le Gange à l' Orégon ,# De les Andes à le Thibet , de le Nil à les Cordillères ,# Comment l' entendez-vous , ô noires fourmilières ?# De toute votre terre interrogez l' écho .# Voyez Lima , Cuba , Sydney , San-Francisco ,",fr-8160
fr,HUG1462,Q626,Q13712,de le Volga jusqu' à le Tibre,"HUGO, Victor",1802,1885,Volga,45.695,47.8975,river,river,Tiber,41.740555555556,12.233333333333,river,river," Qui refusent de prendre en leur griffe un tonnerre .# Et j' ai lutté . Ce maître était là sous son dais ;# Et je le combattais , et je le regardais ;# Il avait tout pour lui , de le Volga jusqu' à le Tibre ,# Tout , l' Allemagne esclave et l' Angleterre libre ;# Je lui faisais la guerre à travers cette paix ;# Et la foule , à ses pieds , tandis que je frappais ,",fr-8416
fr,HUG1464,Q626,Q10965,de le Volga jusqu' à l' Èbre,"HUGO, Victor",1802,1885,Volga,45.695,47.8975,river,river,Ebro,40.728527124206,0.86929321289062,river,river," Maintenant sont forçats , mangeant à la-gamelle# Et vêtus de les habits de la chiourme , plusieurs# Qui de la tyrannie étaient les fossoyeurs ,# Et dont nous avions vu , de le Volga jusqu' à l' Èbre# Et de le Tage à le Niémen , voler le nom célèbre ;# Victoire ! On n' a point fait les choses à demi .# Pour sauver la patrie et devant l' ennemi",fr-8418
fr,HUG1464,Q14294,Q5622,de le Tage à le Niémen,"HUGO, Victor",1802,1885,Tagus River,38.8525,-9.0137,river,river,Neman,55.3369,21.2492,river,river," Et vêtus de les habits de la chiourme , plusieurs# Qui de la tyrannie étaient les fossoyeurs ,# Et dont nous avions vu , de le Volga jusqu' à l' Èbre# Et de le Tage à le Niémen , voler le nom célèbre ;# Victoire ! On n' a point fait les choses à demi .# Pour sauver la patrie et devant l' ennemi# Paris avait cinq mois eu la rumeur immense",fr-8418
fr,HUG1464,Q186115,Q16928476,De la butte Montmartre à le mont Valérien,"HUGO, Victor",1802,1885,Montmartre,48.886944444444,2.3411111111111,city part,city part,Fort Mont-Valérien,48.8728283104442,2.21331337876344,castle/fort,fort," De là ce grand succès : l' ombre dans la fournaise ;# Quatre vingt-neuf puni de son quatrevingt-treize ;# Plus de licence , plus de tumulte , plus rien .# De la butte Montmartre à le mont Valérien ,# Ce Paris , bouillonnant comme le flot dans l' urne ,# Se tait , et nous avons l' apaisement nocturne ;# Le peuple est sous le sabre , heureux , content , muet ;",fr-8418
fr,HUG1474,Q1865480,Q330564,de la Bastille aille à la Madeleine,"HUGO, Victor",1802,1885,Bastille,48.853333,2.369167,castle/fort,fort,La Madeleine,48.87,2.32444444444444,city part,city part," Il s' en fait conducteur ; il sait le droit chemin ;# Il veut qu' après l' émeute et les grands coups de main ,# Le peuple se repente , ait l' âme d' ennui pleine ,# Pleure , et de la Bastille aille à la Madeleine .# Toute la vérité tient dans le Syllabus .# La pensée en dehors d' Ignace est un abus ,# Et tout ce qui survient n' est qu' erreurs et tumultes ;",fr-8428
fr,HUG1483,Q5690,Q220583,de plus que Sparte à moins que Sybaris,"HUGO, Victor",1802,1885,Sparta,37.081944444444,22.423611111111,ancient city,ancient city,Sybaris,39.716564,16.493696,ancient city,ancient city," C' est ainsi qu' on est monstre après qu' on fut archange ,# Que la Rome d' Émile et de Gracchus se change# En la Rome d' Ignace , et que le grand Paris# Tombe de plus que Sparte à moins que Sybaris .",fr-8437
fr,HUG1536,Q572191,Q1684,De le Vulturne à la Sprée,"HUGO, Victor",1802,1885,Volturno,41.024189,13.9277981,river,river,Spree,52.5361,13.2089,river,river," Que faire ? s' incliner . La Providence frappe .# La main est divine . Oui . Le soufflet est prussien .# Notre pape in petto , le petit Lucien ,# A tout l' air d' un fruit sec . De le Vulturne à la Sprée ,# Toute la monarchie en masse est délabrée .# Czars mal portants , sultans malades , archiducs# Peu chanceux , pape aveugle et sanglant , rois caducs .",fr-8489
fr,HUG1551,Q6602,Q134674,de Strasbourg jusqu' à Bayonne,"HUGO, Victor",1802,1885,Strasbourg,48.573333333333,7.7522222222222,city,city,Bayonne,43.4925,-1.4763888888889,city,city," Billault tombe ; Delangle tombe ;# Dupin vient d' entrer dans la tombe ,# Les vers de terre ont reculé .# Oh ! de Strasbourg jusqu' à Bayonne# Quelle fête , et comme on est gai !# Compiègne rit , Biarritz rayonne ;# Saint-Cloud de joie est fatigué .",fr-8502
fr,HUG1826,Q46490,Q179034,d' Arcole à Waterloo,"HUGO, Victor",1802,1885,Arcole,45.3583333333333,11.2861111111111,city,city,Waterloo,50.716666666667,4.3833333333333,region,region," Mêle à le même réseau les sorts les plus extrêmes ,# Le conquérant qui va d' Arcole à Waterloo ,# Le prêtre à le cœur de feu que la cendre recouvre ,# Le roi , pasteur de le peuple , envieux dans son Louvre# De le vrai pâtre qui chante à l' ombre d' un bouleau ,",fr-8776
fr,HUG1917,Q1285,Q831469,De les Apennins à les Cordillières,"HUGO, Victor",1802,1885,Apennine Mountains,43.281667,12.581944,mountain,mountain,Baetic System,37,-3,mountain,mountain," Couvrant les têtes éclairées ,# Dans la plaine et sur la hauteur ,# Croît , et jette d' immenses lierres# De les Apennins à les Cordillières",fr-8866
fr,LAM21,Q41,Q1136637,"de la Grèce , Platon à Sunium","LAMARTINE, Alphonse",1790,1869,Greece,38.5,23,country,country,Sounion,37.64897,24.0301,cape,cape," Le doute égare aussi ces sublimes esprits ,# Et de la même argile ils ont été pétris .# Rassemblant les rayons de l’ antique sagesse ,# Socrate te cherchait à les beaux jours de la Grèce ,# Platon à Sunium te cherchait après lui :# Deux mille ans sont passés , je te cherche aujourd’hui ;# Deux mille ans passeront , et les enfants de les hommes# S’ agiteront encor dans la nuit où nous sommes .",fr-9488
fr,LAM61,Q6403,Q209270,De les rives de le Léman à les rochers d’ Appenzell,"LAMARTINE, Alphonse",1790,1869,Lake Geneva,46.45,6.55,lake,lake,Appenzell,47.330555555556,9.4086111111111,village,village," » Tes trois cents immortels s’ embrassaient pour mourir ;# » Telle enfin que , d’ Uri prenant ton vol sublime ,# » Comme un rapide éclair qui court de cime en cime ,# » De les rives de le Léman à les rochers d’ Appenzell ,# » Volant avec la mort sur la flèche de Tell ,# » Tu rassembles tes fils errant sur les montagnes ,# » Et , semblable à le torrent qui fond sur leurs campagnes ,",fr-9528
fr,LAM61,Q6403,Q209270,de le Léman à les rochers d’ Appenzell,"LAMARTINE, Alphonse",1790,1869,Lake Geneva,46.45,6.55,lake,lake,Appenzell,47.330555555556,9.4086111111111,village,village," » Tes trois cents immortels s’ embrassaient pour mourir ;# » Telle enfin que , d’ Uri prenant ton vol sublime ,# » Comme un rapide éclair qui court de cime en cime ,# » De les rives de le Léman à les rochers d’ Appenzell ,# » Volant avec la mort sur la flèche de Tell ,# » Tu rassembles tes fils errant sur les montagnes ,# » Et , semblable à le torrent qui fond sur leurs campagnes ,",fr-9528
fr,LAM61,Q14294,Q643,De le Tage à l’ Éridan,"LAMARTINE, Alphonse",1790,1869,Tagus River,38.8525,-9.0137,river,river,Po,44.97,12.546944444444,river,river," » Ces champs où tu fondas ton règne sur les mœurs !# » Alors … Mais aujourd’hui pardonne à mon silence !# » Quand ton nom , profané par l’ infâme licence ,# » De le Tage à l’ Éridan épouvantant les rois ,# » Fait crouler dans le sang les trônes et les lois ;# » Détournant leurs regards de ce culte adultère ,# » Tes purs adorateurs , étrangers sur la terre ,",fr-9528
fr,LAM88,Q14294,Q40855,De le Tage à le Borysthène,"LAMARTINE, Alphonse",1790,1869,Tagus River,38.8525,-9.0137,river,river,Dnieper,46.4964,32.2872,river,river," Ce panache d' Ivry que fit flotter un roi .# Ceux que ravit Condé sous les feux de Rocroi ,# Ceux enfin qui , guidant les fils de la victoire .# De le Tage à le Borysthène ont porté notre gloire .# Et n' ont rien rapporté de Vienne et d' Austerlitz# Que cent noms immortels sur leurs lambeaux écrits# Noirs , souillés , mutilés , teints de sang et de poudre ,",fr-9555
fr,LAM137,Q101583,Q220,De Thèbe et de Memphis à Rome,"LAMARTINE, Alphonse",1790,1869,Thebes,25.720555555556,32.610277777778,ancient city,ancient city,Rome,41.893055555556,12.482777777778,city,city," Comme en approchant de les rivages# Que bat le flot retentissant ;# Voyez passer l' esprit de l' homme .# De Thèbe et de Memphis à Rome ,# Voyageur terrible en tout lieu .# Partout brisant ce qu' il élève ,# Partout de la torche ou de le glaive",fr-9604
fr,LAM137,Q5715,Q220,De Thèbe et de Memphis à Rome,"LAMARTINE, Alphonse",1790,1869,Memphis,29.85412,31.25934,ancient city,ancient city,Rome,41.893055555556,12.482777777778,city,city," Comme en approchant de les rivages# Que bat le flot retentissant ;# Voyez passer l' esprit de l' homme .# De Thèbe et de Memphis à Rome ,# Voyageur terrible en tout lieu .# Partout brisant ce qu' il élève ,# Partout de la torche ou de le glaive",fr-9604
fr,LAP5,Q34589,Q3392,de l’ Euphrate à le Nil,"LAPRADE, Victor",1812,1883,Euphrates,31.0043,47.442,river,river,Nile,31.4653,30.3667,river,river," De le . maître armé de le fouet j’ ai bravé la poursuite .# Les astres , les oiseaux guidèrent seuls ma fuite ,# Enfin la caravane , à les cent groupes divers ,# Qui de l’ Euphrate à le Nil va par les grands déserts ,# Dans la foule étrangère en tumulte campée ,# Me reçut une nuit , moi l’ esclave échappée .# « Avant de parvenir à le bord de le fleuve-dieu ,",fr-9663
fr,LAP34,Q5684,Q220,de Babylone à Rome,"LAPRADE, Victor",1812,1883,Babylon,32.5425,44.4211111111111,ancient city,ancient city,Rome,41.893055555556,12.482777777778,city,city," Vois ce qu’ on fait là-bas de tout lâche rêveur# Qui se dévoue à le nom de saint et de sauveur .# Choisis , ou de régner ou de souffrir chez l’ homme .# Promène tes regards de Babylone à Rome ;# Vois , dans la pourpre et l’ or et dans les voluptés ,# Trôner sur les mortels les princes de les cités .# Les peuples à genoux adorent leurs fantômes ;",fr-9692
fr,LAP212,Q1524,Q1136637,D' Athènes à Sunium,"LAPRADE, Victor",1812,1883,Athens,37.9841666666667,23.7280555555556,ancient city,ancient city,Sounion,37.64897,24.0301,cape,cape," Et tes rochers de marbre à la cime éclatante# Semblent faits pour porter aussi de les Parthénons# Sous ton ciel , qui de les mers enflamme l' étendue ,# D' Athènes à Sunium on croit errer encor ;# La Muse ionienne est chez toi descendue ;# Elle vient m' y parler devant les îles d' Or .# Elle habite à jamais ton rivage , ô Provence ;",fr-9867
fr,LEC90,Q690347,Q12431,de Tharyq jusques à les Pyrénées,"LECONTE DE LISLE, Charles-Marie",1818,1894,Rock of Gibraltar,36.125833333333,-5.3430555555556,default,rock,Pyrenees,42.666666666667,1,mountain,mountain," Bondissant et hurlant comme un vol de démons !# Allah ! jours de triomphe , heures illuminées# Par l' héroïque orgueil hérité de les aïeux !# Quand , de le mont de Tharyq jusques à les Pyrénées ,# L' étendard de l' Islam flottait victorieux ;# Quand les Chrétiens , traqués à les rocs de les Asturies ,# Sur les sommets neigeux , à le fond de les antres sourds ,",fr-9990
fr,LEC119,Q13712,Q602,de le Tibre à le Rhône,"LECONTE DE LISLE, Charles-Marie",1818,1894,Tiber,41.740555555556,12.233333333333,river,river,Rhône,43.3342,4.8442,river,river," Et le très glorieux Pontife m' a commis# Le soin de faire affront , Christ , à tes ennemis ,# Et d' appliquer le feu sur toute chair malsaine .# Frères ! de le Tibre à le Rhône et de le Rhône à la Seine ,# J' ai couru , j' ai prêché , voici deux ans entiers ,# À les princes , à les barons , à les bourgeois , à les routiers ,# L' extermination par Dieu même prescrite",fr-10019
fr,LEC119,Q602,Q1471,de le Rhône à la Seine,"LECONTE DE LISLE, Charles-Marie",1818,1894,Rhône,43.3342,4.8442,river,river,Seine,49.434722222222,0.1175,river,river," Et le très glorieux Pontife m' a commis# Le soin de faire affront , Christ , à tes ennemis ,# Et d' appliquer le feu sur toute chair malsaine .# Frères ! de le Tibre à le Rhône et de le Rhône à la Seine ,# J' ai couru , j' ai prêché , voici deux ans entiers ,# À les princes , à les barons , à les bourgeois , à les routiers ,# L' extermination par Dieu même prescrite",fr-10019
fr,LEC132,Q45412,Q8717,de Coïmbre à Séville,"LECONTE DE LISLE, Charles-Marie",1818,1894,Coimbra,40.2111111111111,-8.42888888888889,city,city,Seville,37.383333333333,-5.9833333333333,city,city," Et le long manteau blanc de l' Ordre par-dessus ,# Avec dix chevaliers d' un sang très noble issus ,# Don Fadrique s' en vient de Coïmbre à Séville .# Le jeune Maître , né de Dona Léonor ,# Sur sa mule à grelots précède l' équipée ,# En silence et songeur , laissant pendre l' épée",fr-10032
fr,LEC182,Q565751,Q2292319,d' Épire apporte à le vieil Aitna,"LECONTE DE LISLE, Charles-Marie",1818,1894,Epirus,39.23651,20.71472,region,historic region,Aetna,37.61667,14.9,ancient city,ancient city," Jamais chanson pareille ici ne résonna !# Et la plainte est plus gaie , oui ! Par Perséphona !# Que la glauque Amphitrite exhale de ses lèvres# Et que le vent d' Épire apporte à le vieil Aitna !# Ami , prends ma syrinx , si légère et si douce ,# Dont la cire a gardé l' odeur de le miel récent :# Brûle -la comme moi qui meurs en gémissant ;",fr-10080
fr,LEG7,Q322453,Q6593,de Paimpol à Vanne,"LE GOFFIC, Charles",1863,1932,Paimpol,48.777777777778,-3.0463888888889,city,city,Vannes,47.655,-2.7616666666667,city,city," Le mal de les cités a pâli ton front ,# Mais tu peux aller de Paimpol à Vanne ,# Les gens de le pays te reconnaîtront .# Car ton corps n’ a point de grâces serviles ;# Tu n’ as pas changé ton pas nonchalant ;",fr-10097
fr,LEG73,Q71657,Q495468,de Lopéret à Ruguellou,"LE GOFFIC, Charles",1863,1932,Locmariaquer,47.569166666667,-2.9452777777778,village,village,La Feuillée,48.391666666667,-3.8536111111111,city,city," Longs appels de les chevreuils , comment vous oublier ? …# Huelgoat ! Huelgoat ! Sur la bruyère desséchée ,# Lorsque le vent d’ hiver menait sa chevauchée ,# Tout l’ horizon , de Lopéret à Ruguellou ,# Se rebroussait comme une immense peau de loup .# Mais , l’ été , quand le vend de le sud rasait la plaine ,# Si traînante et si douce était sa cantilène",fr-10161
fr,LFT254,Q90,Q220,de Paris jusqu’ à Rome,"La Fontaine, Jean de",1621,1695,Paris,48.8566666666667,2.35222222222222,city,city,Rome,41.893055555556,12.482777777778,city,city," Une surtout , ayant beaucoup d’ appas ,# Eut pour amant un jeune gentilhomme# Qu’on appeloit Richard Minutolo .# Il n’ étoit lors , de Paris jusqu’ à Rome ,# Galant qui sût si bien le numéro .# Force lui fut ; d’ autant que cette belle# ( Dont , sous le nom de madame Catelle ,",fr-10427
fr,LFT362,Q584,Q12431,de le Rhin jusqu' à les Pyrénées,"La Fontaine, Jean de",1621,1695,Rhine,47.6662,9.1786,river,river,Pyrenees,42.666666666667,1,mountain,mountain," Digne monarque de les François ,# Qui de le Rhin jusqu' à les Pyrénées# Portes la crainte de tes lois ,# Si le repentir de l' offense# Sert à les coupables de défense",fr-10533
fr,LFT437,Q5715,Q18102,de Memphis à Saint-Mandé,"La Fontaine, Jean de",1621,1695,Memphis,29.85412,31.25934,ancient city,ancient city,Saint-Mandé,48.841388888889,2.4177777777778,city,city," L' antiquité qu' on idolâtre ,# Pour qui le dieu de Cléopâtre ,# Sous nos murs enfin abordé ,# Vient de Memphis à Saint-Mandé ,# Puissiez-vous voir ces belles choses# Pendant mille moissons de roses !# Mille moissons , c' est un peu trop ;",fr-10608
fr,LOR25,Q5690,Q101583,de Sparte à Thèbes,"LORRAIN, Jean",1855,1906,Sparta,37.081944444444,22.423611111111,ancient city,ancient city,Thebes,25.720555555556,32.610277777778,ancient city,ancient city," Salut à le talent grec , salut à vous , marquise ,# Vous dont les cheveux d' or sont ornés de cythise ,# O vous dont les accents , ainsi qu' un long baiser# Qui planerait , immense et doux , de Sparte à Thèbes ,# Font après trois mille ans frissonner les éphèbes",fr-10697
fr,LOR70,Q848831,Q8810,"De Sicile en Brabant , de Mayence à Grenade","LORRAIN, Jean",1855,1906,Province of Brabant,50.78333333,4.63333333,region,region,Granada,37.178055555556,-3.6008333333333,city,city," À le dessus de les détroits et de les villes fameuses ,# Elles vont emplissant l' air de grands coups de fouets ;# Et dans de les cors d' airain de les nains à les bras fluets ,# De Sicile en Brabant , de Mayence à Grenade ,",fr-10742
fr,LOR70,Q1720,Q8810,de Mayence à Grenade,"LORRAIN, Jean",1855,1906,Mainz,49.9994444444444,8.27361111111111,city,city,Granada,37.178055555556,-3.6008333333333,city,city," À le dessus de les détroits et de les villes fameuses ,# Elles vont emplissant l' air de grands coups de fouets ;# Et dans de les cors d' airain de les nains à les bras fluets ,# De Sicile en Brabant , de Mayence à Grenade ,",fr-10742
fr,LOR130,Q9580,Q10282,De Burgos à Pampelune,"LORRAIN, Jean",1855,1906,Burgos,42.340833333333,-3.6997222222222,city,city,Pamplona,42.816666666667,-1.65,city,city," De Burgos à Pampelune# Dansent à le ciel espagnol ;# Et de Sêville à Grenade ,# S' éveillant à le ras de le sol ,",fr-10800
fr,LOR130,Q8717,Q8810,de Sêville à Grenade,"LORRAIN, Jean",1855,1906,Seville,37.383333333333,-5.9833333333333,city,city,Granada,37.178055555556,-3.6008333333333,city,city," De Burgos à Pampelune# Dansent à le ciel espagnol ;# Et de Sêville à Grenade ,# S' éveillant à le ras de le sol ,# Monte , implorant rossignol ,# L' implorante sérénade .",fr-10800
fr,LOR178,Q269732,Q1164176,De Fécamp à Saint-Léonard,"LORRAIN, Jean",1855,1906,Fécamp,49.7575,0.37916666666667,city,city,Saint-Léonard,49.741944444444,0.35833333333333,city,city," Elles allaient , la taille prise# Dans l’ étroite blouse en foulard# Sur la jupe de toile grise ,# De Fécamp à Saint-Léonard .# Elles allaient dans une ferme# Consoler un vieux désespoir ,# Une vieille amie avant terme",fr-10848
fr,LOU87,Q80344,Q132378,de l’ Olympe à l’ Œta,"LOUŸS, Pierre",1870,1925,Mount Olympus,40.06,22.35,mountain,mountain,Mount Oeta,38.816666666667,22.283333333333,mountain,mountain," Reviendra -t-il vers nous de les plaines élysées ?# Ressuscite , Adoré qu’ Élythris allaita !# Hesper , attire -nous de le souris d’ une étoile !# Nul ne verra -t-il plus de l’ Olympe à l’ Œta",fr-11008
fr,MAL50,Q12753,Q250106,"De Monsieur Élimir Bourges En Seine-et-Marne , à Samois","MALLARMÉ, Stéphane",1842,1898,Seine-et-Marne,48.6,3,region,region,Samois-sur-Seine,48.452222222222,2.75,city,city," Le feu de la céleste nue .# Les dames , les fleurs , les courges# Se partagent les émois# De Monsieur Élimir Bourges# En Seine-et-Marne , à Samois .# Paul Margueritte tout ce mois# Conduit un cob pas une carne# Sur les trottoirs de le haut Samois",fr-11279
fr,MAL50,Q96601828,Q48958,"de Saint-James , à Neuilly","MALLARMÉ, Stéphane",1842,1898,Parc de la Folie Saint-James,48.88252,2.257977,city part,city part,Neuilly-sur-Seine,48.887222222222,2.2675,city,city," Vieille Poste ( ou je vais t' en battre )# Et cours chez le docteur Robin# Rue , oui , de Saint-Pétersbourg quatre .# À le fond de Saint-James , à Neuilly ,# Le docteur Fournier n' a d' idée ,# Songeur , prudent et recueilli ,# Que de courtiser l' orchidée .",fr-11279
fr,MAL68,Q96099935,Q250106,de Valvins à Samois,"MALLARMÉ, Stéphane",1842,1898,Valvins,48.426629,2.74411,village,village,Samois-sur-Seine,48.452222222222,2.75,city,city, Encore pour lever la nasse# Le fleuve sans autres émois# Que l' aube bleue avec paresse# Coule de Valvins à Samois# Frigidement sous la caresse# Ce brusque mouvement pareil# A secouer de quelque épaule,fr-11297
fr,MEN15,Q318432,Q474771,de Dol à Kergloff,"MENDÈS, Catulle",1841,1909,Dol-de-Bretagne,48.549722222222,-1.7508333333333,city,city,Kergloff,48.274444444444,-3.6194444444444,city,city," Il disait en montrant le pain d' orge et de blé ,# Mais tout bas , car le bruit peut fâcher quand on mange :# « J' y mordrais bien aussi , si j' en avais ! » Pauvre ange !# Or , de Dol à Kergloff , il n' est que bons chrétiens ;# Nul ne criait : « Va -t'en ! » Plus d' un répondait : « Tiens ,# Prends ! » Et , le soir , tout seul , dans la lande lointaine ,# Il mangeait sous un arbre , à le bord de sa fontaine .",fr-11356
fr,MIC15,Q131792,Q13712,De l’ Orénoque jusqu’ à le Tibre,"MICHEL, Louise",1830,1905,Orinoco River,2.318,-63.3617,river,river,Tiber,41.740555555556,12.233333333333,river,river," Plus de larmes , le monde est libre ,# L’ esclavage s’ est effacé .# Car la Marseillaise a passé# De l’ Orénoque jusqu’ à le Tibre . »# Passons , passons les mers , passons les noirs vallons ,",fr-11434
fr,MIC21,Q62646,Q212,De la Germanie à l’ Ukraine,"MICHEL, Louise",1830,1905,Germania,50.9,11.1,region,historic region,Ukraine,49,32,country,country," Il me faut , comme à toi , l’ air et la liberté .# Là-haut , sur les sapins sont de doux nids d’ oiseaux ;# Dans le bois ténébreux ce sont de noirs corbeaux .# De la Germanie à l’ Ukraine ,# Ils ouvrent leurs ailes à le vent ;# Ils s’ en vont jetant dans la plaine# Leurs voix en rauque râlement .",fr-11440
fr,MON62,Q90,Q8356,de Paris jusqu' à Valladolid,"MONTESQUIOU, Robert",1855,1921,Paris,48.8566666666667,2.35222222222222,city,city,Valladolid,41.651980555556,-4.7285611111111,city,city," Il semble que le lied et l' étude copulent# En lui , pour procréer maint affreux petit lied ,# Marmaille de morceaux qui grouillent et pullulent ,# Et s' en vont de Paris jusqu' à Valladolid .# La ruisselante pluie à la vitre rougie# Ajoute à la sonate un arpège jumeau ;# Et l' éclair effrayant seconde la bougie",fr-11745
fr,MUS2,Q9580,Q15682,de Burgos à Cadix,"Musset, Alfred de",1810,1857,Burgos,42.340833333333,-3.6997222222222,city,city,Cádiz,36.535,-6.2975,city,city," Je vous déclare ici trois fois gredin et traître ,# Celui qui ne va pas proclamer , reconnaître ,# Que les plus belles mains qu' en ce chien de pays# On puisse voir encor de Burgos à Cadix ,# Sont celles de dona Cazales de Séville ,# Laquelle est ma maîtresse , à le dire de la ville ! ""# Ces mots , à peine dits , causèrent un haro",fr-12245
fr,MUS5,Q195958,Q17812,De Tolose à le Guadalété,"Musset, Alfred de",1810,1857,Toulouzette,43.755833333333,-0.68611111111111,village,village,Guadalete,36.578888888889,-6.2415361111111,river,river, Allons ! la belle nuit d' été !# Je veux ce soir de les sérénades# A faire damner les alcades# De Tolose à le Guadalété !,fr-12248
fr,MUS46,Q90,Q956,De Paris à Pékin,"Musset, Alfred de",1810,1857,Paris,48.8566666666667,2.35222222222222,city,city,Beijing,39.90403,116.407526,city,city,,fr-12289
fr,MUS48,Q5715,Q649,De Memphis à Moscou,"Musset, Alfred de",1810,1857,Memphis,29.85412,31.25934,ancient city,ancient city,Moscow,55.755833333333,37.617777777778,city,city," Armé de le soc de fer qui déchire et féconde ?# S' il te fallait alors de les spectacles guerriers ,# Est-ce assez d' avoir vu l' Europe dévastée ,# De Memphis à Moscou la terre disputée ,# Et l' étranger deux fois assis à nos foyers ,# Secouant de ses pieds la neige ensanglantée ?# S' il te faut aujourd'hui de les éléments nouveaux ,",fr-12291
fr,MUS93,Q220,Q90,De Rome à Paris,"Musset, Alfred de",1810,1857,Rome,41.893055555556,12.482777777778,city,city,Paris,48.8566666666667,2.35222222222222,city,city," Mes chiffons chéris ,# El de pied en cap être la poupée# La mieux équipée# De Rome à Paris .# Je voudrais garder pour toute science# Celle insouciance# Qui vous va si bien ;",fr-12336
fr,NOU86,Q271085,Q12191,de Sisteron à Nantes,"NOUVEAU, Germain",1851,1920,Sisteron,44.19,5.9463888888889,city,city,Nantes,47.217222222222,-1.5538888888889,city,city,"Puisque de Sisteron à Nantes ,# À le cabaret , tout français chante ,# Puisque je suis ton échanson ,# Je veux , ô Française charmante ,",fr-12900
fr,NOU122,Q127775,Q189059,De Ploërmel à Mytilène,"NOUVEAU, Germain",1851,1920,Ploërmel,47.931666666667,-2.3975,city,city,Mytilene,39.1047,26.5536,city,city," Aime un pécheur courant se mettre ,# Quelque coupable qu’ il puisse être ,# Sous la Sainte protection ;# De Ploërmel à Mytilène ,# Sur le forum , à le sein de les cours ,# Dans les monts , les bois et la plaine ,# Fût -ce une âme de crimes pleine ,",fr-12936
fr,NOU124,Q455657,Q475816,De Fos à Cavalaire,"NOUVEAU, Germain",1851,1920,Fos-sur-Mer,43.454444444444,4.9436111111111,city,city,Cavalaire-sur-Mer,43.171111111111,6.5291666666667,city,city," Maison de le matelot ,# Vers les rades d’ Hyère ,# Remets sa barque à flot ;# De Fos à Cavalaire ,# Pour les rêts d’ un pêcheur ,# D’ un lyon fort colère# Modère un peu l’ aigreur .",fr-12938
fr,NOU131,Q47465,Q211647,d' Aix à Beaucaire,"NOUVEAU, Germain",1851,1920,Aix-en-Provence,43.527777777778,5.4455555555556,city,city,Beaucaire,43.807222222222,4.6433333333333,city,city," Gueux de le Midi suivant trottoir# Et chemin blanc d' Aix à Beaucaire ,# Saints marmotteux , plus secs à voir# Que sarments , bruns comme vin noir ,# Male nouvelle vous apporte",fr-12945
fr,PAR100,Q207239,Q90,de Cythère Parut la plus belle à Paris,"PARNY, Évariste",1753,1814,Kythira,36.2575,22.9975,island,island,Paris,48.8566666666667,2.35222222222222,city,city," Part , vole , se montre à Myrtis ,# Et dit : « La reine de Cythère# Parut la plus belle à Paris :# L' heureuse pomme fut pour elle ;# Mais outre junon et Pallas# Toujours subsiste la querelle ,",fr-13133
fr,PEG3,Q752189,Q201352,de Limours à Pontoise,"PÉGUY, Charles",1873,1914,Limours,48.645555555556,2.0761111111111,city,city,Pontoise,49.050833333333,2.1008333333333,city,city, La réputation dans toute Seine et Oise# Que jamais ni le loup ni le chercheur de noise# N’ avaient pu lui ravir le plus chétif agneau .# Tout le monde savait de Limours à Pontoise# Et les vieux bateliers contaient à le fil de l’ eau# Qu’ assise à le pied de le saule et de le même bouleau# Nul n’ avait pu jouer cette humble villageoise .,fr-13186
fr,PON9,Q90,Q220,de Paris à Rome,"PONCHON, Raoul",1848,1937,Paris,48.8566666666667,2.35222222222222,city,city,Rome,41.893055555556,12.482777777778,city,city," Un rien qui sera tôt bouffé .# Qu’ est cela pour elle ? C’ est comme# Pour Bibi changer de café .# Donc bientôt , de Paris à Rome ,# On la verra faire le paon .# Et déjà plus d’ un se demande# Si le sort de le monde en dépend ;",fr-13238
fr,PON12,Q186115,Q773318,De Montmartre à Bercy,"PONCHON, Raoul",1848,1937,Montmartre,48.886944444444,2.3411111111111,city part,city part,Quartier de Bercy,48.836111111111,2.3833333333333,city part,city part," Et ses ondes bourrues# Envahissaient aussi# Les boulevards , les rues ,# De Montmartre à Bercy …# Si bien , qu’ en cette crise ,# Les habitants , surpris ,# Se trouvaient à … Venise ,",fr-13241
fr,REN9,Q130514,Q10288,de Louqsor à le Parthénon,"RENAUD, Armand",1836,1895,Luxor,25.6966666666667,32.6444444444444,city,city,Parthenon,37.971527,23.726601,ancient site,ancient site," Qui , l’ implorant de le fond de l’ ombre ,# Ne se soit trouvé consolé .# Son nom ! l’ homme l’ a sur les marbres# Mis de Louqsor à le Parthénon .# Partout , dans l’ eau , le vent , les arbres ,# La nature a tracé son nom .# Son nom ! son nom ! c’ est : Poésie !",fr-13734
fr,REN214,Q13329,Q2683,"de Plaisance , étant abbesse à Parme","RENAUD, Armand",1836,1895,Piacenza,45.05,9.7,city,city,Parma,44.801472222222,10.328,city,city,"JEANNE , orgueil de Plaisance , étant abbesse à Parme ,# Se tenait dans la salle où le maître de le charme ,# Corrège , l' avait peinte en Diane à le front pur ,# Prête à partir en char pour errer dans l' azur .",fr-13937
fr,REN216,Q989552,Q641,D' Érin que la brume enveloppe A Venise,"RENAUD, Armand",1836,1895,Érin,50.439166666667,2.2097222222222,village,village,Venice,45.439722222222,12.331944444444,city,city," Pour boire en paix de le chianti .# Il avait parcouru l' Europe ,# De les ports de la Hanse à Cadix ,# D' Érin que la brume enveloppe# A Venise où siègent les Dix .# Même à les côtes de Barbarie# Il avait trafiqué sans fin ,# Et surpassé comme rouerie",fr-13939
fr,RIC32,Q2701404,Q211604,De Ménilmuche à Montparno,"RICHEPIN, Jean",1849,1926,Ménilmontant,48.8661,2.3837,city part,city part,Montparnasse,48.843638888889,2.3238111111111,city part,city part," Après mon dernier barbotin# J’ai flasque de le poivre à la rousse .# Elle ira de turne on garno ,# De Ménilmuche à Montparno ,# Sans pouvoir remoucher mon gniasse .# Je me camoufle en pélican .# J’ ai de le pellard à la tignasse .",fr-14013
fr,RIC43,Q3399184,Q773318,De le Point-du-Jour à Bercy,"RICHEPIN, Jean",1849,1926,porte du Point-du-Jour,48.8372,2.26,city part,city part,Quartier de Bercy,48.836111111111,2.3833333333333,city part,city part," Un chapeau de paille encore ,# Un troisième , un autre ! Ainsi# Le rivage se décore# De le Point-du-Jour à Bercy .# Sous ces éteignoirs sans nombre# Rien ne bouge . On ne peut voir# Que les pas lents de leur ombre",fr-14024
fr,RIC224,Q186115,Q207239,de Montmartre à Cythère,"RICHEPIN, Jean",1849,1926,Montmartre,48.886944444444,2.3411111111111,city part,city part,Kythira,36.2575,22.9975,island,island," De pleurer encor quand j' y pense ,# A celui -là j' offre recta# Quarante sous de récompense .# A qui , de Montmartre à Cythère ,# Trouverait , pour qu' il l' attestât ,# Fille de gueux ou de notaire# Plus belle d' un seul iota",fr-14203
fr,RIC282,Q12191,Q1479,de Nantes jusqu’ à Bordeaux,"RICHEPIN, Jean",1849,1926,Nantes,47.217222222222,-1.5538888888889,city,city,Bordeaux,44.837777777778,-0.57944444444444,city,city," J’ y fournirai , t’ y fourniras ,# Moi l’ huile à ta lanterne .# Toi l’ huilʼ de bras .# Et de Nantes jusqu’ à Bordeaux# Trime à la matelote ,# N’ ayant qu’ un tricot sur le dos ,# Et pour fond de culotte",fr-14261
fr,RIM34,Q235297,Q3001,de Tréguier À Paramaribo,"RIMBAUD, Arthur",1854,1891,Tréguier,48.785,-3.2325,village,village,Paramaribo,5.8666666666667,-55.166666666667,city,city," Sur le mal de les pommes de terre !# — Et , pour la composition# De poèmes pleins de mystère# Qu'on doive lire de Tréguier# À Paramaribo , rachète# De les Tomes de Monsieur Figuier ,",fr-14363
fr,SAM153,Q922498,Q3297078,de Galad à Sodome,"SAMAIN, Albert",1858,1900,Gilead,32.55,35.85,region,historic region,Sodom,31.2,35.5,ancient city,ancient city," Ainsi devant le ciel Tsilla , fille d' un homme ,# Connut , ayant quinze ans , Phaëlim , fils de Dieu ;# Et ceci se passait près d' Hesbon , à le milieu# De le pays qui s' étend de Galad à Sodome .# Ils s' aimaient ; à travers leurs candides prunelles# Passait la grande extase où toute l' âme fond ;# L' infini se mirait dans leur amour profond .",fr-15298
fr,TAI10,Q3783,Q626,De le fleuve Amazone à le Volga,"TAILHADE, Laurent",1854,1919,Amazon,0.707777777777778,-50.0894444444444,river,river,Volga,45.695,47.8975,river,river," Il estime l’ amer Picon .# La mouche fuit quand il jaspine :# Tancrède Machin est un con .# De le fleuve Amazone à le Volga ,# D’ Asnière à l’ Île Philippine ,# Quel primate se distingua# Plus que Tancrède en la rapine",fr-15630
fr,TAI23,Q25286,Q85,de les in-folios connus d’ Upsal à le Caire,"TAILHADE, Laurent",1854,1919,Uppsala,59.849760548324,17.638946597524,city,city,Cairo,30.0444444444444,31.2358333333333,city,city," On le prendrait , tant il est beau , pour un dentiste .# Jadis potard , expert à triturer les bols ,# Il rêvait , dédaignant le nom d’ apothicaire ,# À de les in-folios connus d’ Upsal à le Caire .# — Et ses dormirs furent hantés par les Kobolds .# Maintenant , l’ œil féroce et la bouche crispée ,# Il récite devant l’ indulgence attroupée",fr-15643
fr,TAI64,Q5332,Q132671,de Saratow à Pau,"TAILHADE, Laurent",1854,1919,Saratov,51.533333333333,46,city,city,Pau,43.300833333333,-0.37,city,city," L’ honneur fleurit à l’ ombre de le Drapeau .# Prince Crozier , successeur de Montjoie ,# Le protocole est dans la bonne voie ;# Chaulons noël de Saratow à Pau !# Que l’ iris de les trois couleurs se déploie :",fr-15684
fr,TAI65,Q204648,Q271659,de Port-Vendre à Gonesse,"TAILHADE, Laurent",1854,1919,Port-Vendres,42.518055555556,3.105,city,city,Gonesse,48.986666666667,2.4486111111111,city,city," Mais la Boulange , emmi ses claquedents ,# Le vit monter « en esquivant la roue » :# C’ est un requin avec de fausses dents .# Les électeurs , de Port-Vendre à Gonesse ,# Fidèlement reconduisent son breack .# Lourdauds impurs ! Faut -il qu’ on méconnaisse# Goethe et Morny panachés de Gobseck ,",fr-15685
fr,THL32,Q79,Q5765,de l' Égypte jusqu' à les îles Baléares,"TAILHÈDE, Raymond",1867,1938,Egypt,27,29,country,country,Balearic Islands,39.5,3,island,archipelago," De les brouillards s' étendaient dans la pourpre de le vent# Sur de les rivages de roses surnaturelles# Quand nous sommes allés vers le soleil levant .# Mais de l' Égypte jusqu' à les îles Baléares ,# Quand le ciel fut rempli de les clartés de Vénus ,# Nous avons oublié les légendes barbares ,# Nous avons vu grandir de les astres inconnus",fr-15738
fr,TOU266,Q668,Q213137,DE l' Inde jusqu' à les Grandes Indes,"TOULET, Paul-Jean",1867,1920,India,22.8,83,country,country,East Indies,1,103,region,region," L' été aussi , ce ne fut qu' un mirage . L' été aussi , ce ne fut qu' un mirage .# Comme la vie a fané notre cœurComme la vie a fané notre cœur# Novembre insulte à la fleur de le bocage.Novembre insulte à la fleur de le bocage .# DE l' Inde jusqu' à les Grandes Indes# Sur les bords de le lointain Cathay ,# Quel objet t' égale en beauté ,# Ma Rosalinde ?",fr-16022
fr,TST4,Q35600,Q130135,de l' Oural à l' Atlas,"TASTET, Tyrtée",1809,1865,Ural Mountains,60,59,mountain,mountain,Atlas Mountains,31.0619444444444,-7.91611111111111,mountain,mountain," Gaule de les Brenns , à nos cœurs toujours chère ,# Fils de tes fils , que ne pouvons-nous pas ?# Le Celte encor sait mordre la poussière ;# Il a régné de l' Oural à l' Atlas .# Chez nous jamais do forfaiture ;# De gloire en gloire nous marchons .# Nous rendons fière la nature ,",fr-16280
fr,TST6,Q584,Q552,de le Rhin à l' Oder,"TASTET, Tyrtée",1809,1865,Rhine,47.6662,9.1786,river,river,Oder,53.6017,14.5897,river,river," Nous saurons dans l' affreux te suivre jusqu' à le bout ,# Et , rendant ses leçons à la docte maîtresse ,# Y promener si bien la torche vengeresse ,# Que de le Rhin à l' Oder rien ne reste debout .# Meurs , ou tue ! Entre nous , et c' est vous qui le dites ,# La justice est sans force et les lois sont maudites ,# Le carnage et l' horreur ont seuls droit d' exister .",fr-16282
fr,VER18,Q5690,Q758056,De Spartè la sévère à la rieuse Attique,"Verlaine, Paul-Marie",1844,1896,Sparta,37.081944444444,22.423611111111,ancient city,ancient city,Attica Region,38,23.7,region,region," Valmiki l’ excellent à l’ excellent Rama :# Telles sur un étang deux touffes de padma .# — Et sous tes cieux dorés et clairs , Hellas antique ,# De Spartè la sévère à la rieuse Attique ,# Les Aèdes , Orpheus , Alkaïos , étaient# Encore de les héros altiers , et combattaient .# Homéros , s’ il n’ a pas , lui , manié le glaive ,",fr-16500
fr,VER528,Q273827,Q1173,De la Champagne et de l' Argonne à la Bourgogne,"Verlaine, Paul-Marie",1844,1896,Champagne,49,4,region,historic region,Burgundy,47,4.5,region,region," Où l’ âme se blottit comme en un nid de mousse !# Et fi donc de la sale « âme parisienne » !# Vive l’ esprit français , d’ Artois jusqu’ en Gascogne ,# De la Champagne et de l' Argonne à la Bourgogne",fr-16784
fr,VER528,Q649125,Q1173,de l' Argonne à la Bourgogne,"Verlaine, Paul-Marie",1844,1896,Forest of Argonne,49.15,4.9666666666667,mountain,mountain,Burgundy,47,4.5,region,region," Où l’ âme se blottit comme en un nid de mousse !# Et fi donc de la sale « âme parisienne » !# Vive l’ esprit français , d’ Artois jusqu’ en Gascogne ,# De la Champagne et de l' Argonne à la Bourgogne",fr-16784
fr,VER592,Q90,Q2981,de Paris on entre à Notre-Dame,"Verlaine, Paul-Marie",1844,1896,Paris,48.8566666666667,2.35222222222222,city,city,Notre-Dame de Paris,48.853,2.3498,city part,city part,"À le sortir de Paris on entre à Notre-Dame .# Le fracas blanc vous jette à les accords long-voilés ,# L’ affreux soleil criard à l’ ombre qui se pâme ,# Qui se pâme , à les regards de les vitraux constellés ,",fr-16900
fr,VER487,Q206493,Q194160,De Sèvres à Clamart,"Verlaine, Paul-Marie",1844,1896,Sèvres,48.823055555556,2.2108333333333,city,city,Clamart,48.800833333333,2.2619444444444,city,city," En nous aimant plus fort , nous nous consolerons .# Les dimanches et jours de fêtes , car tu goûtes# Ça , l’on ne verra plus que nous deux sur les routes# De Sèvres à Clamart et de Meudon à le Pecq ,# Avec de les propos gais , mais retenus à le bec .# Nous rentrerons vanés , fauchés – l’ or embarrasse# Aussi parfois – et puis nous dormirons , chair lasse ,",fr-17049
fr,VER487,Q234735,Q275366,de Meudon à le Pecq,"Verlaine, Paul-Marie",1844,1896,Meudon,48.8075,2.2402777777778,city,city,Le Pecq,48.896666666667,2.1061111111111,city,city," En nous aimant plus fort , nous nous consolerons .# Les dimanches et jours de fêtes , car tu goûtes# Ça , l’on ne verra plus que nous deux sur les routes# De Sèvres à Clamart et de Meudon à le Pecq ,# Avec de les propos gais , mais retenus à le bec .# Nous rentrerons vanés , fauchés – l’ or embarrasse# Aussi parfois – et puis nous dormirons , chair lasse ,",fr-17049
fr,VER498,Q103011,Q201272,de Corinthe à Paros,"Verlaine, Paul-Marie",1844,1896,Corinth,37.9386111111111,22.9272222222222,city,city,Paros,37.05,25.183333333333,island,island," De rustres s’ en allant en guerre de quel air ?# Nous , rois de l’ infini , de le Ciel et de l’ Enfer# Qu’ Héphaistos a vêtus et que délace Éros ,# Et qui , de tous les dieux , de Corinthe à Paros ,# Avons fait nos égaux , bronze et marbre , or et fer !# Car le poète , enfin vainqueur et hors à les foules ,# Comme Poseidon met de le geste un frein de les houles",fr-17060
fr,VER722,Q70,Q4191,De Berne à Lucerne,"Verlaine, Paul-Marie",1844,1896,Bern,46.94798,7.44743,city,city,Lucerne,47.0523,8.3059,city,city," À le prix , flagrances et fragrances ,# De qui Brummel est un raté .# Rod qu’ on surnomme Alcibiade# De Berne à Lucerne et d’ Uri# Jusqu’ en Bâle , Rod un peu fade ,# Ce Rod ineffable a souri ,# Paraît -il , de ma mine affreuse -",fr-17144
fr,VER846,Q90,Q649,de les villes De les Paris à les Moscous,"Verlaine, Paul-Marie",1844,1896,Paris,48.8566666666667,2.35222222222222,city,city,Moscow,55.755833333333,37.617777777778,city,city," La nature frémit d' aise , et voici que sonne# Partout dans la campagne , à le cœur de les vieux beffrois# De l' altier campanile et de le palais de les rois ,# Et de tous les fracas religieux de les villes# De les Paris à les Moscous , de les Londres à les Sévilles ,# Le frais appel pour l' alme célébration# De l' almissime jour de résurrection …# La colombe vole à le sillon et l' agneau broute .",fr-17352
fr,VER846,Q90,Q649,De les Paris à les Moscous,"Verlaine, Paul-Marie",1844,1896,Paris,48.8566666666667,2.35222222222222,city,city,Moscow,55.755833333333,37.617777777778,city,city," Partout dans la campagne , à le cœur de les vieux beffrois# De l' altier campanile et de le palais de les rois ,# Et de tous les fracas religieux de les villes# De les Paris à les Moscous , de les Londres à les Sévilles ,# Le frais appel pour l' alme célébration# De l' almissime jour de résurrection …# La colombe vole à le sillon et l' agneau broute .",fr-17352
fr,VER846,Q84,Q8717,de les Londres à les Sévilles,"Verlaine, Paul-Marie",1844,1896,London,51.507222222222,-0.1275,city,city,Seville,37.383333333333,-5.9833333333333,city,city," Partout dans la campagne , à le cœur de les vieux beffrois# De l' altier campanile et de le palais de les rois ,# Et de tous les fracas religieux de les villes# De les Paris à les Moscous , de les Londres à les Sévilles ,# Le frais appel pour l' alme célébration# De l' almissime jour de résurrection …# La colombe vole à le sillon et l' agneau broute .",fr-17352
fr,VER912,Q220,Q766,de Rome Rome à la Jamaïque Jamaïque,"Verlaine, Paul-Marie",1844,1896,Rome,41.893055555556,12.482777777778,city,city,Jamaica,18.18,-77.4,country,country,,fr-17403
fr,VIG19,Q42810,Q4629,de le Havre à Surate,"VIGNY, Alfred",1797,1863,Le Havre,49.494166666667,0.10805555555556,city,city,Surat,21.205,72.84,city,city," Ses mâts , en arrière penchés ,# Paraissaient à demi-couchés .# Dix fois plus vive qu' un pirate ,# En cent jours de le Havre à Surate# Elle nous emporta souvent .# ― Qu' elle était belle , ma frégate ,# Lorsqu' elle voguait dans le vent !",fr-17626
fr,VIG25,Q1588,Q2747220,De la Louisiane à les deux sœurs Carolines,"VIGNY, Alfred",1797,1863,Louisiana,31,-92,region,region,The Carolinas,34.8047222222222,-79.6752777777778,region,region," Elle dit , en fondant chaque neuve cité :# "" Vous m' appelez la Loi , je suis la Liberté . ""# Sur le haut de les grands monts , sur toutes les collines ,# De la Louisiane à les deux sœurs Carolines .# L' œil de l' Européen qui l' aime et la connaît# Sait voir planer de loin sa pique et son bonnet .# Son bonnet phrygien , cette pourpre où s' attache ,",fr-17632
fr,VIG34,Q148,Q419,De la Chine à le Pérou,"VIGNY, Alfred",1797,1863,People's Republic of China,35.8447222222222,103.451944444444,country,country,Peru,-9.4,-76,country,country," Forçant les sangliers et détruisant les loups ;# Galants guerriers sur terre et sur mer , se montrèrent# Gens d' honneur en tout temps comme en tous lieux , cherchant# De la Chine à le Pérou les Anglais , qu' ils brûlèrent# Sur l' eau qu' ils écumaient de le levant à le couchant ;# Puis , sur leur talon rouge , en quittant les batailles ,# Parfumés et blessés revenaient à Versailles",fr-17641
fr,VOL44,Q1075988,Q142,"de son Louvre fatal , Médicis à la France","AROUET, François-Marie",1694,1778,Louvre Palace,48.861028,2.335886,palace,palace,France,47,2,country,country," Vous frémissez , madame , à cet affreux récit :# Tant d’ horreur vous surprend ; mais de leur barbarie# Je ne vous ai conté que la moindre partie .# On eût dit que , de le haut de son Louvre fatal ,# Médicis à la France eût donné le signal ;# Tout imita Paris : la mort sans résistance# Couvrit en un moment la face de la France .# Quand un roi veut le crime , il est trop obéi !",fr-18083
fr,VOL50,Q14294,Q643,De le Tage à l’ Éridan,"AROUET, François-Marie",1694,1778,Tagus River,38.8525,-9.0137,river,river,Po,44.97,12.546944444444,river,river," L’ Espoir , l’ Effroi , le Doute , et la Crédulité ,# De sa brillante voix , trompette de la gloire ,# De le héros de la France annonçait la victoire .# De le Tage à l’ Éridan le bruit en fut porté ,# Le Vatican superbe en fut épouvanté .# Le Nord à cette voix tressaillit d’ allégresse ;# Madrid frémit d’ effroi , de honte , et de tristesse .",fr-18089
fr,VOL100,Q15,Q419,De l' Afrique à le Pérou,"AROUET, François-Marie",1694,1778,Africa,21.09375,7.1881,continent,continent,Peru,-9.4,-76,country,country," Condamine l' observateur ,# De l' Afrique à le Pérou conduit par Uranie ,# Par la gloire , et par la manie ,# S' en va griller sous l' équateur ,# Maupertuis et Clairaut , dans leur docte fureur ,",fr-18139
fr,VOL118,Q64,Q90,de Berlin à Paris,"AROUET, François-Marie",1694,1778,Berlin,52.516666666667,13.383333333333,city,city,Paris,48.8566666666667,2.35222222222222,city,city," À vos tonnerres menaçants ,# Qui se mêlent à les cris perçants# De les cent voix de la renommée .# Je vois de Berlin à Paris# Cette déesse vagabonde ,# De Frédéric et de Louis# Porter les noms à le bout de le monde ;",fr-18157
ru,axmat-721,Q167668,Q959,От Либавы до Владивостока,Ahmatova A.A.,1889,1966,Liepāja,56.508333333333,21.011111111111,city,city,Vladivostok,43.116666666667,131.9,city,city," Так меня тринадцать лет клянут .# Неуклонно , тупо и жестоко# И неодолимо , как гранит ,# От Либавы до Владивостока",ru-11921
ru,brius-0786,Q2981,Q41876,"с неба Notre-Dame , Знай : в Реймсе",Brjusov V.Ja.,1873,1924,Notre-Dame de Paris,48.853,2.3498,city part,city part,Reims,49.265277777778,4.0286111111111,city,city," Соборов древние химеры# Отметят , губителя губя .# Подъявший длань на храмы - чудо ,# Громивший с неба Notre-Dame ,# Знай : в Реймсе каменная груда# Безмолвно вопиет к векам !# И этот вопль призывный слышат# Те чудища , что ряд веков ,",ru-19388
ru,brius-0784,Q1286,Q12689,От Альп неподвижных до Па-де-Кале,Brjusov V.Ja.,1873,1924,Alps,46.5780555555556,8.615,mountain,mountain,Pas-de-Calais,50.95,1.85,region,region,,ru-18698
ru,brius-0864,Q490,Q1286,Из Милана Милана на профили Альп,Brjusov V.Ja.,1873,1924,Milan,45.466944444444,9.19,city,city,Alps,46.5780555555556,8.615,mountain,mountain,,ru-19554
ru,brius-0352,Q1286,Q173292,От Альп крепковыйных до ясной Капреи,Brjusov V.Ja.,1873,1924,Alps,46.5780555555556,8.615,mountain,mountain,Capri,40.55,14.233333333333,island,island," Озаряя гроты прозрачные ,# Говорят и живут !# Ты прекрасна , Италия ,# От Альп крепковыйных до ясной Капреи# И далее ,# До пустынь когда-то богатой Сицилии ,# Где сирокко , устав и слабея ,",ru-19600
ru,brius-0352,Q173292,Q1460,"От Альп крепковыйных до ясной Капреи И далее , До пустынь когда-то богатой Сицилии",Brjusov V.Ja.,1873,1924,Capri,40.55,14.233333333333,island,island,Sicily,37.599958333333,14.015377777778,region,region," Озаряя гроты прозрачные ,# Говорят и живут !# Ты прекрасна , Италия ,# От Альп крепковыйных до ясной Капреи# И далее ,# До пустынь когда-то богатой Сицилии ,# Где сирокко , устав и слабея ,# Губит высокие лилии ,# Цветы святого Антония , - -",ru-19600
ru,antkl-360,Q133274,Q4472241,от Кремля до Земляного вала,Antokolskij P.G.,1896,1978,Moscow Kremlin,55.7516666666667,37.6177777777778,city part,city part,Zemlyanoy Val Street,55.7525,37.655833333333,city part,city part," Всех этих смуглых обнаженных тел .# Но всё светлей навстречу нам вставала# Разубранная , как для торжества ,# Вся , от Кремля до Земляного вала ,# Оправленная в золото Москва .# Так призрачно задымлены бульвары ,# Так бойко льетга разбитная речь .",ru-23648
ru,antkl-137,Q2807,Q18869,от Мадрида до Кавказа,Antokolskij P.G.,1896,1978,Madrid,40.4169444444444,-3.70333333333333,city,city,Caucasus,42.261111111111,44.121111111111,region,land," Как молодел солдатский гнев ,# А между тем века летели .# Три ночи кряду колесил# Он от Мадрида до Кавказа ,# Чтоб у друзей хватило сил# Войти в страну его рассказа .# Седой солдат , седой поэт ,",ru-23799
ru,antkl-301,Q592880,Q4472241,от Воробьевых гор До Земляного вала,Antokolskij P.G.,1896,1978,Sparrow Hills,55.71,37.545,city part,city part,Zemlyanoy Val Street,55.7525,37.655833333333,city part,city part,"Весна от Воробьевых гор# До Земляного вала# Вела с чужими разговор# И дальше кочевала ,# И дети шли с хлыстами верб",ru-23837
ru,antkl-004,Q179224,Q959,От Дувра до Владивостока,Antokolskij P.G.,1896,1978,Dover,51.1275,1.3122222222222,city,city,Vladivostok,43.116666666667,131.9,city,city," И волны гнал назад к Ла-Маншу .# Под звон цепей , под лязг вериг ,# В порывах пара , в мчанье тока ,# От Дувра до Владивостока# Метался старый материк :# Казармы , банки , тюрьмы , храмы# Черным - черны , мертвым - мертвы .",ru-23624
ru,antkl-099,Q42956,Q580,от Харбина до Лодзи,Antokolskij P.G.,1896,1978,Harbin,45.75,126.63333333333,city,city,Łódź,51.75,19.466666666667,city,city," Потом , опозорена охрой казарм ,# Для Чацкого стала мильоном терзаний .# Румяная сдоба , блинная опара# Скликала обжор от Харбина до Лодзи . . .# Курьерский летел в оперении пара# Сквозь ельник и дождь , рычагами елозя .# На мягком диванчике первого класса",ru-23886
ru,antkl-210,Q15288,Q1139404,от Ладоги до Мсты,Antokolskij P.G.,1896,1978,Lake Ladoga,60.8427777777778,31.4597222222222,lake,lake,Msta,58.415555555556,31.338333333333,river,river," Он влетал как молния и ветер ,# Говорил с историей на ТЫ# И мужское обожанье встретил# На постах от Ладоги до Мсты .# Чудо это было ? Нет , не чудо !# Это с нами грелась у костра# Женщина , пришедшая оттуда ,",ru-23740
ru,antkl-381,Q38,Q656,Из далекой Италии в Санкт-Петербург,Antokolskij P.G.,1896,1978,Italy,42.5,12.5,country,country,Saint Petersburg,59.95,30.316666666667,city,city,Из далекой Италии в Санкт-Петербург# Молодой возвратился художник .# Для него беснование северных пург# Преисполнилось зовов тревожных .,ru-23708
ru,antkl-367,Q4498825,Q991032,От Ходынки вплоть до Цусимы,Antokolskij P.G.,1896,1978,Khodynka,55.7969444444444,37.5113888888889,river,river,Tsushima,34.2027777777778,129.287527777778,city,city," Топай , гадина , день - деньской !# По сибирским снегам носимый ,# Прямиком дойти не посмев ,# От Ходынки вплоть до Цусимы# Пробирается Красный Смех .# Всполошилась , не спит охрана . - -# Где-то Красный поет Петух . . .",ru-23751
ru,antkl-002,Q626,Q584,от Волги до Рейна,Antokolskij P.G.,1896,1978,Volga,45.695,47.8975,river,river,Rhine,47.6662,9.1786,river,river," Твоя колыбель развалилась - - подымем тебя на леса .# Рожденный в годину расплаты , о тех , кто платил , не печалься .# Расчет платежами был красен : недаром на вышку ты влез .# Недаром от Волги до Рейна , под легкую музыку вальсов ,# Под гром императорских гимнов , под огненный марш марсельез ,# Матросы , ткачи , инженеры , шахтеры , застрельщики , вестники ,# Рабочие люди вселенной друг друга зовут из-за гор ,",ru-23537
ru,antkl-368,Q548,Q79082,от Вислы до самой Камы,Antokolskij P.G.,1896,1978,Vistula,54.3641,18.9522,river,river,Kama,55.5903,51.5039,river,river," Те же вьюги поют в ночах ,# Те же дети плачут босые ,# Тот же вдовий остыл очаг .# И от Вислы до самой Камы# Костылей ли , костей ли стук .# Под свинцовыми облаками# Гонит скот на восток пастух …",ru-23850
ru,antkl-155,Q4472241,Q133274,От Земляного вала до Кремля,Antokolskij P.G.,1896,1978,Zemlyanoy Val Street,55.7525,37.655833333333,city part,city part,Moscow Kremlin,55.7516666666667,37.6177777777778,city part,city part," Так крепко спал семивековый город ,# Так мирно он посапывал , дремля ,# Так распахнул он домотканый ворот# От Земляного вала до Кремля ,# Как будто этот сон столетья длится ,# А троечный бубенчик под дугой# Умчался вдаль , звенит в другой столице ,",ru-23699
ru,antkl-125,Q545,Q166,От Балтики до Черноморья,Antokolskij P.G.,1896,1978,Baltic Sea,58,20,sea,sea,Black Sea,43.41,34.26,sea,sea," Решенье , роковое для тебя .# Пока вопила в Подмосковье вьюга ,# Пока гудел от севера до юга ,# От Балтики до Черноморья шквал ,# Пока он в океанах бушевал ,# Лохмотья пены по свету кидая ,# Стремился к Бирме , угрожал в Китае",ru-23588
ru,antkl-362,Q12431,Q161750,От Пиреней до древнего Памира,Antokolskij P.G.,1896,1978,Pyrenees,42.666666666667,1,mountain,mountain,Pamir Mountains,39.0019444444444,71.99975,mountain,mountain," И сам пройди невидимо сквозь них .# В их черном списке все подростки мира ,# Вся поросль человеческой весны .# От Пиреней до древнего Памира# Они в зловещих поисках точны .# Почувствуй же , каким преданьем древним# Повеяло от смуглого чела .",ru-23733
ru,antkl-015,Q4498825,Q991032,От черной Ходынки до желтой Цусимы,Antokolskij P.G.,1896,1978,Khodynka,55.7969444444444,37.5113888888889,river,river,Tsushima,34.2027777777778,129.287527777778,city,city," Всех вахту ночную несущих .# То он , идиот , подсудимый , носимый# По серым низинам и взгорьям ,# От черной Ходынки до желтой Цусимы ,# С молебном , гармоникой , горем . . .# На пир , на расправу , без права на милость ,# В сорвавшийся крутень столетья",ru-23766
ru,bergh-238,Q34640,Q183,от Ламанша рванулись на Германию,Berggolts O.F.,1910,1975,English Channel,50,-2,sea,sea,Germany,51,10,country,country," «Скажи , что Грозного не отдадут ! »# «Скажи , скажи , что снова стала нашей# Кубань , Ростов и пламенный Донбасс» .# «Скажи , что англичане от Ламанша# рванулись на Германию сейчас ! »# . . . Но как полынью горем сводки дышат .# Встань и скажи себе , с трудом дыша :# «Ты , может быть , еще не то услышишь ,",ru-10655
ru,bergh-359,Q159,Q5428,Из России в Сибирь,Berggolts O.F.,1910,1975,Russia,66.4166666666667,94.25,country,country,Siberia,60,105,region,region," Из России в Сибирь далеко .# Ох ты , матушка наша Россия ,# расставаться с тобой нелегко .# На машине мы ехали долго ,",ru-10456
ru,utkin-064,Q959,Q36,"От Владивостока , и до Польши",Utkin I.P.,1903,1944,Vladivostok,43.116666666667,131.9,city,city,Poland,52,19,country,country," Занимая Керчь или Тагил ,# Обрести последнее удобство# Братских достопамятных могил .# От Владивостока , и до Польши# Проведен пунктир кровавый - - тел .# Но спроси , поставь любого - - больше# Ничего никто и не хотел !",ru-4857
ru,utkin-085,Q6862,Q4528198,"От Амура и до Шуи , До Архангельска",Utkin I.P.,1903,1944,Amur River,53.3333,121.4814,river,river,Shuya,59.48678,39.63471,river,river," За прибоем спит страна !# И на тыщи верст в окружье# Нерушимая / она .# От Амура и до Шуи ,# До Архангельска за Кемь# Мы храним ее , большую ,# Не рушимую никем .# Дует ветер из-за сопок",ru-4812
ru,utkin-085,Q4528198,Q1851,"От Амура и до Шуи , До Архангельска",Utkin I.P.,1903,1944,Shuya,59.48678,39.63471,river,river,Arkhangelsk,64.55,40.533333333333,city,city," За прибоем спит страна !# И на тыщи верст в окружье# Нерушимая / она .# От Амура и до Шуи ,# До Архангельска за Кемь# Мы храним ее , большую ,# Не рушимую никем .# Дует ветер из-за сопок",ru-4812
ru,epolo-092,Q590269,Q4473315,от Мойки до Бассейной,Polonskaja E.G.,1890,1969,Moyka River,59.92625,30.273527777778,river,river,Nekrasova Street in St. Petersburg,59.93874,30.35718,city part,city part," А ты , злословие , - - молчи# И вырви свой язык лукавый .# Пусть слава десяти имен# Пройдет от Мойки до Бассейной# И каждый - - имя - - Серапьон# Произнесет благоговейно .# Душевной робости полна ,",ru-22242
ru,epolo-291,Q185518,Q185518,Из Рангуна в Мандалей . На дороге в Мандалей,Polonskaja E.G.,1890,1969,Mandalay,21.9830555555556,96.0844444444444,city,city,Mandalay,21.9830555555556,96.0844444444444,city,city," Возвращайся в Мандалей ,# Где стоянка кораблей ,# Слышишь , хлопают их весла# Из Рангуна в Мандалей .# На дороге в Мандалей# Плещет рыб летучих стая ,# И заря , как гром , приходит# Через море из Китая .",ru-22502
ru,zenk2-096,Q43105,Q207680,От Эльбруса и до Казбека,Zenkevich M.A.,1886,1973,Mount Elbrus,43.35254,42.437875,mountain,mountain,Mount Kazbek,42.6969444444444,44.5188888888889,mountain,mountain," Забудь про все , смотри и стой :# С тысячеверстного разбега# Прибоем горным бьет к тебе# От Эльбруса и до Казбека# Кавказский снеговой хребет ,# Как на гранитных кручах пророс# И прицепился к облачной груде",ru-6943
ru,zabol-206,Q548,Q1229,из Вислы на Дону,Zabolotskij N.A.,1903,1958,Vistula,54.3641,18.9522,river,river,Don,47.0864,39.2386,river,river," хотя пора кричать грифону .# Коза кричит с акулой вместе .# Акула - - с глазками невесты# в фате из Вислы на Дону .# Пора кричать теперь тритону .# Тритон молчит - - поет сова ,# как шар слепая голова",ru-10857
ru,gumil-076,Q3392,Q220,С берегов далеких Нила В Рим,Gumilev N.S.,1886,1921,Nile,31.4653,30.3667,river,river,Rome,41.893055555556,12.482777777778,city,city," С берегов далеких Нила# В Рим привез и шкуры ланей ,# И египетские ткани ,# И большого крокодила .# Это было в дни безумных",ru-21555
ru,gumil-428,Q668,Q12544,От Индии до Византии,Gumilev N.S.,1886,1921,India,22.8,83,country,country,Byzantine Empire,41.01527778,28.98472222,country,country,,ru-21659
ru,gumil-386,Q216,Q1741,от Вильны до самой Вены,Gumilev N.S.,1886,1921,Vilnius,54.6872222222222,25.28,city,city,Vienna,48.2083333333333,16.3725,city,city," Если дух его здоров .# И вы верьте в здоровье духа ,# В молньеносный его полет ,# Он от Вильны до самой Вены# Неуклонно нас доведет .# О подругах в серьгах и кольцах ,# Обольстительных вдвойне",ru-21281
ru,gumil-265,Q3392,Q85,"из Нила , Будет вечно стремиться в Каир",Gumilev N.S.,1886,1921,Nile,31.4653,30.3667,river,river,Cairo,30.0444444444444,31.2358333333333,city,city," Вечерами в прохладных кафе .# Здесь недаром страна сотворила# Поговорку , прошедшую мир :# - - Кто испробовал воду из Нила ,# Будет вечно стремиться в Каир .# Пусть хозяева здесь - - англичане ,# Пьют вино и играют в футбол ,# И Хедива в высоком Диване",ru-21653
ru,anne-247-10,Q201582,Q189901,С дальнего Пинда крутого В Аргос,Annenskij I.F.,1855,1909,Pindus,40,20.75,mountain,mountain,Argos,37.6333333333333,22.7291666666667,city,city," Небо грозней не носило .# Сказку ли , быль ли златого# Детства душа удержала , -# С дальнего Пинда крутого# В Аргос река побежала .# Сколько там было богатых# Сел и полей - раздолий ,# Лесу и ланей на скатах -",ru-23980
ru,majak8-036,Q142,Q21,Из Франции в Англию,Majakovskij V.V.,1893,1930,France,47,2,country,country,England,53,-1,country,country," Людям - - / плохо . / Люди – тошнят .# Люди - - / скисли . / И осатанели .# Люди / изобретают тоннели .# Из Франции в Англию / корректно , / парадно# ходите / пешком / туда и обратно .# Идешь / под ручку - - / невеста и ты ,# а над тобой / проплывают киты .",ru-5807
ru,majak4-03,Q1899,Q162083,от Киева до Конотопа,Majakovskij V.V.,1893,1930,Kyiv,50.45,30.523611111111,city,city,Konotop,51.2375,33.2083333333333,city,city," В СССР / от веселости# стонут / целые губернии и волости .# Например , / со смеха / слёзы потопом# на крохотном перегоне / от Киева до Конотопа .# Свечи / кажут / язычьи кончики .# 11 ночи . / Сидим в вагончике .# Разговор / перекидывается сам",ru-5494
ru,majak1-44,Q1471,Q584,от Сены до Рейна,Majakovskij V.V.,1893,1930,Seine,49.434722222222,0.1175,river,river,Rhine,47.6662,9.1786,river,river," если не целоваться , / то - - для чего же# обвиты руки траншей ?# Никто не убит ! / Просто - - не выстоял .# Лег от Сены до Рейна .# Оттого что цветет , / одуряет желтолистая# на клумбах из убитых гангрена .# Не убиты , / нет же , / нет !",ru-5565
ru,majak6-32,Q649,Q7835,из Москвы дачу / пооттяпали в Крыму,Majakovskij V.V.,1893,1930,Moscow,55.755833333333,37.617777777778,city,city,Crimea,45,34,region,land," от славян / Москвы / впадает в раж ?# Дело деликатнейшее , / понимаете ли вы ,# как же на славян / не злобиться ему ?# У него / славяне из Москвы# дачу / пооттяпали в Крыму .# Пан Крамарж , / на вашей даче , / в санатории ,# лечатся теперь / и Ванечки / и Вани ,# которые",ru-5742
ru,majak7-124,Q36,Q298,от Польши до Чили,Majakovskij V.V.,1893,1930,Poland,52,19,country,country,Chile,-33,-71,country,country," - - Секундная стрелка / восемь гривен ! - -# И трест , / возмутясь , / за границу / для поисков# за стрелками / выслал / целое войско .# Гоняли вовсю / от Польши до Чили .# Точили язык , / доклады строчили .# ( Швейцарию / лишь / отклонили ласково , - -# не знали , мол , / языка швейцарского . )",ru-5475
ru,majak6-31,Q60,Q90,Из Нью-Йорка / в Париж,Majakovskij V.V.,1893,1930,New York City,40.7,-74,city,city,Paris,48.8566666666667,2.35222222222222,city,city, что летчик Линдберг - - / герой !# Бездельник ! / Из Нью-Йорка / в Париж# перелетел на пари .# Кто поверит ? / Какие дети ?# Где у него свидетель ?,ru-5704
ru,ssolov-230,Q172089,Q13670,С родимых берегов Оки Попутешествуй в Сиракузы,Solovev S.M.,1885,1942,Oka,56.3328,43.9844,river,river,Syracuse,37.069166666667,15.2875,city,city," С родимых берегов Оки# Попутешествуй в Сиракузы ,# Где ароматные венки# Из алых роз сплетает Хлоя .# Страданья моего героя",ru-21866
ru,ssolov-110,Q545,Q5428,От Бельта до Сибири,Solovev S.M.,1885,1942,Baltic Sea,58,20,sea,sea,Siberia,60,105,region,region," Веселый царь , как утро юн ,# Новорожденную Россию# Забил в железо и чугун .# От Бельта до Сибири дальней ,# До поздней полночи с утра ,# Гудят и стонут наковальни# Под тяжким молотом Петра .",ru-21791
ru,ssolov-258,Q43332,Q9239,из Помпеи И в храм пришел на площади Кавур,Solovev S.M.,1885,1942,Pompeii,40.750556,14.489722,ancient city,ancient city,Cavour,44.785499,7.373841,city,city," И рыб улов , и тайную трапезу ,# И заповедь : «паси Моих овец» .# Направив путь к снегам моей отчизны ,# Вторично в Рим я прибыл из Помпеи# И в храм пришел на площади Кавур .# И клирик мне с сияющим лицом :# «Мы покидаем Рим . Архимандрит# Епископом поставлен на Волыни .",ru-21800
ru,ssolov-259,Q133274,Q592880,От Кремля до Воробьевых гор,Solovev S.M.,1885,1942,Moscow Kremlin,55.7516666666667,37.6177777777778,city part,city part,Sparrow Hills,55.71,37.545,city part,city part," Ты , слиясь в один небесный хор ,# Славишь Бога звоном колокольным# От Кремля до Воробьевых гор .# Иоанна золотых глаголов# Полны храмы ; в чашах рдеет кровь ;# Каждый день на тысяче престолов",ru-21839
ru,ssolov-437,Q430776,Q5776,Из Назарета в Вифлеем,Solovev S.M.,1885,1942,Nazareth,32.702102777778,35.29785,city,city,Bethlehem,31.704444444444,35.206111111111,city,city," Чернеют вечера глухие ,# Весь мир таинственен и нем ,# И скоро двинется Мария# Из Назарета в Вифлеем .",ru-22107
ru,vivan-0530,Q858,Q34589,от Суристана Дэвы до ключей Эвфрата,Ivanov V.I.,1866,1949,Syria,35.216667,38.583333,country,country,Euphrates,31.0043,47.442,river,river," Но пышней тиар и злата Роза .# Много в древней храмов островерхих ;# Но священней Арарата - - Роза .# Принесли твой свет от Суристана# Дэвы до ключей Эвфрата , Роза ;# И до двери Тигра от Персиды# Пери - - негу аромата , Роза .# Ты в канун сияешь Вардавара",ru-14120
ru,blok2-1034,Q4165502,Q1132624,из лавки Дома искусства На Дворцовую площадь,Blok A.A.,1880,1921,Dom Iskusstv,59.936,30.3187,city part,city part,Palace Square,59.93902778,30.31577778,city part,city part," Таял снег и Кронштадт палил .# Мы из лавки Дома искусства# На Дворцовую площадь брели . . .# Вдруг - - среди приемной советской ,# Где «все могут быть сожжены» , - -# Смех , и брови , и говор светский",ru-1141
ru,vrozh-348,Q4018,Q159261,С горячих предгорий Наварры И ярмарок Франции старой В трескучий московский,Rozhdestvenskij V.A.,1895,1977,Navarre,42.816666666667,-1.65,country,country,Moskovsky,55.59911,37.35495,city,city, Какой тебя ветер занес# С горячих предгорий Наварры# И ярмарок Франции старой# В трескучий московский мороз ?# В кочевьях степи молдаванской# Сроднилась тугая струна# С гортанного песней цыганской,ru-4710
ru,vrozh-104,Q156732,Q202796,От Херсона до Десны,Rozhdestvenskij V.A.,1895,1977,Kherson,46.6425,32.625,city,city,Desna,50.5503,30.5378,river,river," Чтобы вздыбленные воды# На отливе крутизны# Поднимали пароходы# От Херсона до Десны .# Чтоб в лугах по Заднепровью ,# Вспарывая целину ,# Ты поил своею кровью",ru-4427
ru,lugov-044,Q40605,Q488987,От Баку до Красноводска,Lugovskoj V.A.,1901,1957,Large Hadron Collider,46.235,6.045,default,default,Türkmenbaşy,40.016666666667,52.966666666667,city,city," поднимая якоря ,# В медленную бесконечность# золотого октября .# От Баку до Красноводска# путь широкий и прямой ,# Только серп и светлый молот# возникают за кормой .",ru-19925
ru,selv2-079,Q1774112,Q4317399,От Колымы и до Непрядвы,Selvinskij I.L.,1899,1968,Kolyma,68.7687735858091,161.694949313076,region,region,Nepryadva,53.6708,38.6515,river,river," Россия значилась в поэтах ,# Планету заново творя .# И стал вождем огромный край# От Колымы и до Непрядвы .# Так пусть галдит над нами грай ,# Черня привычною неправдой ,# Но мы мостим прямую гать",ru-17622
ru,selv2-027,Q1697,Q1165879,От Подмосковья до камней Дарьяла,Selvinskij I.L.,1899,1968,Moscow Oblast,55.628,37.738,region,region,Darial Gorge,42.744722222222,44.6225,mountain,mountain," Звенят , звенят чудесные страницы ,# За томом возникает новый том - -# А в жизни бродишь в воздухе пустом :# От Подмосковья до камней Дарьяла",ru-17692
ru,selv-084,Q33345,Q157065,От Евпатории и до Керчи,Selvinskij I.L.,1899,1968,Yevpatoriia,45.2,33.358333333333,city,city,Kerch,45.338611111111,36.468055555556,city,city," На эллинский и дикий . Все приморье# От Евпатории и до Керчи# Звалось Элладой . Если же случалось ,# Перевалив за горную преграду ,# Спуститься в степь , то называлось это",ru-17849
ru,selv-030,Q157065,Q33345,От Керчи и до Евпатории,Selvinskij I.L.,1899,1968,Kerch,45.338611111111,36.468055555556,city,city,Yevpatoriia,45.2,33.358333333333,city,city," Он будет опет и озвонен# Выводками кузин ,# Так как в любом городке# От Керчи и до Евпатории# Непременно у мамы найдется",ru-17724
ru,selv-092-2,Q7835,Q2011735,От Крымской от станицы до Чушки,Selvinskij I.L.,1899,1968,Crimea,45,34,region,land,Chushka Spit,45.35,36.6947222222222,cape,cape," Который хату до сих пор еще зовет «курень» , - -# Меня не надо просвещать , его окликну я :# - - Здорово , конный человек , таманская земля !# От Крымской от станицы до Чушки до косы# Я обошел твои , Тамань , усатые овсы ,# Я знаю плавней боевых кровавое гнильцо ,# Я хату каждую твою могу узнать в лицо .",ru-17626
ru,morav-49,Q1229,Q102762,От Дона и до дальнего Азова,Moravskaja M.L.,1889,1947,Don,47.0864,39.2386,river,river,Azov,47.1,39.416666666667,city,city," Сотни верст , десятки городов .# Услышат так много новых слов ,# Столько новых народностей узнают !# От Дона и до дальнего Азова ,# От Москвы и до балтийских берегов# Тысячи сородичей узнают !# Поймут , как велик родимый край ,",ru-5023
ru,kzmn-855,Q1471,Q172089,От Сены до реки Оки,Kuzmin M.A.,1872,1936,Seine,49.434722222222,0.1175,river,river,Oka,56.3328,43.9844,river,river," И Паша , и Смирнов ухлопались :# Пакеты , ящики , мешки ;# Азербайджан , Урал , Петрополис ,# От Сены до реки Оки .# А эти поздние схождения# По понедельникам , и чай ,# Индейки , рыба , обсуждения ,",ru-16138
ru,givan-553,Q645,Q5484,От Невы до Каспийского моря,Ivanov G.V.,1894,1958,Neva,59.9447,30.3094,river,river,Caspian Sea,42,50.5,lake,lake," Воля древняя русской земли !# Расцветайте же , красные зори ,# Наша гордость , и слава , и честь !# От Невы до Каспийского моря# Разносись , вдохновенная весть !# Но сплотимся , друзья , наготове ,# Не забудем в торжественный час",ru-22599
ru,svetl-101,Q78707,Q156237,От Енисея аж До самого до Буга,Svetlov M.A.,1903,1964,Yenisey,51.7279,94.4518,river,river,Western Bug,52.5067,21.0844,river,river," Его боевым заслугам ;# От Муромца - богатыря# До личного секретаря ,# От Енисея аж# До самого до Буга - -# Таков боевой багаж ,# Таков богатырский стаж# Отца четырех детей - -",ru-5148
ru,svetl-095,Q626,Q156237,От Волги до Буга,Svetlov M.A.,1903,1964,Volga,45.695,47.8975,river,river,Western Bug,52.5067,21.0844,river,river," Здесь множество / Женщин красивых бежало ,# Армейцам любовь / Отдавая без сдачи ,# Без слез , без истерик , / Без писем , без жалоб .# По этой дороге , / От Волги до Буга ,# Мы тоже шагали , / Мы шли задыхаясь , - -# Горячие чувства / И верность подругам# На время походов / Мы сдали в цейхгауз .",ru-5175
ru,svetl-139,Q4454,Q156747,От Хабаровска до Полтавы,Svetlov M.A.,1903,1964,Khabarovsk,48.483333333333,135.06666666667,city,city,Poltava,49.5894444444444,34.5513888888889,city,city," Наших странствий живут следы# Вдоль по Волге и за Окою - -# До былого достать рукою .# От Хабаровска до Полтавы# Расстояния велики , - -# Через вражеские заставы# Пронесли мы свои штыки .",ru-5160
ru,svetl-044,Q1874,Q48256,Из Одессы в Новороссийск,Svetlov M.A.,1903,1964,Odesa,46.47747,30.73262,city,city,Dnipro,48.4675,35.04,city,city," Море смотрит наверх , а там# По расчищенным небесам# Путешествует лунный диск# Из Одессы в Новороссийск .# Я оставил свое весло ,# Море тихо его взяло .# В небе тающий лунный дым",ru-5090
ru,svetl-204,Q959,Q1288,От Владивостока до Карпат,Svetlov M.A.,1903,1964,Vladivostok,43.116666666667,131.9,city,city,Carpathian Mountains,47,25.5,mountain,mountain," Выйди в этот час и собери# Серебро и золото зари .# Небеса , как синий шелк , висят# От Владивостока до Карпат ,# Мимо городов и деревень# Путешествует весенний день ,# Пробуждает молодость в ручьях .",ru-5289
ru,vved-37,Q15322,Q656,из Луги в Петроград,Vvedenskij A.I.,1904,1941,Luga,58.733333333333,29.85,city,city,Saint Petersburg,59.95,30.316666666667,city,city, ты сидишь в беседке мира# звёздам и планетам брат# по дороге два кумира# шли из Луги в Петроград# шли кумиры и виднелись# ордена на них блестят# а пришли оцепенели,ru-12774
ru,volo2-085,Q183464,Q797,От берегов Ливонских до Аляски,Voloshin M.A.,1877,1932,Livonia,57.862234,25.967155,region,historic region,Alaska,64,-150,region,land," Что направлял топор и мысль Петра ,# Что вынудил мужицкую Россию# За три столетья сделать перегон# От берегов Ливонских до Аляски .# И тот же дух ведет большевиков# Исконными народными путями .# Грядущее - - извечный сон корней :",ru-15606
ru,volo1-112,Q5451,Q46,От Гималайских ступеней До древних пристаней Европы,Voloshin M.A.,1877,1932,Himalayas,29,84,mountain,mountain,Europe,48.690959,9.14062,continent,continent," Я исследил земные тропы# От Гималайских ступеней# До древних пристаней Европы .# Она - - забытый сон веков ,# В ней несвершённые надежды .# Я шорох знал ее шагов",ru-15717
ru,volo2-048,Q196786,Q649,из Углича опять Вез в Москву,Voloshin M.A.,1877,1932,Uglich,57.533333333333,38.333333333333,city,city,Moscow,55.755833333333,37.617777777778,city,city," Из Оскола , Ливен , из Москвы . . .# Понапрасну в обличенье вора# Царь Василий , не стыдясь позора ,# Детский труп из Углича опять# Вез в Москву - - народу показать ,# Чтобы я на Царском на призоре# Почивал в Архангельском соборе ,# Да сидела у могилы мать .",ru-15624
ru,volo2-107,Q5753,Q90,Из Самарканда на запад - - в Париж,Voloshin M.A.,1877,1932,Samarkand,39.6547222222222,66.9758333333333,city,city,Paris,48.8566666666667,2.35222222222222,city,city," Чтобы связать половодное устье# С чистым истоком Азийских высот .# С чем мне сравнить ликованье полета# Из Самарканда на запад - - в Париж ?# Взгляд Галилея на кольца Сатурна . . .# Знамя Писарро над сонмами вод . . .# Было . .. всё было . . . так полно , так много ,",ru-15612
ru,bagrc-013,Q131210,Q156237,От Днестра до Буга,Bagritskij E.G.,1895,1934,Dniester,46.3041,30.2736,river,river,Western Bug,52.5067,21.0844,river,river," «С безоружным биться , хлопец ,# Последнее дело! »# И равнина волком воет - -# От Днестра до Буга ,# Зверем , камнем и травою :# «Катюга ! Катюга ! ..»# Не гляди же , солнце злое ,",ru-109
ru,bagrc-091,Q1460,Q490,От Сицилии до Милана,Bagritskij E.G.,1895,1934,Sicily,37.599958333333,14.015377777778,region,region,Milan,45.466944444444,9.19,city,city," Предводительствовали . . . / Вот# Нож пастуший / И штык кровавый ,# В парусах и знаменах флот .# От Сицилии до Милана# Гарибальди прошел - - / И встал# Телом бронзового истукана# На обтесанный пьедестал . . .",ru-112
ru,bagrc-089,Q1731,Q64,Из Дрездена недалеко И до Берлина,Bagritskij E.G.,1895,1934,Dresden,51.05,13.74,city,city,Berlin,52.516666666667,13.383333333333,city,city,,ru-38
ru,bagrc-038,Q5428,Q131210,От пасмурной Сибири До ясного Днестра,Bagritskij E.G.,1895,1934,Siberia,60,105,region,region,Dniester,46.3041,30.2736,river,river," За счастье наших шахт !# За нашу гибнущую рожь - -# Даешь Деникина , даешь !# От пасмурной Сибири# До ясного Днестра - -# Мы спим у пулемета ,# Ночуем у костра .# Качаемся на седлах ,",ru-167
ru,bagrc-094,Q41572,Q194084,От Николаева до Сестрорецка,Bagritskij E.G.,1895,1934,Mykolaiv,46.975,31.995,city,city,Sestroretsk,60.1,29.966666666667,city,city," Другая , третья , дрогнул паровоз ,# Захлебываясь паром , и , натужась# Котлами , засвистел и застонал .# От Николаева до Сестрорецка ,# От Нарвы до Урала в голос , в голос# Гудки раскатывались и вздыхали ,# Оплакивая ставшую машину",ru-196
ru,marty-320,Q626,Q124653,С казаками по Волге и Каме пробиравшийся на Тобол,Martynov L.N.,1905,1980,Volga,45.695,47.8975,river,river,Tobol,51.4667,61.0085,river,river," Вновь и вновь преображаясь в мятущегося юношу ,# С бурсаками припадавшего к медовоквасному ковшу# Много прежде , чем с буршами выпить кипучего пунша .# Я , когда-то / С казаками по Волге и Каме пробиравшийся на Тобол и Иртыш ,# А оттуда на Пяндж , - -# О , не только затем , чтобы слушать восточные сказки и притчи , - -# На края Зороастра глядел по ту сторону гор- великанш",ru-17292
ru,marty-494,Q30,Q1171,из Америки = в Гоа,Martynov L.N.,1905,1980,United States of America,39.828175,-98.5795,country,country,Goa,15.401944,74.043333,region,region," О том , как он попал# Проездом из Америки# = в Гоа и Каракал# Путем , судьбой измеренным ,# = в Москву на тридцать дней# Чтоб встретиться с Чичериным",ru-17335
ru,marty-678,Q8542,Q179751,от Пянджа до Аракса,Markov S.N.,1906,1979,Panj River,37.1109,68.3147,river,river,Aras River,40.0184,48.4535,river,river, Славу исторической судьбы# Уложить в одной двадцатой века .# Перечтет история сама# Все дела от Пянджа до Аракса !# Пленного высокая чалма# Склонена перед портретом Маркса .# Жителям ущелий и пустынь,ru-17023
ru,marty-202,Q656,Q656,из Петербурга в Ленинград,Martynov L.N.,1905,1980,Saint Petersburg,59.95,30.316666666667,city,city,Saint Petersburg,59.95,30.316666666667,city,city," Зыбучесть дюн , / И скользкость автострад ,# И в омуты засосанные весла . . .# Бесчисленное множество преград !# Есть путь из Петербурга в Ленинград ,# И путь от Христиании до Осло ,# И путь , что через Новый Амстердам# Довел до колоссального Нью-Йорка .",ru-17344
ru,marty-671,Q898,Q42956,От Омска Омска прямо до Харбина,Martynov L.N.,1905,1980,Omsk,54.966666666667,73.383333333333,city,city,Harbin,45.75,126.63333333333,city,city,,ru-16890
ru,marty-350,Q3927,Q891,из Астрахани в Нижний,Martynov L.N.,1905,1980,Astrakhan,46.35,48.035,city,city,Nizhny Novgorod,56.326944444444,44.0075,city,city," Своей грядущей славы мировой ,# А радуясь , что вывезла кривая ,# Устроился на пароходе «Князь# Пожарский» плыть из Астрахани в Нижний .# Компанья славная подобралась .# И ближнего не опасался ближний :# Беседуя , не выбирали слов ,",ru-17402
ru,marty-685,Q1792,Q36036,от Данцига до Львова,Markov S.N.,1906,1979,Gdańsk,54.35,18.6666666666667,city,city,Lviv,49.8425,24.0322222222222,city,city," А вот прекрасная сексотка# Меня сосватала с тюрьмой .# Даю вам в этом , судьи , слово - -# Бродил от Данцига до Львова ,# Но не встречал такой красы .# Увидел раз и встретил снова ,# Не бровь , а чёрная подкова ,",ru-16998
ru,paster-324,Q831190,Q1218,из Вифании в Ерусалим,Pasternak B.L.,1890,1960,Bethany,31.771411111111,35.261325,ancient site,ancient site,Jerusalem,31.7788888888889,35.2255555555556,city,city,"Он шел из Вифании в Ерусалим ,# Заранее грустью предчувствий томим .# Колючий кустарник на круче был выжжен ,# Над хижиной ближней не двигался дым ,",ru-20357
ru,mandl-324,Q377485,Q193785,с Синая до Фавора,Mandelshtam O.E.,1891,1938,Mount Sinai,28.5384,33.9752,mountain,mountain,Mount Tabor,32.68625,35.3929166666667,mountain,mountain,"Как некий исполин с Синая до Фавора ,",ru-9249
ru,narbut-115,Q7525,Q1874,Из Севастополя в Одессу,Narbut V.I.,1888,1938,Sevastopol,44.605,33.5225,city,city,Odesa,46.47747,30.73262,city,city," Коль счет утратили мы дням .# Морского не унять повесу :# Ему ль заказаны пути# Из Севастополя в Одессу ,# Из Сингапура в Джабути !# Под ветром парус , словно вымя ,# Все туже , туже , - - прет дугой ,",ru-23312
ru,smel-084,Q3162344,Q41116,от Нескучного сада танки / на Красную площадь,Smeljakov Ja.V.,1913,1972,Neskuchny Garden,55.716111111111,37.588055555556,city part,city part,Red Square,55.754166666667,37.62,city part,city part," это опять / от Нескучного сада# танки / на Красную площадь / идут - -# ночью , / за несколько дней / до парада .# Напоминая / окраской своей# майские нивы / и рощи густые ,",ru-24627
ru,olein-111,Q60,Q153698,От Нью-Йорка и до Клина,Olejnikov N.M.,1898,1937,New York City,40.7,-74,city,city,Klin,56.333888888889,36.7125,city,city,От Нью-Йорка и до Клина# На устах у всех - - клеймо# Под названием Янина,ru-24178
ru,balm-954,Q5971,Q649,От Алтая до Москвы,Balmont K.D.,1867,1942,Altai Republic,50.916666666667,86.916666666667,region,region,Moscow,55.755833333333,37.617777777778,city,city," Бубенец и бубенец .# Эх , от самого Валдая# Звоны льются , нарастая ,# От Алтая до Москвы# Брызжет пена до травы ,# Закрутились пристяжные ,# Коренник не клонит выи ,",ru-13144
ru,balm-798,Q5684,Q5776,От Вавилона шел до Вифлеема,Balmont K.D.,1867,1942,Babylon,32.5425,44.4211111111111,ancient city,ancient city,Bethlehem,31.704444444444,35.206111111111,city,city," Я избивал неисчислимость див .# На мне порой качалась диадема ,# Я убегал от царского венца ,# От Вавилона шел до Вифлеема .# Возжаждав жала страсти без конца ,# Я уронил свой помысл в звоны систра ,# И пел Гатор близ нежного лица .",ru-13724
ru,kant-092,Q649,Q419,с Москвы до Перу,Kantemir A.D.,1708,1744,Moscow,55.755833333333,37.617777777778,city,city,Peru,-9.4,-76,country,country," Где так чудну сыщешь тварь , кой урод дичее ?# Право , тот , что Гораций описал , складнее .# Пройди ж землю из края до другого края ,# Зачни с Москвы до Перу , с Риму до Китая - -# Не найдешь зверя столько , как человек , злобна ,# С всех животных в глупости не сыщешь подобна .# Разбери человека , не мне емли веры - -",ru-25667
ru,kant-092,Q220,Q29520,с Риму до Китая,Kantemir A.D.,1708,1744,Rome,41.893055555556,12.482777777778,city,city,China,35,105,country,country," Где так чудну сыщешь тварь , кой урод дичее ?# Право , тот , что Гораций описал , складнее .# Пройди ж землю из края до другого края ,# Зачни с Москвы до Перу , с Риму до Китая - -# Не найдешь зверя столько , как человек , злобна ,# С всех животных в глупости не сыщешь подобна .# Разбери человека , не мне емли веры - -",ru-25667
ru,kant-090,Q90,Q38,с Парижу ? Войско в Италью,Kantemir A.D.,1708,1744,Paris,48.8566666666667,2.35222222222222,city,city,Italy,42.5,12.5,country,country,,ru-25695
ru,sum-042,Q649,Q956,из Москвы к Пекину : Всмотряся в Рим,Sumarokov A.P.,1717,1777,Moscow,55.755833333333,37.617777777778,city,city,Beijing,39.90403,116.407526,city,city," Скажи мне только то , что скажут страсти сами .# Не сделай трудности и местом мне своим ,# Чтоб мне , театр твой , зря , имеючи за Рим ,# Не полететь в Москву , а из Москвы к Пекину :# Всмотряся в Рим , я Рим так скоро не покину .# Явлениями множь желание , творец ,# Познать , как действию положишь ты конец .# Трагедия нам плач и горесть представляет ,",ru-26996
ru,sum-047,Q545,Q6514,"с брегов Бальтийских мещет , Екатеринин меч на Геллеспонте",Sumarokov A.P.,1717,1777,Baltic Sea,58,20,sea,sea,Dardanelles,40.2,26.4,strait (water),strait (water)," А дерзкий Фаетон на небо возбегает ,# Скамандрины брега богов зовут на брань ,# Великий Александр кладет на персов дань ,# Великий Петр свой гром с брегов Бальтийских мещет ,# Екатеринин меч на Геллеспонте блещет .# В эпическом стихе Дияна - - чистота ,# Минерва - - мудрость тут , Венера - - красота .# Где гром и молния , там ярость возвещает",ru-27108
ru,sum-047,Q649,Q956,из Москвы к Пекину : Всмотряся в Рим,Sumarokov A.P.,1717,1777,Moscow,55.755833333333,37.617777777778,city,city,Beijing,39.90403,116.407526,city,city," Скажи мне только то , что страсти скажут сами .# Не сделай трудности и местом мне своим ,# Чтоб я , зря , твой театр имеючи за Рим ,# В Москву не полетел , а из Москвы к Пекину :# Всмотряся в Рим , я Рим так скоро не покину .# Для знающих людей не игрищи пиши :# Смешить без разума - - дар подлыя души .# Представь бездушного подьячего в приказе ,",ru-27108
ru,sum-108,Q645,Q552,С Невы до Одера,Sumarokov A.P.,1717,1777,Neva,59.9447,30.3094,river,river,Oder,53.6017,14.5897,river,river," Бумаги в день испишут ?# А то , что грамота , писцы едва и слышут .# Кто срода никогда солдатом не бывал ,# С Невы до Одера , стреляя , доставал .# Сапожник медик был , дая цельбы пустые .# Муж некто знаменит# Молчанием одним попался во святые .",ru-26967
ru,tred-121,Q656,Q956,От Петрополя в лице разность до Пекина,Trediakovskij V.K.,1703,1768,Saint Petersburg,59.95,30.316666666667,city,city,Beijing,39.90403,116.407526,city,city," Что чем пользу нам творит , тем и украшает .# В белизне различий сколько нами зрится сей ?# Сколько и в румянце ? сколько в круглости черт всей ?# От Петрополя в лице разность до Пекина# Толь велика , что как тварь человек там ина .# Трудно в миллионах точно схожего найти# По всему другому , чтоб тому с сим в смесь пойти",ru-26952
ru,lvov-187,Q2235,Q1899,От Новаграда впрям до Киева Киева,Lvov N.A.,1751,1803,Veliky Novgorod,58.52099,31.27579,city,city,Kyiv,50.45,30.523611111111,city,city,,ru-27587
ru,hemn-107,Q649,Q900,от Москвы в Казань,Hemnitser I.I.,1745,1784,Moscow,55.755833333333,37.617777777778,city,city,Kazan,55.790833333333,49.114444444444,city,city," Иль ручейком реку , речищу называет ;# Земной наш , скажет , шар не в воздухе висит ,# А на хребтах китов недвижимо лежит ;# Что от Москвы в Казань Архангельск по дороге ,# Нет в пушке разности и нет в единороге ,# Или , по глупости своей сплетая бред ,# Искусство горное кузнечеством зовет ;",ru-25097
ru,lomo-112,Q102762,Q1229,от варвар был Азов ; До Меотиских Дон,Lomonosov M.V.,1711,1765,Azov,47.1,39.416666666667,city,city,Don,47.0864,39.2386,river,river," О море ! о земля ! о тварей естество !# Монархини моей вы нраву подражайте# И гласу моему со кротостью внимайте .# Уже освобожден от варвар был Азов ;# До Меотиских Дон свободно тек валов ,# Нося ужасной флот в струях к пучине Черной ,# Что создан в скорости Петром неимоверной .# Уже великая покоилась Москва ,",ru-25233
ru,lomo-002,Q48,Q545,От теплых уж брегов азийских Вселенной часть до вод Балтийских,Lomonosov M.V.,1711,1765,Asia,43.6811111111111,87.3311111111111,continent,continent,Baltic Sea,58,20,sea,sea," Природа мудра в свет дала ,# Которы будут в громкой славе# Мечем страшить и гнать врага .# От теплых уж брегов азийских# Вселенной часть до вод Балтийских# В объятьи вашем вся лежит .# Лишь только перстик ваш погнется ,# Народ бесчислен вдруг сберется ,",ru-25322
ru,xviii-484-1,Q645,Q196479,От невских берегов до Старой Руссы,Knjazhnin Ja.B.,1742,1791,Neva,59.9447,30.3094,river,river,Staraya Russa,57.983333333333,31.35,city,city," Сокройтесь все теперь Гекторы , Ахиллесы ,# Помпеи , Цезари , военные повесы !# Се муза возгласит в концы вселенной всей# От невских берегов до Старой Руссы сей ,# Где Волховь грязная среди болот крути́тся# И где нечистоте ее Нептун дивится .# Снимайте шапки вы , мохнаты мужики ,",ru-26045
ru,derz2069,Q545,Q993,От Бельта до Камчатки,Derzhavin G.R.,1743,1816,Baltic Sea,58,20,sea,sea,Kamchatka Peninsula,57,160,region,land," С Марией в благости сравнился ,# Сирот и вдов богиней став .# Какие раздаются клики ,# От Бельта до Камчатки лики ,# При имени Елисавет !# Встречая в ней прошедше время# Печать всех благ , - - красу Эдема ,",ru-26572
ru,derz1018,Q695265,Q645,От Орма до Невы,Derzhavin G.R.,1743,1816,Hormuz Island,27.0675,56.46,island,island,Neva,59.9447,30.3094,river,river," Дохнешь в ветрилы корабельны ,# Пошлешь избытки рукодельны ,# И реки злата и сребра# От Орма до Невы прольются ;# Народы чужды к нам сберутся# Вкусить покоя и добра .# И се уж возвещают громы",ru-26536
ru,radish-003-01,Q18869,Q626,с Тамана чрез Кавказски Горы съеду я на Волгу,Radischev A.N.,1749,1802,Caucasus,42.261111111111,44.121111111111,region,land,Volga,45.695,47.8975,river,river," Возьму плащ я для тумана , ,# А Боброва в услажденье . - - - - - -# Из Тавриды в Таман прямо ,# А с Тамана чрез Кавказски# Горы съеду я на Волгу ,# Во Болгарах спою песню ;# Воздохну на том я месте ,# Где Ермак с своей дружиной ,",ru-26349
ru,le3-057-0,Q2214,Q78898,от Пскова до Онеги,Lermontov M.Ju.,1814,1841,Pskov,57.816666666667,28.333333333333,city,city,Onega,63.935,37.988055555556,river,river," Варяг , боец ( тогда свобода# Не начинала свой побег ) .# Его рушительный набег# Почти от Пскова до Онеги# Поля и веси покорил . . .# Он всем соседям страшен был :# Пред ним дрожали печенеги ,",ru-42372
ru,butur-037,Q201582,Q515809,От Пинда синего до синего Тайгета,Buturlin P.D.,1859,1895,Pindus,40,20.75,mountain,mountain,Taygetus,37.1,22.3,mountain,mountain," Родился ты , Шенье , в стране богов рассвета ,# От Пинда синего до синего Тайгета# Была бы жизнь твоя - - прелестный долгий пир !# При рокоте кифар и семиструнных лир# Венчали б юноши великого поэта",ru-32890
ru,butur-102,Q3392,Q5680,От Нила до рек Ниневии,Buturlin P.D.,1859,1895,Nile,31.4653,30.3667,river,river,Nineveh,36.366667,43.15,ancient city,ancient city," От башен Сидонских до Чермных пучин ,# От Нила до рек Ниневии далекой# Нет краше меня между женщин Востока .# Сыны моей матери , злобно кляня ,# Стеречь виноградник послали меня ;",ru-32924
ru,vjaz-078,Q202163,Q220,"От Кяхты до Афин , от Лужников до Рима",Vjazemskij P.A.,1792,1878,Luzhniki Stadium,55.715833333333,37.553611111111,city part,city part,Rome,41.893055555556,12.482777777778,city,city," Вопрошенный , сказал гонитель Аристида .# Не зная , как судить , ничтожные бранят ,# И , понижая всех , возвыситься хотят .# От Кяхты до Афин , от Лужников до Рима# Вражда к достоинству была непримирима .# Она в позор желез от почестей двора# Свергает Миниха , сподвижника Петра ,",ru-35783
ru,vjaz-078,Q4251363,Q1524,"От Кяхты до Афин , от Лужников до Рима",Vjazemskij P.A.,1792,1878,Kyakhulay,42.9625,47.481666666667,default,default,Athens,37.9841666666667,23.7280555555556,ancient city,ancient city," Вопрошенный , сказал гонитель Аристида .# Не зная , как судить , ничтожные бранят ,# И , понижая всех , возвыситься хотят .# От Кяхты до Афин , от Лужников до Рима# Вражда к достоинству была непримирима .# Она в позор желез от почестей двора# Свергает Миниха , сподвижника Петра ,",ru-35783
ru,tss-1523,Q3392,Q645,От Нила до Невы,Tjutchev F.I.,1803,1873,Nile,31.4653,30.3667,river,river,Neva,59.9447,30.3094,river,river," На север , на восток , на юг и на закат ?# Грядущим временам судьбы их обличат . . .# Семь внутренних морей и семь великих рек . ..# От Нила до Невы , от Эльбы до Китая ,# От Волги по Евфрат , от Ганга до Дуная . . .# Вот царство русское . . . и не прейдет вовек ,",ru-41152
ru,tss-1523,Q1644,Q29520,от Эльбы до Китая,Tjutchev F.I.,1803,1873,Elbe,50.8875,14.2330555555556,river,river,China,35,105,country,country," На север , на восток , на юг и на закат ?# Грядущим временам судьбы их обличат . . .# Семь внутренних морей и семь великих рек . ..# От Нила до Невы , от Эльбы до Китая ,# От Волги по Евфрат , от Ганга до Дуная . . .# Вот царство русское . . . и не прейдет вовек ,",ru-41152
ru,tss-1523,Q626,Q34589,"От Волги по Евфрат , от Ганга до Дуная",Tjutchev F.I.,1803,1873,Volga,45.695,47.8975,river,river,Euphrates,31.0043,47.442,river,river," Грядущим временам судьбы их обличат . . .# Семь внутренних морей и семь великих рек . ..# От Нила до Невы , от Эльбы до Китая ,# От Волги по Евфрат , от Ганга до Дуная . . .# Вот царство русское . . . и не прейдет вовек ,",ru-41152
ru,tss-1523,Q5089,Q1653,"От Волги по Евфрат , от Ганга до Дуная",Tjutchev F.I.,1803,1873,Ganges,30.1451,78.5974,river,river,Danube,48.0951111111111,8.15488888888889,river,river," Грядущим временам судьбы их обличат . . .# Семь внутренних морей и семь великих рек . ..# От Нила до Невы , от Эльбы до Китая ,# От Волги по Евфрат , от Ганга до Дуная . . .# Вот царство русское . . . и не прейдет вовек ,",ru-41152
ru,rost-126,Q5627,Q649,От Симбирска до Москвы,Rostopchina E.P.,1812,1858,Ulyanovsk,54.316666666667,48.366666666667,city,city,Moscow,55.755833333333,37.617777777778,city,city," Прежний бард , теперь сатирик ,# Враг Петрополя , Невы ,# Верноподданнейший лирик# От Симбирска до Москвы ,# Древний славы соименник ,# Тут и Дмитриев второй . . .# Дяди не догнал племянник",ru-39761
ru,kuch-041,Q790987,Q191,"с брегов смиренной Авиноры , В лесах моей Эстонии",Kjuhelbeker V.K.,1797,1846,Avijõgi,58.94091,27.05566,river,river,Estonia,59,26,country,country," Жилице вольной средь твоих ветвей ,# Я песнь свободную певал деннице# И блеску западных лучей ;# Тогда с брегов смиренной Авиноры ,# В лесах моей Эстонии родной ,# Впервые жадно в даль простер я взоры ,# Мятежной мучимый тоской .# Твои всходящие до неба братья",ru-37734
ru,kara-138,Q220,Q153698,Из Рима в Клин,Karamzin N.M.,1766,1826,Rome,41.893055555556,12.482777777778,city,city,Klin,56.333888888889,36.7125,city,city," Из глаз мадамы Шню родится - - василиск ,# Немые с сиднями составят - - хороводы ,# Из Рима в Клин шагнет Траянов - - обелиск ,# Поэта Дмитрева разлюбят - - аониды ,# Оставят злых людей в покое - - эвмениды ,# Амур явится вдруг с усами как - - гусар ,",ru-32389
ru,petras-05,Q33,Q7835,От финских и до крымских,Balasoglo A.P.,1813,1893,Finland,65,27,country,country,Crimea,45,34,region,land," Давно ли хлынул в мир широко# Их целый Нил - - за валом вал , - -# Животворя всю Русь далеко - -# От финских и до крымских скал ?# Давно ль , гремя в стране- равнине# Их хор в ней поднял эхо-стон ,# Еще стоящий и поныне ,",ru-33340
ru,xvost-086,Q34589,Q5484,с берегов Евфрата До Каспия,Hvostov D.I.,1757,1835,Euphrates,31.0043,47.442,river,river,Caspian Sea,42,50.5,lake,lake," Восстал неукротимый змей ,# Шипя , на воздух льет отраву ;# Плечист , огромен и крылат ,# Внезапно с берегов Евфрата# До Каспия проник и Волги ;# Где он , там сокрушенье , страх ;# Там бич несытыя холеры# И смертных тысячи валятся ,",ru-28654
ru,xvost-105,Q1899,Q1773,от Киева до Риги,Hvostov D.I.,1757,1835,Kyiv,50.45,30.523611111111,city,city,Riga,56.9475,24.106944444444,city,city," Который странствовал от Киева до Риги ,# Здесь наших дней Сократ : он презирал все книги ,",ru-28668
ru,delw-068,Q545,Q5428,От Бельта до Сибири,Delvig A.A.,1798,1831,Baltic Sea,58,20,sea,sea,Siberia,60,105,region,region," Тогда , суда́рь , от славы вашей ,# Или от вашего вина# Заговорит вся сторона# От Бельта до Сибири скучной ,# Куда с запиской своеручной ,# Пошлете другу толстый том» .# Все хорошо , но я не в том",ru-43913
ru,nek1-036,Q649,Q198834,От Москвы до Юрьевец - Повольска,Nekrasov N.A.,1821,1877,Moscow,55.755833333333,37.617777777778,city,city,Yuryevets,57.316666666667,43.1,city,city," Объявив , что больше им не друг .# С той поры я верю : счастье скользко ,# Я без слез не проживаю дня ;# От Москвы до Юрьевец - Повольска",ru-30353
ru,nek2-126,Q103789,Q212,От Арзамаса до Украйны,Nekrasov N.A.,1821,1877,Arzamas,55.383333333333,43.8,city,city,Ukraine,49,32,country,country," И спал спокойно не всегда ,# Схвативши взятку , лихоимец .# И русский пить переставал# От Арзамаса до Украйны ,# И Кокорев публиковал ,# Что есть дела , где нужны тайны .# Ну что ж ? Решить нам не дано ,",ru-30007
ru,tols-208,Q2770,Q103789,из Тулы в Арзамас,Tolstoj A.K.,1817,1875,Tula,54.2,37.616666666667,city,city,Arzamas,55.383333333333,43.8,city,city," Наследники Батыя и Мамая ,# Командовать мы приучили глаз# И , площади за степи принимая ,# Хотим глядеть из Тулы в Арзамас .# Прекрасное искать мы любим в пошлом - -# Не так о том судили в веке прошлом .# В своем дому любил аристократ",ru-40657
ru,tols-219,Q1524,Q103011,Из Афин в Коринф,Tolstoj A.K.,1817,1875,Athens,37.9841666666667,23.7280555555556,ancient city,ancient city,Corinth,37.9386111111111,22.9272222222222,city,city,"Из Афин в Коринф многоколонный# Юный гость приходит , незнаком , - -# Там когда-то житель благосклонный# Хлеб и соль водил с его отцом ;",ru-40661
ru,tols-004,Q668,Q1108445,Из Индии дальной На Русь,Tolstoj A.K.,1817,1875,India,22.8,83,country,country,Kievan Rus',50.45,30.525,country,country,"Из Индии дальной# На Русь прилетев ,# Со степью печальной# Их свыкся напев ,# Свободные звуки ,",ru-40733
ru,tols-206-0,Q3766,Q16869,от Дамаска Дамаска до Царьграда,Tolstoj A.K.,1817,1875,Damascus,33.513055555556,36.291944444444,city,city,Constantinople,41.0125,28.98,city,city,,ru-40552
ru,apuh-278,Q12544,Q159,из дальней родной Византии Ветер занес их на север России,Apuhtin A.N.,1840,1893,Byzantine Empire,41.01527778,28.98472222,country,country,Russia,66.4166666666667,94.25,country,country," Я , написавший когда-то пандекты .# Как бы министры мои удивились ,# Знавшие весь «corpus juris civilis« ,# Если б из дальней родной Византии# Ветер занес их на север России .# Там , в Византии , сравненный с Минервой ,# Законодатель считался я первый ;# Здесь же остаться мне первым уж трудно :",ru-33597
ru,zhemch-133,Q7835,Q165608,От Крыма до Колы,Zhemchuzhnikov A.M.,1826,1896,Crimea,45,34,region,land,Kola Peninsula,67.299444444444,37.550833333333,region,land," Нас бесит привычка :# Он вечно католик ,# Она - - католичка .# От Крыма до Колы ,# Сославшись на бога ,# Мы наши расколы# Преследуем строго .",ru-32409
ru,polon-096,Q18869,Q270,От Кавказа до Варшавы,Polonskij Ja.P.,1819,1898,Caucasus,42.261111111111,44.121111111111,region,land,Warsaw,52.23,21.0111111111111,city,city," Пушкин - - правды первый лепет ,# Первый проблеск старины . . .# Пушкин - - это эхо славы# От Кавказа до Варшавы ,# От Невы до всех морей , - -# Это - - сеятель пустынный ,# Друг свободы , неповинный",ru-34824
ru,poets-314,Q80344,Q22647,с надоблачных вершин Олимпа сходим В Троянские,Vostokov A.H.,1781,1864,Mount Olympus,40.06,22.35,mountain,mountain,Troy,39.9575,26.238888888889,ancient city,ancient city," Там песни Муз пленяют ухо ;# Богиня младости льет в чаши сладкий нектар ,# И милый Ганимед разносит !# Но мы с надоблачных вершин Олимпа сходим# В Троянские поля ,# Где рать Ахейская одержит град Приамов ,# Где Ксанфос трупы мчит , где Гектор и Ахилл# Свирепствуют . Оттоль с премудрым Одиссеем",ru-36013
ru,poets-151,Q85416,Q152348,из Кубры в Кастальский,Hvostov D.I.,1757,1835,Kubra,53.1224,48.4551,river,river,Castalian Spring,38.4830555556,22.5055555556,default,spring," Чтобы . . . но кто сочтет неисчислимость уз ?# Кто может угодить разборчивости муз ?# Я первый волю их нередко нарушаю ,# И воду из Кубры в Кастальский ток мешаю :# То изломаю ямб , то рифму зацеплю ,# То ровно пополам стиха не разделю , .# То , за отборными гоняяся словами ,",ru-36330
ru,poets-120,Q645,Q14294,От Невы до Тага,Grammatin N.F.,1786,1827,Neva,59.9447,30.3094,river,river,Tagus River,38.8525,-9.0137,river,river," Жить в веках позднейших# Будет твой спаситель :# Гроб есть дверь к бессмертью .# От Невы до Тага# И от гор Рифейских ,# Вечным льдом покрытых ,# До Атланта древня ,",ru-35864
ru,sluc-651,Q7355,Q5089,С Желтой реки до священных лесов светлоструйного Ганга,Sluchevskij K.K.,1837,1904,Yellow River,36.1241944444444,116.097666666667,river,river,Ganges,30.1451,78.5974,river,river," Голос из книги - - не то , что живой , вызывающий голос .# Я бы хотел , взявши в руки свой посох , спокойно пуститься# Тем же путем , по которому шло человечество в жизни .# С Желтой реки до священных лесов светлоструйного Ганга ,# С жарких пустынь , где в конических надписях камни пестреют ,# Шел бы я рядом развалин столиц азиатских народов ;# Снес свой поклон пирамидам и гордо-задумчивым сфинксам .",ru-31246
ru,1830-239,Q1471,Q34497,"с берегов ли шумной Сены , Иль на гранит Святой Елены",Podolinskij A.I.,1806,1886,Seine,49.434722222222,0.1175,river,river,Saint Helena,-15.95,-5.7166666666667,island,island," И что ж ? . . Приемля дар свободы ,# Еще со страхом ждут народы ,# Откуда вновь она блеснет :# Не с берегов ли шумной Сены ,# Иль на гранит Святой Елены# Опять к любимцу низойдет ?# Не там ! . . Любви народной сила# Ее полет остановила ,",ru-30723
ru,1830-393,Q72303,Q1288,С товаром тащится литвин От Арарата до Карпата,Kukolnik N.V.,1809,1868,Mount Ararat,39.70186,44.29842,mountain,mountain,Carpathian Mountains,47,25.5,mountain,mountain," Полмира - - мера русской славы !# И , будто дома , рыжий финн# Могилу роет Митридата ,# С товаром тащится литвин# От Арарата до Карпата ,# С Амура в Калиш наш солдат",ru-31025
ru,1830-393,Q72303,Q1288,От Арарата до Карпата,Kukolnik N.V.,1809,1868,Mount Ararat,39.70186,44.29842,mountain,mountain,Carpathian Mountains,47,25.5,mountain,mountain," И , будто дома , рыжий финн# Могилу роет Митридата ,# С товаром тащится литвин# От Арарата до Карпата ,# С Амура в Калиш наш солдат",ru-31025
ru,1830-393,Q6862,Q52842,"От Арарата до Карпата , С Амура в Калиш",Kukolnik N.V.,1809,1868,Amur River,53.3333,121.4814,river,river,Kalisz,51.757,18.083,city,city," И , будто дома , рыжий финн# Могилу роет Митридата ,# С товаром тащится литвин# От Арарата до Карпата ,# С Амура в Калиш наш солдат",ru-31025
ru,bene-097,Q2288,Q5484,"Из Тверской земли широко , Волгу в Каспий",Benediktov V.G.,1807,1873,Tver,56.857827777778,35.921927777778,city,city,Caspian Sea,42,50.5,lake,lake," Мост Рифея золотой ,# Как слезу любви из ока ,# Как холодный пот с чела ,# Из Тверской земли широко ,# Волгу в Каспий пролила !# Без усилий в полобхвата# У нее заключено# Все , что господом дано",ru-44683
ru,pavl-008,Q1935566,Q33959,из Сокольников я в Ниццу,Pavlova K.K.,1807,1893,Sokolniki District,55.79472222,37.67638889,city part,city part,Nice,43.701944444444,7.2683333333333,city,city," При шуме русского дождя .# Покинув скромную столицу# Для полугородских полей ,# Шлю из Сокольников я в Ниццу# Дань благодарности моей - -# Слова сердечного ответа# В родной , далекой стороне ,",ru-32005
ru,odoe-025-1,Q2235,Q159261,"из родного Новагорода , Выходит на Московский",Odoevskij A.I.,1802,1839,Veliky Novgorod,58.52099,31.27579,city,city,Moskovsky,55.59911,37.35495,city,city," Выходит из родного Новагорода ,# Выходит на Московский путь .# В толпе идет неведомая женщина ,# Горюет , очи ясные заплаканы ,# А слово каждое - - любовь .",ru-33191
ru,dmit-345,Q548,Q645,От Вислы до Невы,Dmitriev I.I.,1760,1837,Vistula,54.3641,18.9522,river,river,Neva,59.9447,30.3094,river,river," Для них повсюду мир ; нет ни войны , ни грани , - -# От Вислы до Невы чрез гордый Апеннин",ru-28511
ru,pole-087,Q132947,Q656,"из песка , Которых около Валдая , Раз десять в Питер",Polezhaev A. I.,1804,1838,Valday,57.966666666667,33.25,city,city,Saint Petersburg,59.95,30.316666666667,city,city," Потом , направивши слегка# Полет и взору и надежде ,# Я б показал сему невежде# Крутые горы из песка ,# Которых около Валдая ,# Раз десять в Питер проезжая ,# Заметить , верно , он не мог .# А что за вид ! Какой песок !# Куда ваш славный воробьевский ! . .",ru-33009
ru,pole-087,Q179751,Q10555398,С брегов Аракса до Кубани,Polezhaev A. I.,1804,1838,Aras River,40.0184,48.4535,river,river,Kuban,45.3333333333333,39,region,region," Глава Востока - - Истамбул ,# Но , сокрушив кумир огромный# И льва тавризского связав ,# С брегов Аракса до Кубани# Могущий росс , питомец брани ,# Лишил злодеев тщетных прав .# Закоренелые невежды ,",ru-33009
ru,pole-091,Q156557,Q103703,от Куры на Аргун,Polezhaev A. I.,1804,1838,Kura River,39.2864,49.4278,river,river,Argun,43.3,45.866666666667,city,city," Везде разносят истребленье# Неотразимые полки !# Там егерь , старый бич Кавказа ,# Притек от Куры на Аргун# Метать свой гибельный перун ;# А там - - летучая зараза - -# Неумолимый карабах",ru-33073
ru,mina-102,Q645,Q10555398,От Невы и до Кубани,Minaev D.D.,1835,1889,Neva,59.9447,30.3094,river,river,Kuban,45.3333333333333,39,region,region," В доме месяц не один .# А в причудливом романе# Топят деньгами камин .# От Невы и до Кубани# Идиотов жалок век ,# «Идиот» же в том романе",ru-33824
ru,maik-324,Q545,Q34575,от Балтики и до Эгейских вод,Majkov A.N.,1821,1897,Baltic Sea,58,20,sea,sea,Aegean Sea,38.5,25.3,sea,sea," И каждый град ее свою здесь церковь ставил .# И высилась Москва ! И Чингисханов род ,# Кончаясь , Азию в наследье ей оставил ,# А там от Балтики и до Эгейских вод# Славяне подняли с надеждою к ней очи ,# И со священного Афона глас пророчий ,# Призвав святую Русь для доблестной борьбы ,",ru-35270
ru,maik-153,Q72425,Q72672,От Пуццоло до Сорренто,Majkov A.N.,1821,1897,Pozzuoli,40.823055555556,14.122222222222,city,city,Sorrento,40.627777777778,14.373611111111,city,city," Ночью будят нас давно ,# И колеблющейся лентой# По прозрачным небесам# От Пуццоло до Сорренто# Дым стоит и здесь , и там . . .# Всё , что дышит , - - гибель чует# И , бояся опоздать ,",ru-35016
ru,maik-332,Q182445,Q993,от Прута до Камчатки,Majkov A.N.,1821,1897,Prut,45.4688,28.2072,river,river,Kamchatka Peninsula,57,160,region,land," Каких-то к нам из-за границы школ .# Введись - ка план и все его порядки ,# Он , уверяют , чудо б произвел !# Вся б наша Русь , от Прута до Камчатки ,# Однообразием пленяя взгляд ,# Вся б обратилась в чудный детский сад !# Прекрасная и смелая попытка",ru-35493
ru,maik-332,Q133274,Q515809,С высот Кремля и до высот Тайгета,Majkov A.N.,1821,1897,Moscow Kremlin,55.7516666666667,37.6177777777778,city part,city part,Taygetus,37.1,22.3,mountain,mountain," Лишь там поймешь ты этот океан . ..»# Его слова затронули поэта ,# Он подхватил : «И только б раздалось# С высот Кремля и до высот Тайгета# Одно словцо - - и разрешен хаос !# Словцо - - Восточный император . ..» Это# Я потому привел , что весь вопрос",ru-35493
ru,surik-151,Q161994,Q156747,С Ромен до Полтавы,Surikov I.Z.,1841,1880,Romny,50.742812790184,33.487908121222,city,city,Poltava,49.5894444444444,34.5513888888889,city,city, С Ромен до Полтавы ;# И поехал той дорогой# Казачина бравый .# Расковался на дороге,ru-32736
ru,zhuk-493,Q993,Q1653,От Камчатки до Дуная,Zhukovskij V.A.,1783,1852,Kamchatka Peninsula,57,160,region,land,Danube,48.0951111111111,8.15488888888889,river,river," На Босфоре Русский флаг .# Величайся ж , Русь святая ;# Славься , доблестный народ ,# От Камчатки до Дуная# Наше все и все поет :# Многи лета , многи лета ,",ru-39787
ru,zhuk-492,Q18869,Q5971,От Кавказа до Алтая,Zhukovskij V.A.,1783,1852,Caucasus,42.261111111111,44.121111111111,region,land,Altai Republic,50.916666666667,86.916666666667,region,region," Имя царское гремит .# Ей повсюду отвечая ,# Мчится Русское ура - -# От Кавказа до Алтая ,# От Амура до Днепра .# С ней во дни Петровы шведу# Русский путь загородил ,",ru-40444
ru,zhuk-492,Q6862,Q40855,"От Кавказа до Алтая , От Амура до Днепра",Zhukovskij V.A.,1783,1852,Amur River,53.3333,121.4814,river,river,Dnieper,46.4964,32.2872,river,river," Имя царское гремит .# Ей повсюду отвечая ,# Мчится Русское ура - -# От Кавказа до Алтая ,# От Амура до Днепра .# С ней во дни Петровы шведу# Русский путь загородил ,# И за Нарвскую победу",ru-40444
ru,pu3-403,Q4462985,Q2214,От < Тригорского > на < Псков,Pushkin A.S.,1799,1837,Trigorskoe,57.0569,28.8672,village,village,Pskov,57.816666666667,28.333333333333,city,city,,ru-38927
ru,pu3-247,Q160173,Q35997,От Рущука до старой Смирны,Pushkin A.S.,1799,1837,Ruse,43.844532,25.953907,city,city,İzmir,38.41273,27.13838,city,city," Пришел гонимый янычар - -# Тогда нас буря долу гнула ,# И пал неслыханный удар .# От Рущука до старой Смирны ,# От Трапезунда до Тульчи ,# Скликая псов на праздник жирный ,# Толпой ходили палачи ;",ru-38401
ru,pu3-247,Q45301,Q11585,"От Рущука до старой Смирны , От Трапезунда до Тульчи",Pushkin A.S.,1799,1837,Trabzon,41.005,39.7225,default,default,Tulcea,45.1775,28.8036111111111,city,city," Пришел гонимый янычар - -# Тогда нас буря долу гнула ,# И пал неслыханный удар .# От Рущука до старой Смирны ,# От Трапезунда до Тульчи ,# Скликая псов на праздник жирный ,# Толпой ходили палачи ;# Треща в объятиях пожаров ,",ru-38401
ru,pu3-269,Q915,Q7835,от Перми до Тавриды,Pushkin A.S.,1799,1837,Perm,58.013888888889,56.248888888889,city,city,Crimea,45,34,region,land," Иль русского царя уже бессильно слово ?# Иль нам с Европой спорить ново ?# Иль русской от побед отвык ?# Иль мало нас ? Или от Перми до Тавриды ,# От финских хладных скал до пламенной Колхиды ,# От потрясенного Кремля# До стен недвижного Китая ,",ru-38723
ru,pu3-251,Q1286,Q38,с Альпов он взирает На дно Италии,Pushkin A.S.,1799,1837,Alps,46.5780555555556,8.615,mountain,mountain,Italy,42.5,12.5,country,country," Исчезнувший , как тень зари .# Когда ж твой ум он поражает# Своею чудною звездой ?# Тогда ль , как с Альпов он взирает# На дно Италии святой ;# Тогда ли , как хватает знамя# Иль жезл диктаторский ; тогда ль ,# Как водит и кругом и вдаль",ru-39063
ru,pu-coll-24,Q1287599,Q645,От Неглинной до Невы,Vielgorskij M.Ju.,1788,1856,Neglinnaya,55.74972222,37.62638889,city part,city part,Neva,59.9447,30.3094,river,river," За прекрасную новинку# Славить будет глас молвы# Нашего Орфея Глинку# От Неглинной до Невы .# В честь толь славныя новинки# Грянь , труба и барабан ,# Выпьем за здоровье Глинки",ru-39166
ru,pu2-310,Q13712,Q548,От Тибровых валов до Вислы,Pushkin A.S.,1799,1837,Tiber,41.740555555556,12.233333333333,river,river,Vistula,54.3641,18.9522,river,river," И миру тихую неволю в дар несли , - -# И делу своему Владыка сам дивился .# Се благо , думал он , и взор его носился# От Тибровых валов до Вислы и Невы ,# От сарско -сельских лип до башен Гибралтара :# Всё молча ждет удара ,# Всё пало - - под ярем склонились все главы .",ru-39141
ru,1860-124,Q205711,Q1899,От Соловок до Киева,Krestovskij V.V.,1840,1895,Solovetsky Islands,65.024444,35.710556,island,archipelago,Kyiv,50.45,30.523611111111,city,city," Что дорог ли широкатных , поисхоженных :# По иным гоняют царских слуг - - солдатушек ,# По иным бредет убогий богомольный люд ,# От Соловок до Киева , по угодничкам ,# Что по третьим ли дорожкам шлют красен товар# Все купцы , да молодцы , да володимирцы .# Широки ль уж те дорожки да укатисты ,",ru-43776
ru,vsolov-043,Q79,Q161750,от Египта до Памира,Solovev V.S.,1853,1900,Egypt,27,29,country,country,Pamir Mountains,39.0019444444444,71.99975,mountain,mountain," Был слышен мусикийский гром ;# Жрецы послушно гимны пели ,# Склонясь пред новым алтарем .# И от Египта до Памира# На зов сошлись князья земли ,# И рукотворного Кумира# Владыкой Жизни нарекли .",ru-32126
ru,yaz-280,Q1653,Q156237,"с войной кровавой На Дунай , на Буг",Jazykov N.M.,1803,1846,Danube,48.0951111111111,8.15488888888889,river,river,Western Bug,52.5067,21.0844,river,river," Блеск и топот возносил .# Жизни бурно - величавой# Полюбил ты шум и труд :# Ты ходил с войной кровавой# На Дунай , на Буг и Прут ;# Но тогда лишь собиралась# Прямо русская война ;# Многогромная скоплялась",ru-41698
sl,sl_179,Q14294,Q34589,Od Taga pa do Evfrata,"Aškerc, Anton",1856,1912,Tagus River,38.8525,-9.0137,river,river,Euphrates,31.0043,47.442,river,river," Do mrzlih host germanskih in dobrav ,# Od Taga pa do Evfrata in Nila –# Tod orel rimski razprostira krila .# Vse naše – vse ! … Andetrium samo ,# Vrh skale gnezdo sokolovo to –",sl-179
sl,sl_197,Q188736,Q14383,Od bistre Bosne do Savine,"Aškerc, Anton",1856,1912,Bosnia,44.16,17.78,region,historic region,Sava,44.831666666667,20.449722222222,river,river," tovariše nas svoje drage .# Za nami borb je slavnih sled ,# pred nami trese ves se svet .# Od bistre Bosne do Savine# poznajo džavri nas Turčine .# In tukaj , paša , si obstal !# To vas napasti si se zbal ? !",sl-197
sl,sl_239,Q5776,Q170516,Od Betlehema je trpljenja pot do Golgate,"Aškerc, Anton",1856,1912,Bethlehem,31.704444444444,35.206111111111,city,city,Calvary,31.778611111111,35.229444444444,ancient site,ancient site," zaplakal prvič si v pastirski koči ;# in v zlato zibel položila ni# te mati tvoja revna v hladni noči .# Od Betlehema je trpljenja pot# do Golgate se vila tvoja kruta ,# uboštva , borbe , mučeništva pot# z bodečim trnjem , kamenjem posuta .# Bil siromak si žive svoje dni !",sl-239
sl,sl_720,Q546,Q53133,Od Trsta do Tržiča,"Bole, Marcela",1914,2006,Trieste,45.6502777777778,13.7702777777778,city,city,Monfalcone,45.8,13.533333333333,city,city," dober pršut in teran se na Krasu dobi .# Dalje se pelješ do Jadrana ,# tam Slovencev cesta je končana .# Od Trsta do Tržiča so bile slovenske vasi ,# danes med njimi tudi italijanska stoji .# Slovenec , cele pogače v roki ni še držal ,",sl-720
sl,sl_721,Q1024,Q13924,od Triglava do Jadrana,"Bole, Marcela",1914,2006,Triglav,46.378333,13.836667,mountain,mountain,Adriatic Sea,42.775833,15.426111,sea,sea," kot so naši sosedje Avstrijci in Italijani .# Slovenci korajžno vsi prijeti za delo ,# da se bo v Sloveniji še dobro živelo .# Po Sloveniji od Triglava do Jadrana ,",sl-721
sl,sl_741,Q546,Q53245,od Trsta do Čedada,"Bole, Marcela",1914,2006,Trieste,45.6502777777778,13.7702777777778,city,city,Cividale del Friuli,46.0905,13.435,city,city," želimo Vam srečno pri vsakem poletu .# Pot Vas bo peljala tudi v druge kraje ,# povsod , kjer zibljejo slovenske mame .# Po Sloveniji od Trsta do Čedada ,# tudi tam so Slovenci sredi gaja .# Na križpotju so se mnogi odcepili ,# a zavedni Slovenci so se še dobili .",sl-741
sl,sl_827,Q287590,Q1579722,iz Launcestona do Sv. Helene,"Bole, Marcela",1914,2006,Launceston,50.635,-4.354,city,city,St Helens,-41.32186,148.24991,city,city," ko streljanje začne , lepa igra je ta .# Vse to nam pokaže , kako je bilo ,# ko Evropejci so zasedii to lepo zemljo .# Ko pelješ se iz Launcestona do Sv. Helene ,# vidiš hišice kot v Avstriji , vse okrašene .# Cerkvica obdana z vodo stoji na ravnini ,# podobna je Bledu v naši domovini .",sl-827
sl,sl_1624,Q2256594,Q1699950,od Nabrežine daleč do Sesljana,"Gruden, Igo",1893,1948,Aurisina,45.750375,13.67458611,city part,city part,Sistiana,45.77237,13.63824,city,city," zveni iz kamna , poje trepetaje . . .# prisluhnil sem – o , kriknil bi najraje# od Nabrežine daleč do Sesljana .# Bolj od skržakov suha in ožgana# telesa so , kar v soncu se jih maje :# sto rok se krči , dviga na vse kraje ,",sl-1623
sl,sl_1628,Q807970,Q1699950,od Barkovlj do Sesljana,"Gruden, Igo",1893,1948,Barcola,45.67944444,13.75444444,city part,city part,Sistiana,45.77237,13.63824,city,city," „ Pomagaj nam , Marija iz Brbana ! “# ko ribič vse preklel je , k nji mu plove# pogled in vzdih , da reši jih pod krove# domačih hiš od Barkovlj do Sesljana .# Neurje jenja ; morje se poleže ;# ne najde ribič svesle ne krmila ,# na jambor spleza , da vrvi poveže .",sl-1627
sl,sl_1652,Q202760,Q1288,od Soče do Karpatov,"Gruden, Igo",1893,1948,Soča,45.724722222222,13.556111111111,river,river,Carpathian Mountains,47,25.5,mountain,mountain," in sanje , nad vse izza mladosti .# A slišiš glas zvona , ki v dalji gine# in kroži , išče , toži v hrepenenju# od Soče do Karpatov , Dnjestra , Drine ?# O drug moj , brat v bridkosti in trpljenju ,# poglej v zenit , še više preko njega –",sl-1651
sl,sl_1676,Q171009,Q202760,Od Drave sive do poskočne Soče,"Hribar, Anton",1864,1953,Drava,45.543888888889,18.926666666667,river,river,Soča,45.724722222222,13.556111111111,river,river," Odmevajo veselo v slednji vasi .# Želim , da pesmi te do zadnje koče# Dospo , kjer sini so slovenske zemlje ,# Od Drave sive do poskočne Soče ,# Do skrajne meje , ki naš dom objemne :# Triglavska naj odmeva jih planina ,# Gorice ljubke , ki dajo nam vina .",sl-1675
sl,sl_2226,Q4165497,Q8011202,od Jesenic do Trbovelj,"Destovnik, Karel",1922,1944,Jesenice,46.436572222222,14.060172222222,city,city,Trbovlje,46.15,15.05,city,city," Matjaži so tisti ,# ki mro kakor ribe v izsušeni strugi ,# to so vsi naši sodrugi# od Jesenic do Trbovelj# in od Slovenskih goric do Borovelj .# Naš kralj , naš bradati Matjaž# pa le spi in bo spal .",sl-2225
sl,sl_2226,Q281217,Q610514,od Slovenskih goric do Borovelj,"Destovnik, Karel",1922,1944,Slovene Hills,46.583333333333,15.916666666667,hill,hills,Ferlach,46.526944444444,14.301944444444,city,city," ki mro kakor ribe v izsušeni strugi ,# to so vsi naši sodrugi# od Jesenic do Trbovelj# in od Slovenskih goric do Borovelj .# Naš kralj , naš bradati Matjaž# pa le spi in bo spal .# Toda naš človek ,",sl-2225
sl,sl_4622,Q53216,Q1024,Od Ogleja do Triglava,"Prelesnik, Matija",1872,1905,Aquileia,45.766666666667,13.366666666667,ancient city,ancient city,Triglav,46.378333,13.836667,mountain,mountain," Po krajeh si naših hodil# In v nebesa ljudstva vodil ,# Naj glasi se tebi slava# Od Ogleja do Triglava ,# Tebi in pa Fortunatu ,# V razširjanji vere bratu !# Kar sta vidva vse storila ,",sl-4621
sl,sl_4788,Q171009,Q202760,od Drave tvoja je do Soče,"Stritar, Josip",1836,1923,Drava,45.543888888889,18.926666666667,river,river,Soča,45.724722222222,13.556111111111,river,river," Se strehe vrabec nam na tla ne pade ,# Brez tebe , v zbor nihče se ne prikrade ;# Vse vidiš ti , nič nij ti nemogoče .# Oblast od Drave tvoja je do Soče ,# V te stavijo Slovenci svoje nade ,# Ti milosti deliš jim , ti „ nagrade “ ,# Do tebe vsak pošilja prošnje vroče .",sl-4787
sl,sl_4806,Q437,Q2354591,iz Ljubljane pot do Šiške,"Stritar, Josip",1836,1923,Ljubljana,46.0513888888889,14.5061111111111,city,city,Šiška,46.0747,14.4728,city part,city part," Posvetna so peresa in pobožna !# Premogel nij težave še slovniške ,# Napoti mož že peš se k Hipokreni ,# Popiše iz Ljubljane pot do Šiške .# Ta „ Servus - Petelinčka “ posloveni ,# „ Dopis “ v predale pošlje ta Noviške :",sl-4805
sl,sl_5091,Q554908,Q554011,od dutovelj do tomaja,"Šalamun, Tomaž",1941,2014,Dutovlje,45.755875,13.832425,village,village,Tomaj,45.755833,13.856667,village,village," rErrne mehanike , tub in delaš s petico# o silni let pobarvanih ljudi# deikov s cirilico , rezervnih stopnic# od dutovelj do tomaja je votla lina# relik grozd pručk , steklo nemirnih ljudi# frak in anglija , mostar in kasiopeie ""# sl "" ne nosnice rodu , vzhaja dim -",sl-5090
sl,sl_5218,Q437,Q12958961,Od Ljubljane do Kočevja,"Šinkovec, Črtomir",1914,1983,Ljubljana,46.0513888888889,14.5061111111111,city,city,Kočevje,45.642961111111,14.859383333333,city,city,"Od Ljubljane do Kočevja# zdaj jesen je , čas deževja ,# od Črnomlja do Gorice# so oblakov perutnice",sl-5217
sl,sl_5218,Q15861,Q948280,od Črnomlja do Gorice,"Šinkovec, Črtomir",1914,1983,Črnomelj,45.57111,15.18889,city,city,Gorica,46.702206,16.1482,village,village," zdaj jesen je , čas deževja ,# od Črnomlja do Gorice# so oblakov perutnice# čez in čez nebo razpete .# Dež pa lije kot iz rete ,",sl-5217
sl,sl_5218,Q1382,Q1754407,od Pirana do Predila,"Šinkovec, Črtomir",1914,1983,Piran,45.527107649,13.568531066,city,city,Predil Pass,46.41849,13.57818,mountain,mountain pass, da ne more zlata zora# preko mesta Maribora ;# zarja se v meglo je skrila# od Pirana do Predila# in ves sivi dan brez konca# ne posije žarek sonca .# Mi pa s to deževno smolo,sl-5217
sl,sl_5224,Q15901,Q2418986,od Postojne do Šempasa,"Šinkovec, Črtomir",1914,1983,Postojna,45.77435,14.21528,city,city,Šempas,45.928333,13.743056,city,city," burja mlade zdaj ima ,# puha , piha , divje pleše# in pometa kar se da :# od Postojne do Šempasa# motovili preko streh ,# od Planine preko Krasa# stiska gromozanski meh .",sl-5223
sl,sl_5352,Q85,Q1587685,Od Kaire do Hartuma,"Umek, Anton",1838,1871,Cairo,30.0444444444444,31.2358333333333,city,city,Hartum,52.313888888889,8.8202777777778,city,city," Sveti zgodnja se danica ,# Svitla , krasna zlata zvezda ,# Zgodnja zvezda poznih časov .# Od Kaire do Hartuma# Glas razširja se ob Nilu :# „ V svitli barki iz železja# Pride Soliman Abuna ,",sl-5351
